technique,technique_label,image,label,confidence_score,best_gt_iou,matched_gt_index,reason,roi_id,seed_roi_id,source_roi_ids,x,y,width,height
nms,NMS,0003_0663715782_02_WRI-R2_M011.png,FP,0.6509614134081052,0.06515132329260467,0,no_gt_match_or_lower_confidence_on_same_gt,NMS1,1,1,322.0,496.0,91.0,90.0
nms,NMS,0003_0663715782_02_WRI-R2_M011.png,TP,0.5811052627494527,0.6651482308570348,0,matched_gt_highest_confidence,NMS2,12,12,319.0,576.0,66.0,90.0
nms,NMS,0003_0663715782_02_WRI-R2_M011.png,FP,0.40835314822681523,0.0,,no_gt_match_or_lower_confidence_on_same_gt,NMS3,13,13,138.0,825.0,39.0,90.0
nms,NMS,0003_0663715782_02_WRI-R2_M011.png,FP,0.22874392862748594,0.0,,no_gt_match_or_lower_confidence_on_same_gt,NMS4,8,8,177.0,476.0,51.0,90.0
nms,NMS,0003_0663715782_02_WRI-R2_M011.png,FP,0.20889453682462072,0.0,,no_gt_match_or_lower_confidence_on_same_gt,NMS5,14,"14,7",155.0,602.0,55.0,90.0
nms,NMS,0003_0663715782_02_WRI-R2_M011.png,FP,0.17525728527303122,0.0,,no_gt_match_or_lower_confidence_on_same_gt,NMS6,15,15,336.0,430.0,91.0,90.0
nms,NMS,0003_0663715782_02_WRI-R2_M011.png,FP,0.08763786247856699,0.0,,no_gt_match_or_lower_confidence_on_same_gt,NMS7,2,2,299.0,826.0,101.0,90.0
nms,NMS,0003_0663715782_02_WRI-R2_M011.png,FP,0.06442561448994577,0.0,,no_gt_match_or_lower_confidence_on_same_gt,NMS8,9,9,178.0,446.0,74.0,90.0
nms,NMS,0003_0663715782_02_WRI-R2_M011.png,FP,0.04813909883434654,0.0,,no_gt_match_or_lower_confidence_on_same_gt,NMS9,10,10,146.0,727.0,67.0,90.0
nms,NMS,0003_0663715782_02_WRI-R2_M011.png,FP,0.04201334677772189,0.0,,no_gt_match_or_lower_confidence_on_same_gt,NMS10,11,11,332.0,293.0,91.0,90.0
nms,NMS,0003_0663715782_02_WRI-R2_M011.png,FP,0.03231752147881146,0.09361861013776786,0,no_gt_match_or_lower_confidence_on_same_gt,NMS11,5,5,307.0,636.0,79.0,90.0
nms,NMS,0003_0663715782_02_WRI-R2_M011.png,FP,0.020327398801848435,0.0,,no_gt_match_or_lower_confidence_on_same_gt,NMS12,4,4,284.0,376.0,124.0,90.0
nms,NMS,0003_0663715782_02_WRI-R2_M011.png,FP,0.01965483149880566,0.0,,no_gt_match_or_lower_confidence_on_same_gt,NMS13,3,3,184.0,398.0,181.0,126.0
nms,NMS,0003_0663715782_02_WRI-R2_M011.png,FP,0.012910153530857189,0.0,,no_gt_match_or_lower_confidence_on_same_gt,NMS14,6,6,145.0,756.0,51.0,90.0
nms,NMS,0005_0073601967_01_WRI-R2_F014.png,TP,0.9502473009367255,0.6081081953169282,0,matched_gt_highest_confidence,NMS1,2,"2,6",325.0,505.0,98.0,90.0
nms,NMS,0005_0073601967_01_WRI-R2_F014.png,FP,0.07908705330108666,0.0,,no_gt_match_or_lower_confidence_on_same_gt,NMS2,5,5,288.0,415.0,7.0,90.0
nms,NMS,0005_0073601967_01_WRI-R2_F014.png,FP,0.06384414310890843,0.0,,no_gt_match_or_lower_confidence_on_same_gt,NMS3,3,3,333.0,885.0,84.0,90.0
nms,NMS,0005_0073601967_01_WRI-R2_F014.png,FP,0.029652079572960496,0.0,,no_gt_match_or_lower_confidence_on_same_gt,NMS4,4,4,333.0,995.0,89.0,90.0
nms,NMS,0005_0073601967_01_WRI-R2_F014.png,FP,0.00040992155814272154,0.10113998178493934,0,no_gt_match_or_lower_confidence_on_same_gt,NMS5,1,"1,7",315.0,435.0,97.0,90.0
nms,NMS,0028_0578333865_02_WRI-R1_M008.png,TP,0.9955300174452476,0.6480845982858866,0,matched_gt_highest_confidence,NMS1,1,"1,5",203.0,359.0,94.0,90.0
nms,NMS,0028_0578333865_02_WRI-R1_M008.png,TP,0.968296609237424,0.5374264568044719,1,matched_gt_highest_confidence,NMS2,4,4,342.0,441.0,69.0,90.0
nms,NMS,0028_0578333865_02_WRI-R1_M008.png,FP,0.22128246324460193,0.0,,no_gt_match_or_lower_confidence_on_same_gt,NMS3,3,3,375.0,335.0,53.0,90.0
nms,NMS,0028_0578333865_02_WRI-R1_M008.png,FP,0.01249112535706504,0.0,,no_gt_match_or_lower_confidence_on_same_gt,NMS4,2,2,197.0,874.0,74.0,90.0
nms,NMS,0030_0853281744_01_WRI-L2_F008.png,TP,0.9831023872887994,0.6589602102912308,0,matched_gt_highest_confidence,NMS1,1,"1,5",189.0,225.0,91.0,90.0
nms,NMS,0030_0853281744_01_WRI-L2_F008.png,FP,0.1757773104124855,0.0,,no_gt_match_or_lower_confidence_on_same_gt,NMS2,4,4,204.0,445.0,53.0,90.0
nms,NMS,0030_0853281744_01_WRI-L2_F008.png,FP,0.02587428172298691,0.0,,no_gt_match_or_lower_confidence_on_same_gt,NMS3,3,3,203.0,535.0,53.0,90.0
nms,NMS,0030_0853281744_01_WRI-L2_F008.png,FP,0.007503725090807504,0.0,,no_gt_match_or_lower_confidence_on_same_gt,NMS4,2,2,200.0,325.0,64.0,90.0
nms,NMS,0038_0774132724_01_WRI-L2_M014.png,FP,0.6456154648754164,0.0,,no_gt_match_or_lower_confidence_on_same_gt,NMS1,7,"7,4",195.0,750.0,91.0,90.0
nms,NMS,0038_0774132724_01_WRI-L2_M014.png,FP,0.5,0.0,,no_gt_match_or_lower_confidence_on_same_gt,NMS2,3,3,190.0,485.0,82.0,90.0
nms,NMS,0038_0774132724_01_WRI-L2_M014.png,FP,0.44468979393649866,0.0,,no_gt_match_or_lower_confidence_on_same_gt,NMS3,2,2,191.0,605.0,82.0,90.0
nms,NMS,0038_0774132724_01_WRI-L2_M014.png,FP,0.4384421971555055,0.0,,no_gt_match_or_lower_confidence_on_same_gt,NMS4,8,8,198.0,695.0,83.0,90.0
nms,NMS,0038_0774132724_01_WRI-L2_M014.png,TP,0.43686529722390854,0.5008094747243039,0,matched_gt_highest_confidence,NMS5,6,"6,1,5",166.0,354.0,91.0,90.0
nms,NMS,0063_0566100866_02_WRI-R2_F011.png,TP,0.8190666438057924,0.5080154700911031,0,matched_gt_highest_confidence,NMS1,7,7,249.0,443.0,91.0,90.0
nms,NMS,0063_0566100866_02_WRI-R2_F011.png,FP,0.5954699331317936,0.13027415540520326,0,no_gt_match_or_lower_confidence_on_same_gt,NMS2,3,3,243.0,495.0,95.0,90.0
nms,NMS,0063_0566100866_02_WRI-R2_F011.png,FP,0.16155801646886,0.0,,no_gt_match_or_lower_confidence_on_same_gt,NMS3,1,1,250.0,585.0,89.0,90.0
nms,NMS,0063_0566100866_02_WRI-R2_F011.png,FP,0.05654391412247757,0.21301757753594258,0,no_gt_match_or_lower_confidence_on_same_gt,NMS4,2,2,248.0,375.0,112.0,90.0
nms,NMS,0063_0566100866_02_WRI-R2_F011.png,FP,0.04213841130199343,0.0,,no_gt_match_or_lower_confidence_on_same_gt,NMS5,5,5,257.0,287.0,88.0,90.0
nms,NMS,0063_0566100866_02_WRI-R2_F011.png,FP,0.04061359578995627,0.0,,no_gt_match_or_lower_confidence_on_same_gt,NMS6,4,4,253.0,675.0,89.0,90.0
nms,NMS,0063_0566100866_02_WRI-R2_F011.png,FP,0.0010852949780109787,0.0,,no_gt_match_or_lower_confidence_on_same_gt,NMS7,6,6,276.0,325.0,91.0,90.0
nms,NMS,0066_1261433167_01_WRI-L2_M011.PNG,FP,0.6042162380443575,0.0,,no_gt_match_or_lower_confidence_on_same_gt,NMS1,6,6,300.0,741.0,141.0,98.0
nms,NMS,0066_1261433167_01_WRI-L2_M011.PNG,FP,0.5322481038251083,0.0,,no_gt_match_or_lower_confidence_on_same_gt,NMS2,12,12,174.0,282.0,91.0,90.0
nms,NMS,0066_1261433167_01_WRI-L2_M011.PNG,FP,0.5059991807111046,0.11355357767948807,0,no_gt_match_or_lower_confidence_on_same_gt,NMS3,13,13,123.0,559.0,91.0,90.0
nms,NMS,0066_1261433167_01_WRI-L2_M011.PNG,TP,0.4722750212669511,0.6511411632049715,0,matched_gt_highest_confidence,NMS4,2,2,131.0,497.0,150.0,106.0
nms,NMS,0066_1261433167_01_WRI-L2_M011.PNG,FP,0.2811532312212509,0.0,,no_gt_match_or_lower_confidence_on_same_gt,NMS5,10,10,333.0,769.0,91.0,90.0
nms,NMS,0066_1261433167_01_WRI-L2_M011.PNG,FP,0.2696438648399669,0.0806754709806159,0,no_gt_match_or_lower_confidence_on_same_gt,NMS6,5,5,174.0,392.0,167.0,116.0
nms,NMS,0066_1261433167_01_WRI-L2_M011.PNG,FP,0.26684220997802804,0.0,,no_gt_match_or_lower_confidence_on_same_gt,NMS7,8,8,320.0,325.0,156.0,110.0
nms,NMS,0066_1261433167_01_WRI-L2_M011.PNG,FP,0.04041684104362789,0.0,,no_gt_match_or_lower_confidence_on_same_gt,NMS8,1,1,124.0,625.0,127.0,90.0
nms,NMS,0066_1261433167_01_WRI-L2_M011.PNG,FP,0.025023171206082516,0.11292485613549702,0,no_gt_match_or_lower_confidence_on_same_gt,NMS9,7,7,160.0,557.0,181.0,126.0
nms,NMS,0066_1261433167_01_WRI-L2_M011.PNG,FP,0.023744012244885312,0.0,,no_gt_match_or_lower_confidence_on_same_gt,NMS10,11,11,357.0,665.0,91.0,90.0
nms,NMS,0066_1261433167_01_WRI-L2_M011.PNG,FP,0.023424463365573803,0.0,,no_gt_match_or_lower_confidence_on_same_gt,NMS11,4,4,190.0,297.0,181.0,126.0
nms,NMS,0066_1261433167_01_WRI-L2_M011.PNG,FP,0.004599628041102459,0.0,,no_gt_match_or_lower_confidence_on_same_gt,NMS12,3,3,116.0,795.0,95.0,90.0
nms,NMS,0066_1261433167_01_WRI-L2_M011.PNG,FP,0.0019480611756555553,0.15151392710341274,0,no_gt_match_or_lower_confidence_on_same_gt,NMS13,9,9,166.0,433.0,91.0,90.0
nms,NMS,0066_1263156785_04_WRI-L1_M011.png,TP,0.5950316728551651,0.5765640178043586,0,matched_gt_highest_confidence,NMS1,5,"5,16",359.0,555.0,123.0,90.0
nms,NMS,0066_1263156785_04_WRI-L1_M011.png,FP,0.22292393463625157,0.0,,no_gt_match_or_lower_confidence_on_same_gt,NMS2,7,7,449.0,305.0,122.0,90.0
nms,NMS,0066_1263156785_04_WRI-L1_M011.png,FP,0.18093915836776805,0.24902696363446522,0,no_gt_match_or_lower_confidence_on_same_gt,NMS3,1,1,259.0,587.0,181.0,126.0
nms,NMS,0066_1263156785_04_WRI-L1_M011.png,FP,0.08662490713964816,0.0,,no_gt_match_or_lower_confidence_on_same_gt,NMS4,4,4,233.0,382.0,167.0,116.0
nms,NMS,0066_1263156785_04_WRI-L1_M011.png,FP,0.07066143218972357,0.0,,no_gt_match_or_lower_confidence_on_same_gt,NMS5,14,14,251.0,333.0,15.0,90.0
nms,NMS,0066_1263156785_04_WRI-L1_M011.png,FP,0.06224348762936471,0.0,,no_gt_match_or_lower_confidence_on_same_gt,NMS6,3,3,259.0,698.0,178.0,124.0
nms,NMS,0066_1263156785_04_WRI-L1_M011.png,FP,0.05716755889767946,0.0,,no_gt_match_or_lower_confidence_on_same_gt,NMS7,10,10,405.0,345.0,91.0,90.0
nms,NMS,0066_1263156785_04_WRI-L1_M011.png,FP,0.04694536114506403,0.0,,no_gt_match_or_lower_confidence_on_same_gt,NMS8,15,"15,9",213.0,536.0,91.0,90.0
nms,NMS,0066_1263156785_04_WRI-L1_M011.png,FP,0.03631136653486397,0.0,,no_gt_match_or_lower_confidence_on_same_gt,NMS9,17,17,256.0,439.0,91.0,90.0
nms,NMS,0066_1263156785_04_WRI-L1_M011.png,FP,0.031074339169052192,0.0,,no_gt_match_or_lower_confidence_on_same_gt,NMS10,12,12,394.0,446.0,91.0,90.0
nms,NMS,0066_1263156785_04_WRI-L1_M011.png,FP,0.029233279379889895,0.0,,no_gt_match_or_lower_confidence_on_same_gt,NMS11,2,2,359.0,297.0,181.0,126.0
nms,NMS,0066_1263156785_04_WRI-L1_M011.png,FP,0.02084035543548816,0.22358687287871576,0,no_gt_match_or_lower_confidence_on_same_gt,NMS12,13,13,321.0,519.0,91.0,90.0
nms,NMS,0066_1263156785_04_WRI-L1_M011.png,FP,0.01852023665184364,0.04219973785847558,0,no_gt_match_or_lower_confidence_on_same_gt,NMS13,8,8,195.0,610.0,165.0,180.0
nms,NMS,0066_1263156785_04_WRI-L1_M011.png,FP,0.0077057059833647145,0.12384239728685541,0,no_gt_match_or_lower_confidence_on_same_gt,NMS14,6,6,306.0,459.0,174.0,122.0
nms,NMS,0066_1263156785_04_WRI-L1_M011.png,FP,0.0008453520450291142,0.0,,no_gt_match_or_lower_confidence_on_same_gt,NMS15,11,11,450.0,253.0,91.0,90.0
nms,NMS,0071_0678614107_01_WRI-R1_F009.png,FP,0.9782561475573165,0.0,,no_gt_match_or_lower_confidence_on_same_gt,NMS1,2,2,250.0,450.0,154.0,108.0
nms,NMS,0071_0678614107_01_WRI-R1_F009.png,TP,0.49203554416994233,0.5610363415674094,0,matched_gt_highest_confidence,NMS2,13,13,251.0,621.0,91.0,90.0
nms,NMS,0071_0678614107_01_WRI-R1_F009.png,FP,0.2486078568832534,0.0,,no_gt_match_or_lower_confidence_on_same_gt,NMS3,7,7,360.0,319.0,113.0,90.0
nms,NMS,0071_0678614107_01_WRI-R1_F009.png,FP,0.24788923914072897,0.22768948470566092,0,no_gt_match_or_lower_confidence_on_same_gt,NMS4,6,6,247.0,557.0,164.0,114.0
nms,NMS,0071_0678614107_01_WRI-R1_F009.png,FP,0.1421042442264333,0.0,,no_gt_match_or_lower_confidence_on_same_gt,NMS5,3,3,260.0,301.0,181.0,126.0
nms,NMS,0071_0678614107_01_WRI-R1_F009.png,FP,0.14135732515582944,0.0,,no_gt_match_or_lower_confidence_on_same_gt,NMS6,11,11,217.0,319.0,91.0,90.0
nms,NMS,0071_0678614107_01_WRI-R1_F009.png,FP,0.1020442595712995,0.0,,no_gt_match_or_lower_confidence_on_same_gt,NMS7,8,8,336.0,269.0,91.0,90.0
nms,NMS,0071_0678614107_01_WRI-R1_F009.png,FP,0.08855704574458069,0.0,,no_gt_match_or_lower_confidence_on_same_gt,NMS8,10,10,235.0,461.0,91.0,90.0
nms,NMS,0071_0678614107_01_WRI-R1_F009.png,FP,0.07381619130576789,0.0,,no_gt_match_or_lower_confidence_on_same_gt,NMS9,9,9,481.0,432.0,9.0,90.0
nms,NMS,0071_0678614107_01_WRI-R1_F009.png,FP,0.05889516014246055,0.0,,no_gt_match_or_lower_confidence_on_same_gt,NMS10,4,4,340.0,500.0,155.0,108.0
nms,NMS,0071_0678614107_01_WRI-R1_F009.png,FP,0.05787797489304167,0.0,,no_gt_match_or_lower_confidence_on_same_gt,NMS11,12,12,110.0,275.0,13.0,90.0
nms,NMS,0071_0678614107_01_WRI-R1_F009.png,FP,0.05539107479162001,0.0,,no_gt_match_or_lower_confidence_on_same_gt,NMS12,1,1,141.0,285.0,170.0,118.0
nms,NMS,0071_0678614107_01_WRI-R1_F009.png,FP,0.004814164098825894,0.0,,no_gt_match_or_lower_confidence_on_same_gt,NMS13,5,5,420.0,739.0,97.0,90.0
nms,NMS,0074_0778270509_01_WRI-L2_F010.PNG,TP,0.5515414878605961,0.5284652378222069,0,matched_gt_highest_confidence,NMS1,2,2,121.0,383.0,133.0,94.0
nms,NMS,0074_0778270509_01_WRI-L2_F010.PNG,FP,0.10024726104466336,0.0,,no_gt_match_or_lower_confidence_on_same_gt,NMS2,4,4,133.0,485.0,118.0,90.0
nms,NMS,0074_0778270509_01_WRI-L2_F010.PNG,FP,0.09238656538535761,0.0,,no_gt_match_or_lower_confidence_on_same_gt,NMS3,5,5,123.0,715.0,116.0,90.0
nms,NMS,0074_0778270509_01_WRI-L2_F010.PNG,FP,0.067826393320041,0.0,,no_gt_match_or_lower_confidence_on_same_gt,NMS4,3,3,122.0,595.0,120.0,90.0
nms,NMS,0074_0778270509_01_WRI-L2_F010.PNG,FP,0.0020443604634873,0.16167110530188414,0,no_gt_match_or_lower_confidence_on_same_gt,NMS5,6,6,145.0,318.0,91.0,90.0
nms,NMS,0074_0778270509_01_WRI-L2_F010.PNG,FP,0.0010093202189058164,0.2342320729791774,0,no_gt_match_or_lower_confidence_on_same_gt,NMS6,7,7,193.0,334.0,91.0,90.0
nms,NMS,0074_0778270509_01_WRI-L2_F010.PNG,FP,0.0007305100519292013,0.08468967823005467,0,no_gt_match_or_lower_confidence_on_same_gt,NMS7,1,1,122.0,295.0,115.0,90.0
nms,NMS,0125_0729674162_02_WRI-L2_M013.png,FP,0.9776514997020693,0.0,,no_gt_match_or_lower_confidence_on_same_gt,NMS1,6,"6,11",349.0,305.0,123.0,90.0
nms,NMS,0125_0729674162_02_WRI-L2_M013.png,FP,0.9260114584678129,0.0,,no_gt_match_or_lower_confidence_on_same_gt,NMS2,12,12,274.0,571.0,91.0,90.0
nms,NMS,0125_0729674162_02_WRI-L2_M013.png,FP,0.9060696672945785,0.0,,no_gt_match_or_lower_confidence_on_same_gt,NMS3,4,4,278.0,555.0,124.0,90.0
nms,NMS,0125_0729674162_02_WRI-L2_M013.png,TP,0.7964480601505926,0.5492002137691029,0,matched_gt_highest_confidence,NMS4,2,2,299.0,675.0,112.0,90.0
nms,NMS,0125_0729674162_02_WRI-L2_M013.png,FP,0.7230207029196757,0.0,,no_gt_match_or_lower_confidence_on_same_gt,NMS5,7,7,286.0,348.0,93.0,90.0
nms,NMS,0125_0729674162_02_WRI-L2_M013.png,FP,0.180589286483463,0.0,,no_gt_match_or_lower_confidence_on_same_gt,NMS6,1,1,286.0,320.0,144.0,100.0
nms,NMS,0125_0729674162_02_WRI-L2_M013.png,FP,0.1498519117866027,0.0,,no_gt_match_or_lower_confidence_on_same_gt,NMS7,8,8,256.0,436.0,91.0,90.0
nms,NMS,0125_0729674162_02_WRI-L2_M013.png,FP,0.10971388527309467,0.0,,no_gt_match_or_lower_confidence_on_same_gt,NMS8,9,9,285.0,305.0,91.0,90.0
nms,NMS,0125_0729674162_02_WRI-L2_M013.png,FP,0.05976603212137381,0.13869528078287222,0,no_gt_match_or_lower_confidence_on_same_gt,NMS9,5,5,307.0,775.0,93.0,90.0
nms,NMS,0125_0729674162_02_WRI-L2_M013.png,FP,0.058831198775491894,0.0,,no_gt_match_or_lower_confidence_on_same_gt,NMS10,3,3,256.0,449.0,146.0,102.0
nms,NMS,0125_0729674162_02_WRI-L2_M013.png,FP,0.012426134141044683,0.0,,no_gt_match_or_lower_confidence_on_same_gt,NMS11,10,10,313.0,445.0,91.0,90.0
nms,NMS,0126_0816183836_01_WRI-L2_F008.png,TP,0.6125299661213487,0.6724486594275628,0,matched_gt_highest_confidence,NMS1,1,1,184.0,395.0,111.0,90.0
nms,NMS,0126_0816183836_01_WRI-L2_F008.png,FP,0.46511230973512735,0.0,,no_gt_match_or_lower_confidence_on_same_gt,NMS2,3,3,213.0,295.0,94.0,90.0
nms,NMS,0126_0816183836_01_WRI-L2_F008.png,FP,0.077718179084462,0.11047406112180144,0,no_gt_match_or_lower_confidence_on_same_gt,NMS3,6,6,201.0,339.0,91.0,90.0
nms,NMS,0126_0816183836_01_WRI-L2_F008.png,FP,0.07078714908149915,0.0,,no_gt_match_or_lower_confidence_on_same_gt,NMS4,5,5,223.0,230.0,91.0,90.0
nms,NMS,0126_0816183836_01_WRI-L2_F008.png,FP,0.045435307012791665,0.0,,no_gt_match_or_lower_confidence_on_same_gt,NMS5,7,7,336.0,258.0,13.0,90.0
nms,NMS,0126_0816183836_01_WRI-L2_F008.png,FP,0.02686684003919566,0.0,,no_gt_match_or_lower_confidence_on_same_gt,NMS6,4,4,188.0,685.0,64.0,90.0
nms,NMS,0126_0816183836_01_WRI-L2_F008.png,FP,0.01828378350781679,0.0,,no_gt_match_or_lower_confidence_on_same_gt,NMS7,2,2,197.0,515.0,69.0,90.0
nms,NMS,0133_0281744417_01_WRI-R2_M014.png,IGNORE,0.5904036293900911,0.3259515034713181,0,overlap_ge_ignore_iou_with_found_gt,NMS1,12,12,243.0,545.0,115.0,90.0
nms,NMS,0133_0281744417_01_WRI-R2_M014.png,FP,0.464126156811972,0.1525729032147169,0,no_gt_match_or_lower_confidence_on_same_gt,NMS2,4,4,266.0,516.0,153.0,108.0
nms,NMS,0133_0281744417_01_WRI-R2_M014.png,FP,0.3781904158907546,0.0,,no_gt_match_or_lower_confidence_on_same_gt,NMS3,5,5,213.0,310.0,172.0,120.0
nms,NMS,0133_0281744417_01_WRI-R2_M014.png,FP,0.1596209173429195,0.0,,no_gt_match_or_lower_confidence_on_same_gt,NMS4,1,1,314.0,308.0,148.0,104.0
nms,NMS,0133_0281744417_01_WRI-R2_M014.png,TP,0.09494733133773217,0.5206604258665256,0,matched_gt_highest_confidence,NMS5,6,6,249.0,625.0,105.0,90.0
nms,NMS,0133_0281744417_01_WRI-R2_M014.png,FP,0.0657039661118603,0.0,,no_gt_match_or_lower_confidence_on_same_gt,NMS6,10,10,257.0,378.0,8.0,90.0
nms,NMS,0133_0281744417_01_WRI-R2_M014.png,FP,0.04777480735447651,0.038339047325087416,0,no_gt_match_or_lower_confidence_on_same_gt,NMS7,9,9,334.0,675.0,15.0,90.0
nms,NMS,0133_0281744417_01_WRI-R2_M014.png,FP,0.03511672456936513,0.0,,no_gt_match_or_lower_confidence_on_same_gt,NMS8,3,"3,11",254.0,427.0,151.0,106.0
nms,NMS,0133_0281744417_01_WRI-R2_M014.png,FP,0.03299863376951493,0.0,,no_gt_match_or_lower_confidence_on_same_gt,NMS9,14,14,209.0,271.0,91.0,90.0
nms,NMS,0133_0281744417_01_WRI-R2_M014.png,FP,0.029298704184210836,0.0,,no_gt_match_or_lower_confidence_on_same_gt,NMS10,15,15,477.0,545.0,22.0,90.0
nms,NMS,0133_0281744417_01_WRI-R2_M014.png,FP,0.0229861637369597,0.0,,no_gt_match_or_lower_confidence_on_same_gt,NMS11,8,8,472.0,515.0,25.0,90.0
nms,NMS,0133_0281744417_01_WRI-R2_M014.png,FP,0.022701404168945023,0.0,,no_gt_match_or_lower_confidence_on_same_gt,NMS12,7,7,221.0,775.0,124.0,90.0
nms,NMS,0133_0281744417_01_WRI-R2_M014.png,FP,0.01200930569842107,0.0,,no_gt_match_or_lower_confidence_on_same_gt,NMS13,13,13,458.0,704.0,39.0,90.0
nms,NMS,0133_0281744417_01_WRI-R2_M014.png,FP,0.001900578371500718,0.0,,no_gt_match_or_lower_confidence_on_same_gt,NMS14,2,2,324.0,427.0,151.0,106.0
nms,NMS,0177_0391004130_04_WRI-R2_M007.PNG,TP,0.9321365837823586,0.8506182117468305,0,matched_gt_highest_confidence,NMS1,1,1,171.0,405.0,100.0,90.0
nms,NMS,0177_0391004130_04_WRI-R2_M007.PNG,FP,0.8269534115788973,0.0,,no_gt_match_or_lower_confidence_on_same_gt,NMS2,4,4,249.0,138.0,91.0,90.0
nms,NMS,0177_0391004130_04_WRI-R2_M007.PNG,IGNORE,0.5351902132480229,0.49543737670354554,0,overlap_ge_ignore_iou_with_found_gt,NMS3,5,5,173.0,374.0,91.0,90.0
nms,NMS,0177_0391004130_04_WRI-R2_M007.PNG,FP,0.16121501521850973,0.0,,no_gt_match_or_lower_confidence_on_same_gt,NMS4,3,3,176.0,185.0,91.0,90.0
nms,NMS,0177_0391004130_04_WRI-R2_M007.PNG,FP,0.007089943179467531,0.0,,no_gt_match_or_lower_confidence_on_same_gt,NMS5,2,2,196.0,288.0,85.0,90.0
nms,NMS,0184_0953131511_01_WRI-R2_M017.png,TP,0.9691891806209665,0.7288947620074264,0,matched_gt_highest_confidence,NMS1,2,"2,6",230.0,515.0,115.0,90.0
nms,NMS,0184_0953131511_01_WRI-R2_M017.png,FP,0.3574996670394544,0.0,,no_gt_match_or_lower_confidence_on_same_gt,NMS2,4,4,271.0,853.0,70.0,90.0
nms,NMS,0184_0953131511_01_WRI-R2_M017.png,FP,0.21960284374815892,0.10248872782349112,0,no_gt_match_or_lower_confidence_on_same_gt,NMS3,7,7,212.0,461.0,91.0,90.0
nms,NMS,0184_0953131511_01_WRI-R2_M017.png,FP,0.02452984057265121,0.0,,no_gt_match_or_lower_confidence_on_same_gt,NMS4,5,5,208.0,346.0,92.0,90.0
nms,NMS,0184_0953131511_01_WRI-R2_M017.png,FP,0.00834976554878145,0.0,,no_gt_match_or_lower_confidence_on_same_gt,NMS5,1,"1,3",223.0,405.0,80.0,90.0
nms,NMS,0201_0583807806_04_WRI-L2_M011.png,FP,0.8156391512932515,0.0,,no_gt_match_or_lower_confidence_on_same_gt,NMS1,1,1,114.0,325.0,112.0,90.0
nms,NMS,0201_0583807806_04_WRI-L2_M011.png,TP,0.6749577737992951,0.7173319207908014,0,matched_gt_highest_confidence,NMS2,2,2,108.0,449.0,145.0,102.0
nms,NMS,0201_0583807806_04_WRI-L2_M011.png,FP,0.6625458489903674,0.2484497794728554,0,no_gt_match_or_lower_confidence_on_same_gt,NMS3,10,10,149.0,489.0,91.0,90.0
nms,NMS,0201_0583807806_04_WRI-L2_M011.png,FP,0.16945580729816576,0.0,,no_gt_match_or_lower_confidence_on_same_gt,NMS4,11,11,143.0,250.0,91.0,90.0
nms,NMS,0201_0583807806_04_WRI-L2_M011.png,FP,0.06257499965248721,0.010795058959113849,0,no_gt_match_or_lower_confidence_on_same_gt,NMS5,8,8,253.0,385.0,5.0,90.0
nms,NMS,0201_0583807806_04_WRI-L2_M011.png,FP,0.04332592761166764,0.0,,no_gt_match_or_lower_confidence_on_same_gt,NMS6,4,4,160.0,585.0,83.0,90.0
nms,NMS,0201_0583807806_04_WRI-L2_M011.png,FP,0.03254893299022592,0.0,,no_gt_match_or_lower_confidence_on_same_gt,NMS7,6,"6,5",191.0,692.0,91.0,90.0
nms,NMS,0201_0583807806_04_WRI-L2_M011.png,FP,0.019476546392734943,0.0,,no_gt_match_or_lower_confidence_on_same_gt,NMS8,3,"3,9",171.0,275.0,106.0,90.0
nms,NMS,0201_0583807806_04_WRI-L2_M011.png,FP,0.017356259273848106,0.08948023361776405,0,no_gt_match_or_lower_confidence_on_same_gt,NMS9,7,7,131.0,366.0,91.0,90.0
nms,NMS,0203_1114068044_01_WRI-L1_M011.png,FP,0.7967103823382858,0.0,,no_gt_match_or_lower_confidence_on_same_gt,NMS1,6,6,209.0,560.0,106.0,90.0
nms,NMS,0203_1114068044_01_WRI-L1_M011.png,FP,0.7912676844057447,0.0,,no_gt_match_or_lower_confidence_on_same_gt,NMS2,24,24,197.0,603.0,91.0,90.0
nms,NMS,0203_1114068044_01_WRI-L1_M011.png,FP,0.7770810063249849,0.0,,no_gt_match_or_lower_confidence_on_same_gt,NMS3,10,10,208.0,670.0,78.0,90.0
nms,NMS,0203_1114068044_01_WRI-L1_M011.png,FP,0.6994819931372038,0.0,,no_gt_match_or_lower_confidence_on_same_gt,NMS4,17,17,108.0,340.0,27.0,90.0
nms,NMS,0203_1114068044_01_WRI-L1_M011.png,TP,0.6800808819733436,0.7062641090757046,0,matched_gt_highest_confidence,NMS5,3,3,349.0,616.0,141.0,98.0
nms,NMS,0203_1114068044_01_WRI-L1_M011.png,FP,0.558673504059106,0.0,,no_gt_match_or_lower_confidence_on_same_gt,NMS6,14,14,188.0,875.0,142.0,100.0
nms,NMS,0203_1114068044_01_WRI-L1_M011.png,FP,0.5073240272923923,0.006600055531343372,0,no_gt_match_or_lower_confidence_on_same_gt,NMS7,7,7,419.0,697.0,165.0,116.0
nms,NMS,0203_1114068044_01_WRI-L1_M011.png,FP,0.4715447452772652,0.0,,no_gt_match_or_lower_confidence_on_same_gt,NMS8,4,4,469.0,342.0,179.0,126.0
nms,NMS,0203_1114068044_01_WRI-L1_M011.png,FP,0.3952389795019676,0.0,,no_gt_match_or_lower_confidence_on_same_gt,NMS9,8,8,332.0,743.0,148.0,104.0
nms,NMS,0203_1114068044_01_WRI-L1_M011.png,FP,0.18457721981720066,0.0,,no_gt_match_or_lower_confidence_on_same_gt,NMS10,9,"9,21",199.0,790.0,121.0,90.0
nms,NMS,0203_1114068044_01_WRI-L1_M011.png,FP,0.15597066550393177,0.0,,no_gt_match_or_lower_confidence_on_same_gt,NMS11,29,29,104.0,305.0,33.0,90.0
nms,NMS,0203_1114068044_01_WRI-L1_M011.png,FP,0.08803091991011822,0.19293229413029905,0,no_gt_match_or_lower_confidence_on_same_gt,NMS12,2,2,409.0,572.0,181.0,126.0
nms,NMS,0203_1114068044_01_WRI-L1_M011.png,FP,0.07608134148747647,0.0,,no_gt_match_or_lower_confidence_on_same_gt,NMS13,25,25,298.0,665.0,7.0,90.0
nms,NMS,0203_1114068044_01_WRI-L1_M011.png,FP,0.07510663938371148,0.0,,no_gt_match_or_lower_confidence_on_same_gt,NMS14,18,18,369.0,325.0,1.0,90.0
nms,NMS,0203_1114068044_01_WRI-L1_M011.png,FP,0.06936006724158948,0.0,,no_gt_match_or_lower_confidence_on_same_gt,NMS15,20,20,151.0,901.0,12.0,90.0
nms,NMS,0203_1114068044_01_WRI-L1_M011.png,FP,0.0643072999483967,0.0,,no_gt_match_or_lower_confidence_on_same_gt,NMS16,19,19,199.0,391.0,19.0,90.0
nms,NMS,0203_1114068044_01_WRI-L1_M011.png,FP,0.060734155410734826,0.0,,no_gt_match_or_lower_confidence_on_same_gt,NMS17,1,1,372.0,496.0,168.0,118.0
nms,NMS,0203_1114068044_01_WRI-L1_M011.png,FP,0.06051478783379729,0.0,,no_gt_match_or_lower_confidence_on_same_gt,NMS18,5,5,192.0,370.0,109.0,90.0
nms,NMS,0203_1114068044_01_WRI-L1_M011.png,FP,0.030619431396502486,0.0,,no_gt_match_or_lower_confidence_on_same_gt,NMS19,13,13,269.0,852.0,181.0,126.0
nms,NMS,0203_1114068044_01_WRI-L1_M011.png,FP,0.022722041786729975,0.0,,no_gt_match_or_lower_confidence_on_same_gt,NMS20,26,26,222.0,494.0,87.0,90.0
nms,NMS,0203_1114068044_01_WRI-L1_M011.png,FP,0.02026367383025201,0.0,,no_gt_match_or_lower_confidence_on_same_gt,NMS21,11,11,399.0,868.0,163.0,114.0
nms,NMS,0203_1114068044_01_WRI-L1_M011.png,FP,0.010936584494649846,0.0,,no_gt_match_or_lower_confidence_on_same_gt,NMS22,15,15,265.0,460.0,29.0,90.0
nms,NMS,0203_1114068044_01_WRI-L1_M011.png,FP,0.01043679888926856,0.0,,no_gt_match_or_lower_confidence_on_same_gt,NMS23,22,22,476.0,376.0,91.0,90.0
nms,NMS,0203_1114068044_01_WRI-L1_M011.png,FP,0.01008283581546029,0.0,,no_gt_match_or_lower_confidence_on_same_gt,NMS24,27,27,113.0,745.0,34.0,90.0
nms,NMS,0203_1114068044_01_WRI-L1_M011.png,FP,0.004580649980946576,0.0,,no_gt_match_or_lower_confidence_on_same_gt,NMS25,16,16,105.0,890.0,32.0,90.0
nms,NMS,0203_1114068044_01_WRI-L1_M011.png,FP,0.0029730908973169454,0.0,,no_gt_match_or_lower_confidence_on_same_gt,NMS26,12,12,447.0,350.0,103.0,90.0
nms,NMS,0203_1114068044_01_WRI-L1_M011.png,FP,0.002463690181486507,0.0,,no_gt_match_or_lower_confidence_on_same_gt,NMS27,28,28,466.0,891.0,91.0,90.0
nms,NMS,0203_1114068044_01_WRI-L1_M011.png,FP,0.0012747064281560764,0.0,,no_gt_match_or_lower_confidence_on_same_gt,NMS28,23,23,353.0,501.0,91.0,90.0
nms,NMS,0239_0828414004_02_WRI-L2_M009.PNG,FP,0.8402038282358882,0.037833020840792576,0,no_gt_match_or_lower_confidence_on_same_gt,NMS1,3,3,226.0,545.0,124.0,90.0
nms,NMS,0239_0828414004_02_WRI-L2_M009.PNG,TP,0.6472497747353565,0.5451145988005586,0,matched_gt_highest_confidence,NMS2,9,9,242.0,597.0,88.0,90.0
nms,NMS,0239_0828414004_02_WRI-L2_M009.PNG,FP,0.43723747407913904,0.0,,no_gt_match_or_lower_confidence_on_same_gt,NMS3,7,7,303.0,314.0,161.0,112.0
nms,NMS,0239_0828414004_02_WRI-L2_M009.PNG,FP,0.14612858919503746,0.0,,no_gt_match_or_lower_confidence_on_same_gt,NMS4,1,1,239.0,346.0,155.0,108.0
nms,NMS,0239_0828414004_02_WRI-L2_M009.PNG,FP,0.09888290091429773,0.0,,no_gt_match_or_lower_confidence_on_same_gt,NMS5,11,11,251.0,356.0,91.0,90.0
nms,NMS,0239_0828414004_02_WRI-L2_M009.PNG,FP,0.09181365914817281,0.11319830086867431,0,no_gt_match_or_lower_confidence_on_same_gt,NMS6,4,4,223.0,665.0,99.0,90.0
nms,NMS,0239_0828414004_02_WRI-L2_M009.PNG,FP,0.048468663749664645,0.0,,no_gt_match_or_lower_confidence_on_same_gt,NMS7,8,8,368.0,422.0,11.0,90.0
nms,NMS,0239_0828414004_02_WRI-L2_M009.PNG,FP,0.04071172643510158,0.0,,no_gt_match_or_lower_confidence_on_same_gt,NMS8,6,6,212.0,865.0,89.0,90.0
nms,NMS,0239_0828414004_02_WRI-L2_M009.PNG,FP,0.024793282459825792,0.0,,no_gt_match_or_lower_confidence_on_same_gt,NMS9,5,5,218.0,775.0,92.0,90.0
nms,NMS,0239_0828414004_02_WRI-L2_M009.PNG,FP,0.01217220598808628,0.0,,no_gt_match_or_lower_confidence_on_same_gt,NMS10,12,12,365.0,334.0,91.0,90.0
nms,NMS,0239_0828414004_02_WRI-L2_M009.PNG,FP,0.011912051332315272,0.0,,no_gt_match_or_lower_confidence_on_same_gt,NMS11,2,2,261.0,445.0,87.0,90.0
nms,NMS,0239_0828414004_02_WRI-L2_M009.PNG,FP,0.003875719227451208,0.0,,no_gt_match_or_lower_confidence_on_same_gt,NMS12,10,10,253.0,483.0,91.0,90.0
nms,NMS,0240_0448883998_01_WRI-R2_F012.PNG,TP,0.8817965381099961,0.5652839914554497,0,matched_gt_highest_confidence,NMS1,3,3,246.0,475.0,98.0,90.0
nms,NMS,0240_0448883998_01_WRI-R2_F012.PNG,FP,0.36525291631769063,0.0,,no_gt_match_or_lower_confidence_on_same_gt,NMS2,1,"1,7,6",171.0,239.0,145.0,102.0
nms,NMS,0240_0448883998_01_WRI-R2_F012.PNG,FP,0.129786599023631,0.0,,no_gt_match_or_lower_confidence_on_same_gt,NMS3,4,4,265.0,625.0,64.0,90.0
nms,NMS,0240_0448883998_01_WRI-R2_F012.PNG,FP,0.06360203709762302,0.0,,no_gt_match_or_lower_confidence_on_same_gt,NMS4,5,5,341.0,601.0,9.0,90.0
nms,NMS,0240_0448883998_01_WRI-R2_F012.PNG,FP,0.017254755433764108,0.0,,no_gt_match_or_lower_confidence_on_same_gt,NMS5,8,"8,2",230.0,353.0,91.0,90.0
nms,NMS,0240_0448883998_01_WRI-R2_F012.PNG,FP,0.0021890926506971447,0.0,,no_gt_match_or_lower_confidence_on_same_gt,NMS6,9,9,256.0,366.0,91.0,90.0
nms,NMS,0241_0751818378_01_WRI-L2_M014.PNG,TP,0.9434924691775651,0.5834523954729869,0,matched_gt_highest_confidence,NMS1,3,3,140.0,350.0,171.0,120.0
nms,NMS,0241_0751818378_01_WRI-L2_M014.PNG,FP,0.13974269533567002,0.019502447843233878,0,no_gt_match_or_lower_confidence_on_same_gt,NMS2,5,5,160.0,452.0,136.0,96.0
nms,NMS,0241_0751818378_01_WRI-L2_M014.PNG,FP,0.01344653002736749,0.0,,no_gt_match_or_lower_confidence_on_same_gt,NMS3,7,7,150.0,534.0,159.0,112.0
nms,NMS,0241_0751818378_01_WRI-L2_M014.PNG,FP,0.0063505369321769445,0.0,,no_gt_match_or_lower_confidence_on_same_gt,NMS4,8,8,201.0,213.0,91.0,90.0
nms,NMS,0241_0751818378_01_WRI-L2_M014.PNG,FP,0.006086070735683054,0.237165592503549,0,no_gt_match_or_lower_confidence_on_same_gt,NMS5,1,1,150.0,249.0,174.0,122.0
nms,NMS,0241_0751818378_01_WRI-L2_M014.PNG,FP,0.005067766462115343,0.2746341573805557,0,no_gt_match_or_lower_confidence_on_same_gt,NMS6,4,4,61.0,351.0,170.0,118.0
nms,NMS,0241_0751818378_01_WRI-L2_M014.PNG,FP,0.002261183003677612,0.0,,no_gt_match_or_lower_confidence_on_same_gt,NMS7,6,6,67.0,469.0,174.0,122.0
nms,NMS,0241_0751818378_01_WRI-L2_M014.PNG,FP,0.00038920785916487887,0.11203715440863678,0,no_gt_match_or_lower_confidence_on_same_gt,NMS8,2,2,60.0,237.0,181.0,126.0
nms,NMS,0243_0176233486_01_WRI-L2_M012.png,TP,0.9834565366505023,0.6071306136441551,0,matched_gt_highest_confidence,NMS1,20,20,256.0,430.0,69.0,90.0
nms,NMS,0243_0176233486_01_WRI-L2_M012.png,FP,0.36864873601830894,0.2143804946213886,0,no_gt_match_or_lower_confidence_on_same_gt,NMS2,2,2,223.0,385.0,94.0,90.0
nms,NMS,0243_0176233486_01_WRI-L2_M012.png,FP,0.2979523409484959,0.0,,no_gt_match_or_lower_confidence_on_same_gt,NMS3,14,14,234.0,323.0,123.0,90.0
nms,NMS,0243_0176233486_01_WRI-L2_M012.png,FP,0.13819689725579523,0.0,,no_gt_match_or_lower_confidence_on_same_gt,NMS4,6,6,256.0,535.0,79.0,90.0
nms,NMS,0243_0176233486_01_WRI-L2_M012.png,FP,0.07319021557498173,0.0,,no_gt_match_or_lower_confidence_on_same_gt,NMS5,15,15,400.0,823.0,8.0,90.0
nms,NMS,0243_0176233486_01_WRI-L2_M012.png,FP,0.06958166575322194,0.0,,no_gt_match_or_lower_confidence_on_same_gt,NMS6,12,12,197.0,936.0,13.0,90.0
nms,NMS,0243_0176233486_01_WRI-L2_M012.png,FP,0.06351755366930056,0.0,,no_gt_match_or_lower_confidence_on_same_gt,NMS7,13,13,425.0,923.0,8.0,90.0
nms,NMS,0243_0176233486_01_WRI-L2_M012.png,FP,0.0597626529411281,0.0,,no_gt_match_or_lower_confidence_on_same_gt,NMS8,18,18,226.0,835.0,14.0,90.0
nms,NMS,0243_0176233486_01_WRI-L2_M012.png,FP,0.03350653284580624,0.0,,no_gt_match_or_lower_confidence_on_same_gt,NMS9,10,10,425.0,955.0,13.0,90.0
nms,NMS,0243_0176233486_01_WRI-L2_M012.png,FP,0.03203526189693797,0.0,,no_gt_match_or_lower_confidence_on_same_gt,NMS10,5,5,117.0,365.0,59.0,90.0
nms,NMS,0243_0176233486_01_WRI-L2_M012.png,FP,0.026198068013577235,0.0,,no_gt_match_or_lower_confidence_on_same_gt,NMS11,3,3,253.0,635.0,93.0,90.0
nms,NMS,0243_0176233486_01_WRI-L2_M012.png,FP,0.018175064865896054,0.0,,no_gt_match_or_lower_confidence_on_same_gt,NMS12,11,11,132.0,815.0,26.0,90.0
nms,NMS,0243_0176233486_01_WRI-L2_M012.png,FP,0.013047826408351375,0.0,,no_gt_match_or_lower_confidence_on_same_gt,NMS13,16,16,115.0,406.0,34.0,90.0
nms,NMS,0243_0176233486_01_WRI-L2_M012.png,FP,0.011249269615845409,0.0,,no_gt_match_or_lower_confidence_on_same_gt,NMS14,4,4,250.0,735.0,109.0,90.0
nms,NMS,0243_0176233486_01_WRI-L2_M012.png,FP,0.006433006835866242,0.0,,no_gt_match_or_lower_confidence_on_same_gt,NMS15,8,"8,19",119.0,545.0,54.0,90.0
nms,NMS,0243_0176233486_01_WRI-L2_M012.png,FP,0.0021053355868796563,0.0,,no_gt_match_or_lower_confidence_on_same_gt,NMS16,9,9,138.0,915.0,46.0,90.0
nms,NMS,0243_0176233486_01_WRI-L2_M012.png,FP,0.0009178665348893041,0.0,,no_gt_match_or_lower_confidence_on_same_gt,NMS17,1,1,221.0,912.0,138.0,96.0
nms,NMS,0243_0176233486_01_WRI-L2_M012.png,FP,0.0008533063057054529,0.0,,no_gt_match_or_lower_confidence_on_same_gt,NMS18,17,17,129.0,735.0,54.0,90.0
nms,NMS,0243_0176233486_01_WRI-L2_M012.png,FP,0.000662831290933207,0.0,,no_gt_match_or_lower_confidence_on_same_gt,NMS19,7,7,129.0,685.0,53.0,90.0
nms,NMS,0288_1220813964_01_WRI-L2_F008.png,TP,0.9498912947114544,0.6715260487926652,0,matched_gt_highest_confidence,NMS1,3,3,243.0,595.0,100.0,90.0
nms,NMS,0288_1220813964_01_WRI-L2_F008.png,FP,0.9061639279667832,0.08147528918307013,0,no_gt_match_or_lower_confidence_on_same_gt,NMS2,1,1,238.0,495.0,158.0,110.0
nms,NMS,0288_1220813964_01_WRI-L2_F008.png,FP,0.7132145759527607,0.0,,no_gt_match_or_lower_confidence_on_same_gt,NMS3,4,4,265.0,283.0,163.0,114.0
nms,NMS,0288_1220813964_01_WRI-L2_F008.png,FP,0.22254359225651435,0.0,,no_gt_match_or_lower_confidence_on_same_gt,NMS4,9,9,237.0,393.0,91.0,90.0
nms,NMS,0288_1220813964_01_WRI-L2_F008.png,FP,0.18454517505278323,0.0,,no_gt_match_or_lower_confidence_on_same_gt,NMS5,12,12,85.0,622.0,23.0,90.0
nms,NMS,0288_1220813964_01_WRI-L2_F008.png,FP,0.10203062352881913,0.0,,no_gt_match_or_lower_confidence_on_same_gt,NMS6,6,6,335.0,215.0,106.0,90.0
nms,NMS,0288_1220813964_01_WRI-L2_F008.png,FP,0.05957938485956586,0.0,,no_gt_match_or_lower_confidence_on_same_gt,NMS7,7,7,391.0,549.0,12.0,90.0
nms,NMS,0288_1220813964_01_WRI-L2_F008.png,FP,0.058862328012397276,0.0,,no_gt_match_or_lower_confidence_on_same_gt,NMS8,10,10,310.0,377.0,91.0,90.0
nms,NMS,0288_1220813964_01_WRI-L2_F008.png,FP,0.049103443856637015,0.0,,no_gt_match_or_lower_confidence_on_same_gt,NMS9,11,11,114.0,473.0,20.0,90.0
nms,NMS,0288_1220813964_01_WRI-L2_F008.png,FP,0.02723093690824351,0.0,,no_gt_match_or_lower_confidence_on_same_gt,NMS10,2,2,236.0,397.0,150.0,106.0
nms,NMS,0288_1220813964_01_WRI-L2_F008.png,FP,0.014522314291018232,0.0,,no_gt_match_or_lower_confidence_on_same_gt,NMS11,8,8,128.0,290.0,22.0,90.0
nms,NMS,0288_1220813964_01_WRI-L2_F008.png,FP,0.009149345214546899,0.0,,no_gt_match_or_lower_confidence_on_same_gt,NMS12,5,5,305.0,495.0,103.0,90.0
nms,NMS,0313_0949893580_07_WRI-R2_F015.png,TP,0.9867591396464074,0.5976990571774112,0,matched_gt_highest_confidence,NMS1,2,"2,7",292.0,478.0,149.0,104.0
nms,NMS,0313_0949893580_07_WRI-R2_F015.png,FP,0.13304110398863522,0.03315719840475765,0,no_gt_match_or_lower_confidence_on_same_gt,NMS2,3,3,286.0,615.0,117.0,90.0
nms,NMS,0313_0949893580_07_WRI-R2_F015.png,FP,0.10603249460234959,0.0,,no_gt_match_or_lower_confidence_on_same_gt,NMS3,4,4,279.0,705.0,113.0,90.0
nms,NMS,0313_0949893580_07_WRI-R2_F015.png,FP,0.06729557015327521,0.0,,no_gt_match_or_lower_confidence_on_same_gt,NMS4,1,1,312.0,374.0,131.0,92.0
nms,NMS,0313_0949893580_07_WRI-R2_F015.png,FP,0.061955938145907455,0.0,,no_gt_match_or_lower_confidence_on_same_gt,NMS5,5,5,264.0,835.0,115.0,90.0
nms,NMS,0313_0949893580_07_WRI-R2_F015.png,FP,0.04981202687265445,0.0,,no_gt_match_or_lower_confidence_on_same_gt,NMS6,6,6,248.0,381.0,9.0,90.0
nms,NMS,0321_1214605337_02_WRI-L2_M012.PNG,TP,0.9858664635607994,0.6101047232793829,0,matched_gt_highest_confidence,NMS1,2,"2,13",201.0,502.0,136.0,96.0
nms,NMS,0321_1214605337_02_WRI-L2_M012.PNG,FP,0.3516214908164691,0.0,,no_gt_match_or_lower_confidence_on_same_gt,NMS2,4,"4,9",268.0,295.0,103.0,90.0
nms,NMS,0321_1214605337_02_WRI-L2_M012.PNG,FP,0.20027381909148181,0.0,,no_gt_match_or_lower_confidence_on_same_gt,NMS3,14,14,197.0,299.0,91.0,90.0
nms,NMS,0321_1214605337_02_WRI-L2_M012.PNG,FP,0.16295684408287206,0.0,,no_gt_match_or_lower_confidence_on_same_gt,NMS4,12,12,46.0,561.0,19.0,90.0
nms,NMS,0321_1214605337_02_WRI-L2_M012.PNG,FP,0.14300539701346296,0.0,,no_gt_match_or_lower_confidence_on_same_gt,NMS5,3,3,208.0,685.0,71.0,90.0
nms,NMS,0321_1214605337_02_WRI-L2_M012.PNG,FP,0.09567090705808778,0.2429921630089149,0,no_gt_match_or_lower_confidence_on_same_gt,NMS6,10,10,247.0,479.0,91.0,90.0
nms,NMS,0321_1214605337_02_WRI-L2_M012.PNG,FP,0.09299686427535941,0.0,,no_gt_match_or_lower_confidence_on_same_gt,NMS7,1,1,222.0,341.0,141.0,98.0
nms,NMS,0321_1214605337_02_WRI-L2_M012.PNG,FP,0.0626575873257197,0.0,,no_gt_match_or_lower_confidence_on_same_gt,NMS8,5,5,76.0,315.0,16.0,90.0
nms,NMS,0321_1214605337_02_WRI-L2_M012.PNG,FP,0.040752098370993445,0.0,,no_gt_match_or_lower_confidence_on_same_gt,NMS9,7,7,43.0,769.0,9.0,90.0
nms,NMS,0321_1214605337_02_WRI-L2_M012.PNG,FP,0.03900131749340559,0.0,,no_gt_match_or_lower_confidence_on_same_gt,NMS10,6,6,200.0,805.0,65.0,90.0
nms,NMS,0321_1214605337_02_WRI-L2_M012.PNG,FP,0.038904995739388895,0.0,,no_gt_match_or_lower_confidence_on_same_gt,NMS11,8,8,263.0,405.0,49.0,90.0
nms,NMS,0321_1214605337_02_WRI-L2_M012.PNG,FP,0.025269649440180345,0.0,,no_gt_match_or_lower_confidence_on_same_gt,NMS12,11,11,74.0,281.0,19.0,90.0
nms,NMS,0397_0512488068_01_WRI-L2_F008.PNG,TP,0.670577750911956,0.5076198313312449,0,matched_gt_highest_confidence,NMS1,2,2,217.0,335.0,112.0,90.0
nms,NMS,0397_0512488068_01_WRI-L2_F008.PNG,FP,0.04766386782469483,0.2533359762897893,0,no_gt_match_or_lower_confidence_on_same_gt,NMS2,5,5,243.0,271.0,91.0,90.0
nms,NMS,0397_0512488068_01_WRI-L2_F008.PNG,FP,0.029032693595151194,0.5904850970886486,0,no_gt_match_or_lower_confidence_on_same_gt,NMS3,4,4,201.0,315.0,91.0,90.0
nms,NMS,0397_0512488068_01_WRI-L2_F008.PNG,FP,0.017892288204698605,0.0,,no_gt_match_or_lower_confidence_on_same_gt,NMS4,3,3,278.0,605.0,80.0,90.0
nms,NMS,0397_0512488068_01_WRI-L2_F008.PNG,FP,0.0019529223473270202,0.15883462207781296,0,no_gt_match_or_lower_confidence_on_same_gt,NMS5,1,1,210.0,255.0,92.0,90.0
nms,NMS,0403_0402818592_02_WRI-R2_F011.PNG,TP,0.8975309353418142,0.7765842376208079,0,matched_gt_highest_confidence,NMS1,2,2,177.0,283.0,134.0,94.0
nms,NMS,0403_0402818592_02_WRI-R2_F011.PNG,FP,0.05049341669139269,0.0,,no_gt_match_or_lower_confidence_on_same_gt,NMS2,1,1,198.0,395.0,129.0,90.0
nms,NMS,0403_0402818592_02_WRI-R2_F011.PNG,FP,0.011372820290578454,0.0,,no_gt_match_or_lower_confidence_on_same_gt,NMS3,3,3,213.0,555.0,118.0,90.0
nms,NMS,0403_0402818592_02_WRI-R2_F011.PNG,FP,0.0015523937401515548,0.0,,no_gt_match_or_lower_confidence_on_same_gt,NMS4,4,4,221.0,183.0,91.0,90.0
nms,NMS,0407_1248541446_05_WRI-R2_F008.PNG,FP,0.1939895318946504,0.0,,no_gt_match_or_lower_confidence_on_same_gt,NMS1,12,12,417.0,639.0,91.0,90.0
nms,NMS,0407_1248541446_05_WRI-R2_F008.PNG,FP,0.1306608559520138,0.0,,no_gt_match_or_lower_confidence_on_same_gt,NMS2,7,7,560.0,668.0,148.0,104.0
nms,NMS,0407_1248541446_05_WRI-R2_F008.PNG,FP,0.12659410730346196,0.0,,no_gt_match_or_lower_confidence_on_same_gt,NMS3,14,14,192.0,259.0,93.0,90.0
nms,NMS,0407_1248541446_05_WRI-R2_F008.PNG,FP,0.09093182176403038,0.0,,no_gt_match_or_lower_confidence_on_same_gt,NMS4,9,9,631.0,567.0,8.0,90.0
nms,NMS,0407_1248541446_05_WRI-R2_F008.PNG,FP,0.08185583011169913,0.0,,no_gt_match_or_lower_confidence_on_same_gt,NMS5,6,6,679.0,525.0,28.0,90.0
nms,NMS,0407_1248541446_05_WRI-R2_F008.PNG,FP,0.07873544529466435,0.0,,no_gt_match_or_lower_confidence_on_same_gt,NMS6,8,8,655.0,428.0,11.0,90.0
nms,NMS,0407_1248541446_05_WRI-R2_F008.PNG,FP,0.07169128354882871,0.0,,no_gt_match_or_lower_confidence_on_same_gt,NMS7,10,10,236.0,626.0,11.0,90.0
nms,NMS,0407_1248541446_05_WRI-R2_F008.PNG,FP,0.05304193808147936,0.0,,no_gt_match_or_lower_confidence_on_same_gt,NMS8,1,1,743.0,655.0,29.0,90.0
nms,NMS,0407_1248541446_05_WRI-R2_F008.PNG,TP,0.04556490046347985,0.5032578202862853,0,matched_gt_highest_confidence,NMS9,3,3,360.0,401.0,139.0,98.0
nms,NMS,0407_1248541446_05_WRI-R2_F008.PNG,FP,0.031954289228690175,0.0,,no_gt_match_or_lower_confidence_on_same_gt,NMS10,11,11,747.0,682.0,20.0,90.0
nms,NMS,0407_1248541446_05_WRI-R2_F008.PNG,FP,0.0284131050030871,0.0,,no_gt_match_or_lower_confidence_on_same_gt,NMS11,4,4,500.0,595.0,117.0,90.0
nms,NMS,0407_1248541446_05_WRI-R2_F008.PNG,FP,0.025379012626427666,0.2707373823286296,0,no_gt_match_or_lower_confidence_on_same_gt,NMS12,13,13,335.0,449.0,91.0,90.0
nms,NMS,0407_1248541446_05_WRI-R2_F008.PNG,FP,0.006369534751038017,0.17609101954602302,0,no_gt_match_or_lower_confidence_on_same_gt,NMS13,5,5,410.0,489.0,145.0,102.0
nms,NMS,0407_1248541446_05_WRI-R2_F008.PNG,FP,0.0019013419298596489,0.1333040141970668,0,no_gt_match_or_lower_confidence_on_same_gt,NMS14,2,2,300.0,326.0,154.0,108.0
nms,NMS,0417_0727170640_02_WRI-R1_F009.PNG,TP,0.9532950495098529,0.7894191684494652,0,matched_gt_highest_confidence,NMS1,4,4,187.0,425.0,124.0,90.0
nms,NMS,0417_0727170640_02_WRI-R1_F009.PNG,FP,0.6820739606136464,0.0,,no_gt_match_or_lower_confidence_on_same_gt,NMS2,8,8,378.0,389.0,58.0,90.0
nms,NMS,0417_0727170640_02_WRI-R1_F009.PNG,FP,0.5844522304459977,0.0,,no_gt_match_or_lower_confidence_on_same_gt,NMS3,2,2,357.0,345.0,72.0,90.0
nms,NMS,0417_0727170640_02_WRI-R1_F009.PNG,FP,0.42744559991633374,0.0,,no_gt_match_or_lower_confidence_on_same_gt,NMS4,1,"1,9",170.0,321.0,141.0,98.0
nms,NMS,0417_0727170640_02_WRI-R1_F009.PNG,FP,0.0788276223936606,0.0,,no_gt_match_or_lower_confidence_on_same_gt,NMS5,7,7,177.0,723.0,3.0,90.0
nms,NMS,0417_0727170640_02_WRI-R1_F009.PNG,FP,0.05777722738032732,0.0,,no_gt_match_or_lower_confidence_on_same_gt,NMS6,5,5,219.0,238.0,21.0,90.0
nms,NMS,0417_0727170640_02_WRI-R1_F009.PNG,FP,0.05259935007640824,0.0,,no_gt_match_or_lower_confidence_on_same_gt,NMS7,3,3,370.0,725.0,58.0,90.0
nms,NMS,0417_0727170640_02_WRI-R1_F009.PNG,FP,0.007236482295146786,0.0,,no_gt_match_or_lower_confidence_on_same_gt,NMS8,6,6,376.0,306.0,37.0,90.0
nms,NMS,0417_0727766468_03_WRI-R2_F009.png,TP,0.9664872393616203,0.6616567957742301,0,matched_gt_highest_confidence,NMS1,9,9,566.0,553.0,91.0,90.0
nms,NMS,0417_0727766468_03_WRI-R2_F009.png,IGNORE,0.8400250950484549,0.39406459649688275,0,overlap_ge_ignore_iou_with_found_gt,NMS2,1,1,547.0,515.0,114.0,90.0
nms,NMS,0417_0727766468_03_WRI-R2_F009.png,FP,0.4883960561925658,0.0,,no_gt_match_or_lower_confidence_on_same_gt,NMS3,5,5,540.0,334.0,91.0,90.0
nms,NMS,0417_0727766468_03_WRI-R2_F009.png,FP,0.19800864552747813,0.19337398870557146,0,no_gt_match_or_lower_confidence_on_same_gt,NMS4,7,7,568.0,601.0,76.0,90.0
nms,NMS,0417_0727766468_03_WRI-R2_F009.png,FP,0.14801230707340002,0.0,,no_gt_match_or_lower_confidence_on_same_gt,NMS5,6,6,536.0,281.0,91.0,90.0
nms,NMS,0417_0727766468_03_WRI-R2_F009.png,FP,0.015132766880767035,0.0,,no_gt_match_or_lower_confidence_on_same_gt,NMS6,8,"8,4",532.0,434.0,91.0,90.0
nms,NMS,0417_0727766468_03_WRI-R2_F009.png,FP,0.00932371466876111,0.0,,no_gt_match_or_lower_confidence_on_same_gt,NMS7,3,3,480.0,307.0,152.0,106.0
nms,NMS,0417_0727766468_03_WRI-R2_F009.png,FP,0.0039248816141681945,0.0,,no_gt_match_or_lower_confidence_on_same_gt,NMS8,2,2,535.0,415.0,129.0,90.0
nms,NMS,0418_0986372204_04_WRI-L2_M008.png,TP,0.9938927669460996,0.5688596950704751,0,matched_gt_highest_confidence,NMS1,6,6,233.0,334.0,91.0,90.0
nms,NMS,0418_0986372204_04_WRI-L2_M008.png,FP,0.36607181970872565,0.06404814306793075,0,no_gt_match_or_lower_confidence_on_same_gt,NMS2,3,3,216.0,415.0,93.0,90.0
nms,NMS,0418_0986372204_04_WRI-L2_M008.png,FP,0.35712675576844255,0.0,,no_gt_match_or_lower_confidence_on_same_gt,NMS3,5,5,213.0,695.0,69.0,90.0
nms,NMS,0418_0986372204_04_WRI-L2_M008.png,FP,0.06530542613131639,0.18882581477481394,0,no_gt_match_or_lower_confidence_on_same_gt,NMS4,2,2,203.0,295.0,102.0,90.0
nms,NMS,0418_0986372204_04_WRI-L2_M008.png,FP,0.04565503409584882,0.0,,no_gt_match_or_lower_confidence_on_same_gt,NMS5,4,4,223.0,575.0,62.0,90.0
nms,NMS,0418_0986372204_04_WRI-L2_M008.png,FP,0.029801251726974457,0.0,,no_gt_match_or_lower_confidence_on_same_gt,NMS6,7,7,199.0,228.0,91.0,90.0
nms,NMS,0418_0986372204_04_WRI-L2_M008.png,FP,0.0015555200013879725,0.0,,no_gt_match_or_lower_confidence_on_same_gt,NMS7,1,1,498.0,666.0,14.0,168.0
nms,NMS,0422_1294991061_03_WRI-L2_M010.PNG,FP,0.974810331374213,0.19748227458205383,0,no_gt_match_or_lower_confidence_on_same_gt,NMS1,6,6,233.0,475.0,91.0,90.0
nms,NMS,0422_1294991061_03_WRI-L2_M010.PNG,FP,0.5089371881974118,0.11673657078696419,0,no_gt_match_or_lower_confidence_on_same_gt,NMS2,2,2,195.0,453.0,112.0,90.0
nms,NMS,0422_1294991061_03_WRI-L2_M010.PNG,FP,0.3208877261499707,0.4345290922860014,0,no_gt_match_or_lower_confidence_on_same_gt,NMS3,7,"7,1",199.0,532.0,91.0,90.0
nms,NMS,0422_1294991061_03_WRI-L2_M010.PNG,FP,0.3094486701311197,0.0,,no_gt_match_or_lower_confidence_on_same_gt,NMS4,3,3,194.0,653.0,86.0,90.0
nms,NMS,0422_1294991061_03_WRI-L2_M010.PNG,FP,0.011873025321090148,0.0,,no_gt_match_or_lower_confidence_on_same_gt,NMS5,4,4,229.0,333.0,63.0,90.0
nms,NMS,0422_1294991061_03_WRI-L2_M010.PNG,FP,0.010401496361532212,0.0,,no_gt_match_or_lower_confidence_on_same_gt,NMS6,5,5,248.0,341.0,86.0,90.0
nms,NMS,0422_1296201520_04_WRI-L1_M010.PNG,FP,0.9793481781345108,0.042561377114687785,0,no_gt_match_or_lower_confidence_on_same_gt,NMS1,1,1,272.0,481.0,154.0,108.0
nms,NMS,0422_1296201520_04_WRI-L1_M010.PNG,TP,0.968596043680597,0.635619087882427,0,matched_gt_highest_confidence,NMS2,2,2,231.0,582.0,150.0,106.0
nms,NMS,0422_1296201520_04_WRI-L1_M010.PNG,FP,0.587753722856577,0.0,,no_gt_match_or_lower_confidence_on_same_gt,NMS3,17,17,116.0,547.0,65.0,90.0
nms,NMS,0422_1296201520_04_WRI-L1_M010.PNG,FP,0.45516166344699743,0.0,,no_gt_match_or_lower_confidence_on_same_gt,NMS4,9,9,514.0,329.0,7.0,90.0
nms,NMS,0422_1296201520_04_WRI-L1_M010.PNG,FP,0.4537719605041309,0.14193683401865506,0,no_gt_match_or_lower_confidence_on_same_gt,NMS5,18,18,260.0,691.0,91.0,90.0
nms,NMS,0422_1296201520_04_WRI-L1_M010.PNG,FP,0.19906819776801227,0.0,,no_gt_match_or_lower_confidence_on_same_gt,NMS6,6,6,511.0,290.0,15.0,90.0
nms,NMS,0422_1296201520_04_WRI-L1_M010.PNG,FP,0.15202175243985086,0.04645124841553917,0,no_gt_match_or_lower_confidence_on_same_gt,NMS7,16,16,251.0,498.0,91.0,90.0
nms,NMS,0422_1296201520_04_WRI-L1_M010.PNG,FP,0.14716940188272457,0.04328318018964936,0,no_gt_match_or_lower_confidence_on_same_gt,NMS8,5,5,248.0,720.0,101.0,90.0
nms,NMS,0422_1296201520_04_WRI-L1_M010.PNG,FP,0.11718287564508108,0.0,,no_gt_match_or_lower_confidence_on_same_gt,NMS9,7,7,95.0,740.0,69.0,90.0
nms,NMS,0422_1296201520_04_WRI-L1_M010.PNG,FP,0.06678155436057004,0.0,,no_gt_match_or_lower_confidence_on_same_gt,NMS10,10,10,348.0,821.0,7.0,90.0
nms,NMS,0422_1296201520_04_WRI-L1_M010.PNG,FP,0.051856451305385125,0.0,,no_gt_match_or_lower_confidence_on_same_gt,NMS11,13,13,204.0,759.0,16.0,90.0
nms,NMS,0422_1296201520_04_WRI-L1_M010.PNG,FP,0.034205354791134346,0.0,,no_gt_match_or_lower_confidence_on_same_gt,NMS12,4,4,376.0,350.0,36.0,90.0
nms,NMS,0422_1296201520_04_WRI-L1_M010.PNG,FP,0.03273071186905791,0.0,,no_gt_match_or_lower_confidence_on_same_gt,NMS13,8,8,168.0,436.0,55.0,90.0
nms,NMS,0422_1296201520_04_WRI-L1_M010.PNG,FP,0.03162703784969919,0.0,,no_gt_match_or_lower_confidence_on_same_gt,NMS14,12,12,241.0,274.0,20.0,90.0
nms,NMS,0422_1296201520_04_WRI-L1_M010.PNG,FP,0.018389591746467548,0.0,,no_gt_match_or_lower_confidence_on_same_gt,NMS15,14,14,335.0,476.0,91.0,90.0
nms,NMS,0422_1296201520_04_WRI-L1_M010.PNG,FP,0.00870072062186006,0.0,,no_gt_match_or_lower_confidence_on_same_gt,NMS16,15,15,258.0,383.0,91.0,90.0
nms,NMS,0422_1296201520_04_WRI-L1_M010.PNG,FP,0.0022141871998041496,0.0,,no_gt_match_or_lower_confidence_on_same_gt,NMS17,11,11,302.0,311.0,76.0,90.0
nms,NMS,0422_1296201520_04_WRI-L1_M010.PNG,FP,0.0012307582666691397,0.0,,no_gt_match_or_lower_confidence_on_same_gt,NMS18,3,3,258.0,394.0,145.0,102.0
nms,NMS,0424_1003218030_03_WRI-R2_M011.PNG,FP,0.7658920681264444,0.0,,no_gt_match_or_lower_confidence_on_same_gt,NMS1,7,7,236.0,310.0,91.0,90.0
nms,NMS,0424_1003218030_03_WRI-R2_M011.PNG,TP,0.5852271934344617,0.6419342355022228,0,matched_gt_highest_confidence,NMS2,3,3,260.0,465.0,124.0,90.0
nms,NMS,0424_1003218030_03_WRI-R2_M011.PNG,FP,0.5270215894082975,0.0,,no_gt_match_or_lower_confidence_on_same_gt,NMS3,1,1,239.0,335.0,122.0,90.0
nms,NMS,0424_1003218030_03_WRI-R2_M011.PNG,FP,0.0634582206146406,0.0,,no_gt_match_or_lower_confidence_on_same_gt,NMS4,8,8,263.0,276.0,91.0,90.0
nms,NMS,0424_1003218030_03_WRI-R2_M011.PNG,FP,0.03201913104267535,0.0,,no_gt_match_or_lower_confidence_on_same_gt,NMS5,6,6,270.0,663.0,133.0,94.0
nms,NMS,0424_1003218030_03_WRI-R2_M011.PNG,FP,0.018828612086104732,0.0,,no_gt_match_or_lower_confidence_on_same_gt,NMS6,2,2,259.0,563.0,135.0,94.0
nms,NMS,0424_1003218030_03_WRI-R2_M011.PNG,FP,0.008267026094750047,0.0,,no_gt_match_or_lower_confidence_on_same_gt,NMS7,5,5,264.0,745.0,127.0,90.0
nms,NMS,0424_1003218030_03_WRI-R2_M011.PNG,FP,0.005530863469713533,0.0,,no_gt_match_or_lower_confidence_on_same_gt,NMS8,4,4,268.0,818.0,149.0,104.0
nms,NMS,0457_1033174859_01_WRI-R2_F008.png,IGNORE,0.9658278550807996,0.4613376973821294,0,overlap_ge_ignore_iou_with_found_gt,NMS1,2,2,218.0,465.0,95.0,90.0
nms,NMS,0457_1033174859_01_WRI-R2_F008.png,TP,0.8974315378167415,0.5694347737018554,0,matched_gt_highest_confidence,NMS2,8,8,252.0,497.0,63.0,90.0
nms,NMS,0457_1033174859_01_WRI-R2_F008.png,FP,0.2700807962995318,0.0,,no_gt_match_or_lower_confidence_on_same_gt,NMS3,6,6,146.0,279.0,92.0,90.0
nms,NMS,0457_1033174859_01_WRI-R2_F008.png,FP,0.15016080627407408,0.013506511042259398,0,no_gt_match_or_lower_confidence_on_same_gt,NMS4,1,1,259.0,575.0,57.0,90.0
nms,NMS,0457_1033174859_01_WRI-R2_F008.png,FP,0.062240335194670426,0.0,,no_gt_match_or_lower_confidence_on_same_gt,NMS5,4,4,186.0,270.0,91.0,90.0
nms,NMS,0457_1033174859_01_WRI-R2_F008.png,FP,0.018315558176112027,0.0,,no_gt_match_or_lower_confidence_on_same_gt,NMS6,5,"5,7,3",205.0,390.0,91.0,90.0
nms,NMS,0469_1003491279_04_WRI-L2_F009.PNG,TP,0.36112091044885114,0.5165262979431317,0,matched_gt_highest_confidence,NMS1,7,"7,2",184.0,548.0,91.0,90.0
nms,NMS,0469_1003491279_04_WRI-L2_F009.PNG,FP,0.2730657090161052,0.0,,no_gt_match_or_lower_confidence_on_same_gt,NMS2,8,"8,1",156.0,357.0,91.0,90.0
nms,NMS,0469_1003491279_04_WRI-L2_F009.PNG,FP,0.2126144627159243,0.0,,no_gt_match_or_lower_confidence_on_same_gt,NMS3,4,4,158.0,675.0,69.0,90.0
nms,NMS,0469_1003491279_04_WRI-L2_F009.PNG,FP,0.17126568146957075,0.0,,no_gt_match_or_lower_confidence_on_same_gt,NMS4,6,6,191.0,312.0,91.0,90.0
nms,NMS,0469_1003491279_04_WRI-L2_F009.PNG,FP,0.02391788231758412,0.007786745194035845,0,no_gt_match_or_lower_confidence_on_same_gt,NMS5,3,3,177.0,465.0,86.0,90.0
nms,NMS,0469_1003491279_04_WRI-L2_F009.PNG,FP,0.005099275016853672,0.0,,no_gt_match_or_lower_confidence_on_same_gt,NMS6,5,5,184.0,252.0,77.0,90.0
nms,NMS,0473_1196675800_01_WRI-R1_M013.PNG,TP,0.8469926058308003,0.6010033191372208,0,matched_gt_highest_confidence,NMS1,1,1,195.0,472.0,163.0,114.0
nms,NMS,0473_1196675800_01_WRI-R1_M013.PNG,FP,0.32248388442357284,0.0,,no_gt_match_or_lower_confidence_on_same_gt,NMS2,5,5,235.0,674.0,100.0,90.0
nms,NMS,0473_1196675800_01_WRI-R1_M013.PNG,FP,0.23329538921700477,0.0,,no_gt_match_or_lower_confidence_on_same_gt,NMS3,7,7,253.0,884.0,103.0,90.0
nms,NMS,0473_1196675800_01_WRI-R1_M013.PNG,FP,0.08711162268898806,0.0,,no_gt_match_or_lower_confidence_on_same_gt,NMS4,10,10,346.0,862.0,56.0,90.0
nms,NMS,0473_1196675800_01_WRI-R1_M013.PNG,FP,0.07718297156165181,0.0,,no_gt_match_or_lower_confidence_on_same_gt,NMS5,11,11,245.0,369.0,9.0,90.0
nms,NMS,0473_1196675800_01_WRI-R1_M013.PNG,FP,0.06680959328035703,0.0,,no_gt_match_or_lower_confidence_on_same_gt,NMS6,9,9,365.0,673.0,7.0,90.0
nms,NMS,0473_1196675800_01_WRI-R1_M013.PNG,IGNORE,0.059672928762762534,0.3738923579730622,0,overlap_ge_ignore_iou_with_found_gt,NMS7,13,13,175.0,472.0,91.0,90.0
nms,NMS,0473_1196675800_01_WRI-R1_M013.PNG,FP,0.013050283530658218,0.0,,no_gt_match_or_lower_confidence_on_same_gt,NMS8,12,"12,3",386.0,481.0,77.0,90.0
nms,NMS,0473_1196675800_01_WRI-R1_M013.PNG,FP,0.009531463259452526,0.0,,no_gt_match_or_lower_confidence_on_same_gt,NMS9,14,14,345.0,319.0,91.0,90.0
nms,NMS,0473_1196675800_01_WRI-R1_M013.PNG,FP,0.008750457910698667,0.0,,no_gt_match_or_lower_confidence_on_same_gt,NMS10,4,4,415.0,854.0,72.0,90.0
nms,NMS,0473_1196675800_01_WRI-R1_M013.PNG,FP,0.0006930341939024734,0.16692743895549944,0,no_gt_match_or_lower_confidence_on_same_gt,NMS11,8,8,281.0,435.0,91.0,90.0
nms,NMS,0473_1196675800_01_WRI-R1_M013.PNG,FP,0.0006189769635277545,0.0,,no_gt_match_or_lower_confidence_on_same_gt,NMS12,6,6,416.0,684.0,62.0,90.0
nms,NMS,0473_1196675800_01_WRI-R1_M013.PNG,FP,0.00032374879097083067,0.0,,no_gt_match_or_lower_confidence_on_same_gt,NMS13,2,2,235.0,362.0,164.0,114.0
nms,NMS,0482_0829961405_03_WRI-R2_M012.png,TP,0.9113103003438969,0.5354705728393336,0,matched_gt_highest_confidence,NMS1,7,"7,3",244.0,590.0,91.0,90.0
nms,NMS,0482_0829961405_03_WRI-R2_M012.png,FP,0.5122337225361367,1.283852603541912e-06,0,no_gt_match_or_lower_confidence_on_same_gt,NMS2,2,2,253.0,495.0,129.0,90.0
nms,NMS,0482_0829961405_03_WRI-R2_M012.png,FP,0.3155632549306832,0.0,,no_gt_match_or_lower_confidence_on_same_gt,NMS3,5,5,187.0,294.0,131.0,92.0
nms,NMS,0482_0829961405_03_WRI-R2_M012.png,FP,0.2083621601526293,0.0,,no_gt_match_or_lower_confidence_on_same_gt,NMS4,10,10,286.0,281.0,91.0,90.0
nms,NMS,0482_0829961405_03_WRI-R2_M012.png,FP,0.15132502251291596,0.0,,no_gt_match_or_lower_confidence_on_same_gt,NMS5,4,4,233.0,705.0,127.0,90.0
nms,NMS,0482_0829961405_03_WRI-R2_M012.png,FP,0.07070923591092287,0.0,,no_gt_match_or_lower_confidence_on_same_gt,NMS6,8,8,137.0,256.0,3.0,90.0
nms,NMS,0482_0829961405_03_WRI-R2_M012.png,FP,0.04826832612591446,0.0,,no_gt_match_or_lower_confidence_on_same_gt,NMS7,6,6,284.0,383.0,91.0,90.0
nms,NMS,0482_0829961405_03_WRI-R2_M012.png,FP,0.00395395448640695,0.0,,no_gt_match_or_lower_confidence_on_same_gt,NMS8,9,9,290.0,472.0,91.0,90.0
nms,NMS,0482_0829961405_03_WRI-R2_M012.png,FP,0.000631046469223076,0.0,,no_gt_match_or_lower_confidence_on_same_gt,NMS9,1,1,237.0,327.0,152.0,106.0
nms,NMS,0490_0671128517_01_WRI-R1_F012.PNG,TP,0.9824300077423439,0.6405953675898487,1,matched_gt_highest_confidence,NMS1,1,1,190.0,452.0,136.0,96.0
nms,NMS,0490_0671128517_01_WRI-R1_F012.PNG,TP,0.8096114497367228,0.555278560149508,0,matched_gt_highest_confidence,NMS2,20,20,401.0,531.0,59.0,90.0
nms,NMS,0490_0671128517_01_WRI-R1_F012.PNG,FP,0.458578557093499,0.0,,no_gt_match_or_lower_confidence_on_same_gt,NMS3,5,5,257.0,1035.0,124.0,90.0
nms,NMS,0490_0671128517_01_WRI-R1_F012.PNG,FP,0.41784121711716316,0.0,,no_gt_match_or_lower_confidence_on_same_gt,NMS4,8,8,246.0,935.0,81.0,90.0
nms,NMS,0490_0671128517_01_WRI-R1_F012.PNG,FP,0.41116590046672113,0.0,,no_gt_match_or_lower_confidence_on_same_gt,NMS5,10,10,211.0,645.0,93.0,90.0
nms,NMS,0490_0671128517_01_WRI-R1_F012.PNG,FP,0.30705529229456596,0.0,,no_gt_match_or_lower_confidence_on_same_gt,NMS6,19,19,253.0,979.0,84.0,90.0
nms,NMS,0490_0671128517_01_WRI-R1_F012.PNG,FP,0.12344232977258411,0.0,,no_gt_match_or_lower_confidence_on_same_gt,NMS7,4,4,362.0,955.0,55.0,90.0
nms,NMS,0490_0671128517_01_WRI-R1_F012.PNG,FP,0.09289830729147161,0.0,,no_gt_match_or_lower_confidence_on_same_gt,NMS8,17,17,546.0,862.0,14.0,90.0
nms,NMS,0490_0671128517_01_WRI-R1_F012.PNG,FP,0.07037532456179085,0.0,,no_gt_match_or_lower_confidence_on_same_gt,NMS9,13,13,380.0,877.0,12.0,90.0
nms,NMS,0490_0671128517_01_WRI-R1_F012.PNG,FP,0.04343495266571779,0.0,,no_gt_match_or_lower_confidence_on_same_gt,NMS10,12,"12,3",441.0,1008.0,77.0,90.0
nms,NMS,0490_0671128517_01_WRI-R1_F012.PNG,FP,0.04044452461839497,0.0,,no_gt_match_or_lower_confidence_on_same_gt,NMS11,15,15,218.0,1045.0,18.0,90.0
nms,NMS,0490_0671128517_01_WRI-R1_F012.PNG,FP,0.03882540546001692,0.0,,no_gt_match_or_lower_confidence_on_same_gt,NMS12,9,9,320.0,1137.0,181.0,126.0
nms,NMS,0490_0671128517_01_WRI-R1_F012.PNG,FP,0.032786928591252026,0.0,,no_gt_match_or_lower_confidence_on_same_gt,NMS13,16,"16,2",342.0,424.0,89.0,90.0
nms,NMS,0490_0671128517_01_WRI-R1_F012.PNG,FP,0.020130237976767433,0.0,,no_gt_match_or_lower_confidence_on_same_gt,NMS14,14,"14,6",440.0,1109.0,91.0,90.0
nms,NMS,0490_0671128517_01_WRI-R1_F012.PNG,FP,0.017004020000074997,0.0,,no_gt_match_or_lower_confidence_on_same_gt,NMS15,11,11,24.0,706.0,11.0,90.0
nms,NMS,0490_0671128517_01_WRI-R1_F012.PNG,FP,0.007732510599917334,0.0,,no_gt_match_or_lower_confidence_on_same_gt,NMS16,7,7,230.0,1127.0,181.0,126.0
nms,NMS,0490_0671128517_01_WRI-R1_F012.PNG,FP,0.0014644557320336368,0.17317175559796144,1,no_gt_match_or_lower_confidence_on_same_gt,NMS17,18,18,188.0,404.0,91.0,90.0
nms,NMS,0507_1135294951_01_WRI-L2_M015.PNG,TP,0.9783368347262938,0.6900844868658932,0,matched_gt_highest_confidence,NMS1,1,1,227.0,437.0,181.0,126.0
nms,NMS,0507_1135294951_01_WRI-L2_M015.PNG,FP,0.8193035178954968,0.21764588126046028,0,no_gt_match_or_lower_confidence_on_same_gt,NMS2,9,9,325.0,425.0,91.0,90.0
nms,NMS,0507_1135294951_01_WRI-L2_M015.PNG,FP,0.441453226117884,0.04280880378265681,0,no_gt_match_or_lower_confidence_on_same_gt,NMS3,2,2,248.0,555.0,120.0,90.0
nms,NMS,0507_1135294951_01_WRI-L2_M015.PNG,FP,0.3040215048751103,0.0,,no_gt_match_or_lower_confidence_on_same_gt,NMS4,6,6,249.0,655.0,95.0,90.0
nms,NMS,0507_1135294951_01_WRI-L2_M015.PNG,FP,0.05014815088545425,0.0,,no_gt_match_or_lower_confidence_on_same_gt,NMS5,7,7,339.0,342.0,17.0,90.0
nms,NMS,0507_1135294951_01_WRI-L2_M015.PNG,FP,0.04760641269703455,0.0,,no_gt_match_or_lower_confidence_on_same_gt,NMS6,3,3,234.0,785.0,103.0,90.0
nms,NMS,0507_1135294951_01_WRI-L2_M015.PNG,FP,0.01575356753013717,0.0,,no_gt_match_or_lower_confidence_on_same_gt,NMS7,5,5,211.0,965.0,117.0,90.0
nms,NMS,0507_1135294951_01_WRI-L2_M015.PNG,FP,0.007816700805731628,0.0,,no_gt_match_or_lower_confidence_on_same_gt,NMS8,4,4,221.0,895.0,117.0,90.0
nms,NMS,0507_1135294951_01_WRI-L2_M015.PNG,FP,0.0018393784345113683,0.008906215493933644,0,no_gt_match_or_lower_confidence_on_same_gt,NMS9,8,8,228.0,348.0,91.0,90.0
nms,NMS,0522_0599819429_01_WRI-R2_M008.png,FP,0.7451884597793454,0.1211159865569816,0,no_gt_match_or_lower_confidence_on_same_gt,NMS1,1,1,131.0,370.0,93.0,90.0
nms,NMS,0522_0599819429_01_WRI-R2_M008.png,TP,0.43954689694395815,0.5373493187587628,0,matched_gt_highest_confidence,NMS2,5,5,128.0,408.0,78.0,90.0
nms,NMS,0522_0599819429_01_WRI-R2_M008.png,FP,0.08675548019908819,0.07287947131215151,0,no_gt_match_or_lower_confidence_on_same_gt,NMS3,2,2,128.0,490.0,86.0,90.0
nms,NMS,0522_0599819429_01_WRI-R2_M008.png,FP,0.026551216862028527,0.0,,no_gt_match_or_lower_confidence_on_same_gt,NMS4,4,4,124.0,308.0,88.0,90.0
nms,NMS,0522_0599819429_01_WRI-R2_M008.png,FP,0.0198898704585421,0.0,,no_gt_match_or_lower_confidence_on_same_gt,NMS5,3,3,133.0,610.0,73.0,90.0
nms,NMS,0530_0793776717_02_WRI-L2_M012.png,TP,0.9783703697001023,0.542234885314113,0,matched_gt_highest_confidence,NMS1,3,3,209.0,424.0,163.0,114.0
nms,NMS,0530_0793776717_02_WRI-L2_M012.png,IGNORE,0.12201236351139952,0.38781923531600576,0,overlap_ge_ignore_iou_with_found_gt,NMS2,12,12,196.0,411.0,91.0,90.0
nms,NMS,0530_0793776717_02_WRI-L2_M012.png,FP,0.08662968177537507,0.0,,no_gt_match_or_lower_confidence_on_same_gt,NMS3,4,4,251.0,636.0,119.0,90.0
nms,NMS,0530_0793776717_02_WRI-L2_M012.png,FP,0.08089408644628455,0.0,,no_gt_match_or_lower_confidence_on_same_gt,NMS4,15,15,241.0,304.0,4.0,90.0
nms,NMS,0530_0793776717_02_WRI-L2_M012.png,FP,0.07633652681013234,0.0,,no_gt_match_or_lower_confidence_on_same_gt,NMS5,13,13,341.0,296.0,7.0,90.0
nms,NMS,0530_0793776717_02_WRI-L2_M012.png,FP,0.0740246668322862,0.0,,no_gt_match_or_lower_confidence_on_same_gt,NMS6,2,2,246.0,536.0,105.0,90.0
nms,NMS,0530_0793776717_02_WRI-L2_M012.png,FP,0.06647895047414461,0.1525411587596258,0,no_gt_match_or_lower_confidence_on_same_gt,NMS7,5,5,229.0,345.0,131.0,92.0
nms,NMS,0530_0793776717_02_WRI-L2_M012.png,FP,0.05346698927974782,0.0,,no_gt_match_or_lower_confidence_on_same_gt,NMS8,11,11,237.0,854.0,15.0,90.0
nms,NMS,0530_0793776717_02_WRI-L2_M012.png,FP,0.04049847893169801,0.0,,no_gt_match_or_lower_confidence_on_same_gt,NMS9,9,9,130.0,416.0,53.0,90.0
nms,NMS,0530_0793776717_02_WRI-L2_M012.png,IGNORE,0.03813717875222481,0.3718827394918079,0,overlap_ge_ignore_iou_with_found_gt,NMS10,17,17,289.0,392.0,91.0,90.0
nms,NMS,0530_0793776717_02_WRI-L2_M012.png,FP,0.03238717727969464,0.0,,no_gt_match_or_lower_confidence_on_same_gt,NMS11,1,1,257.0,844.0,133.0,94.0
nms,NMS,0530_0793776717_02_WRI-L2_M012.png,FP,0.010240467618805978,0.0,,no_gt_match_or_lower_confidence_on_same_gt,NMS12,14,14,134.0,583.0,30.0,90.0
nms,NMS,0530_0793776717_02_WRI-L2_M012.png,FP,0.004785260968171383,0.0,,no_gt_match_or_lower_confidence_on_same_gt,NMS13,10,10,137.0,546.0,42.0,90.0
nms,NMS,0530_0793776717_02_WRI-L2_M012.png,FP,0.004462065558275846,0.0,,no_gt_match_or_lower_confidence_on_same_gt,NMS14,7,7,259.0,736.0,124.0,90.0
nms,NMS,0530_0793776717_02_WRI-L2_M012.png,FP,0.003971325287261149,0.0,,no_gt_match_or_lower_confidence_on_same_gt,NMS15,6,6,134.0,816.0,60.0,90.0
nms,NMS,0530_0793776717_02_WRI-L2_M012.png,FP,0.001903290542259638,0.0,,no_gt_match_or_lower_confidence_on_same_gt,NMS16,16,"16,8",146.0,683.0,48.0,90.0
nms,NMS,0536_1045921212_01_WRI-L2_M007.PNG,TP,0.9927386164751659,0.6704137603009296,0,matched_gt_highest_confidence,NMS1,1,"1,10",220.0,528.0,82.0,90.0
nms,NMS,0536_1045921212_01_WRI-L2_M007.PNG,FP,0.7039450360152024,0.0,,no_gt_match_or_lower_confidence_on_same_gt,NMS2,3,3,216.0,418.0,56.0,90.0
nms,NMS,0536_1045921212_01_WRI-L2_M007.PNG,FP,0.04946384268651246,0.0,,no_gt_match_or_lower_confidence_on_same_gt,NMS3,4,4,230.0,828.0,62.0,90.0
nms,NMS,0536_1045921212_01_WRI-L2_M007.PNG,FP,0.04478889314597776,0.0,,no_gt_match_or_lower_confidence_on_same_gt,NMS4,2,2,235.0,638.0,55.0,90.0
nms,NMS,0536_1045921212_01_WRI-L2_M007.PNG,FP,0.04448393285891229,0.0,,no_gt_match_or_lower_confidence_on_same_gt,NMS5,6,6,290.0,394.0,7.0,90.0
nms,NMS,0536_1045921212_01_WRI-L2_M007.PNG,FP,0.028323234372592845,0.0,,no_gt_match_or_lower_confidence_on_same_gt,NMS6,8,8,204.0,729.0,7.0,90.0
nms,NMS,0536_1045921212_01_WRI-L2_M007.PNG,FP,0.023858384953148182,0.0,,no_gt_match_or_lower_confidence_on_same_gt,NMS7,5,5,236.0,738.0,54.0,90.0
nms,NMS,0536_1045921212_01_WRI-L2_M007.PNG,FP,0.006911240482952521,0.0,,no_gt_match_or_lower_confidence_on_same_gt,NMS8,7,7,195.0,831.0,22.0,90.0
nms,NMS,0536_1045921212_01_WRI-L2_M007.PNG,FP,0.002728732618439605,0.0,,no_gt_match_or_lower_confidence_on_same_gt,NMS9,9,9,202.0,330.0,91.0,90.0
nms,NMS,0536_1142550502_02_WRI-L2_M010.PNG,FP,0.5415072448823357,0.11282968462051153,0,no_gt_match_or_lower_confidence_on_same_gt,NMS1,6,6,154.0,447.0,86.0,90.0
nms,NMS,0536_1142550502_02_WRI-L2_M010.PNG,TP,0.4343749095648098,0.5290846557136948,0,matched_gt_highest_confidence,NMS2,1,1,147.0,405.0,115.0,90.0
nms,NMS,0536_1142550502_02_WRI-L2_M010.PNG,FP,0.4274149009009989,0.0,,no_gt_match_or_lower_confidence_on_same_gt,NMS3,2,2,148.0,515.0,80.0,90.0
nms,NMS,0536_1142550502_02_WRI-L2_M010.PNG,FP,0.07941197644238034,0.06342615210635796,0,no_gt_match_or_lower_confidence_on_same_gt,NMS4,5,5,148.0,329.0,56.0,90.0
nms,NMS,0536_1142550502_02_WRI-L2_M010.PNG,FP,0.0024011465101857607,0.0,,no_gt_match_or_lower_confidence_on_same_gt,NMS5,3,3,204.0,285.0,41.0,90.0
nms,NMS,0536_1142550502_02_WRI-L2_M010.PNG,FP,0.0014464254365925634,0.22091215705914713,0,no_gt_match_or_lower_confidence_on_same_gt,NMS6,4,4,165.0,350.0,91.0,90.0
nms,NMS,0537_1193881316_01_WRI-L1_F007.PNG,TP,0.8396899557916879,0.5964993090553319,0,matched_gt_highest_confidence,NMS1,1,1,209.0,315.0,127.0,90.0
nms,NMS,0537_1193881316_01_WRI-L1_F007.PNG,IGNORE,0.2216541528562775,0.48278530742615633,0,overlap_ge_ignore_iou_with_found_gt,NMS2,9,9,228.0,339.0,91.0,90.0
nms,NMS,0537_1193881316_01_WRI-L1_F007.PNG,FP,0.05981071300869045,0.0,,no_gt_match_or_lower_confidence_on_same_gt,NMS3,5,5,182.0,402.0,8.0,90.0
nms,NMS,0537_1193881316_01_WRI-L1_F007.PNG,FP,0.04140292201033603,0.0,,no_gt_match_or_lower_confidence_on_same_gt,NMS4,7,7,136.0,196.0,91.0,90.0
nms,NMS,0537_1193881316_01_WRI-L1_F007.PNG,FP,0.03866664816637398,0.0,,no_gt_match_or_lower_confidence_on_same_gt,NMS5,6,6,127.0,294.0,66.0,90.0
nms,NMS,0537_1193881316_01_WRI-L1_F007.PNG,FP,0.02777082427257848,0.0,,no_gt_match_or_lower_confidence_on_same_gt,NMS6,4,4,194.0,517.0,91.0,90.0
nms,NMS,0537_1193881316_01_WRI-L1_F007.PNG,FP,0.011163077394073375,0.0,,no_gt_match_or_lower_confidence_on_same_gt,NMS7,3,3,117.0,475.0,64.0,90.0
nms,NMS,0537_1193881316_01_WRI-L1_F007.PNG,FP,0.006951342595231457,0.0,,no_gt_match_or_lower_confidence_on_same_gt,NMS8,8,8,238.0,224.0,91.0,90.0
nms,NMS,0537_1193881316_01_WRI-L1_F007.PNG,FP,0.003487673901504517,0.0,,no_gt_match_or_lower_confidence_on_same_gt,NMS9,2,2,107.0,565.0,122.0,90.0
nms,NMS,0542_0298295711_03_WRI-L2_F010.PNG,TP,0.9999997970731035,0.6184102918825263,0,matched_gt_highest_confidence,NMS1,7,7,130.0,376.0,91.0,90.0
nms,NMS,0542_0298295711_03_WRI-L2_F010.PNG,FP,0.7471944945887005,0.0,,no_gt_match_or_lower_confidence_on_same_gt,NMS2,4,4,131.0,543.0,65.0,90.0
nms,NMS,0542_0298295711_03_WRI-L2_F010.PNG,FP,0.18446409751107296,0.08125896486816453,0,no_gt_match_or_lower_confidence_on_same_gt,NMS3,3,3,132.0,453.0,78.0,90.0
nms,NMS,0542_0298295711_03_WRI-L2_F010.PNG,IGNORE,0.09188737296630001,0.3231014324306126,0,overlap_ge_ignore_iou_with_found_gt,NMS4,1,1,113.0,343.0,108.0,90.0
nms,NMS,0542_0298295711_03_WRI-L2_F010.PNG,FP,0.024969022303068984,0.0,,no_gt_match_or_lower_confidence_on_same_gt,NMS5,6,6,122.0,200.0,91.0,90.0
nms,NMS,0542_0298295711_03_WRI-L2_F010.PNG,FP,0.008286538463544211,0.0,,no_gt_match_or_lower_confidence_on_same_gt,NMS6,2,2,101.0,243.0,123.0,90.0
nms,NMS,0542_0298295711_03_WRI-L2_F010.PNG,FP,0.005611268708410155,0.0,,no_gt_match_or_lower_confidence_on_same_gt,NMS7,5,5,119.0,274.0,91.0,90.0
nms,NMS,0546_0415831661_01_WRI-L2_F011.PNG,TP,0.8272796008346532,0.5193701575186603,0,matched_gt_highest_confidence,NMS1,8,8,153.0,515.0,91.0,90.0
nms,NMS,0546_0415831661_01_WRI-L2_F011.PNG,FP,0.6664363325027111,0.0,,no_gt_match_or_lower_confidence_on_same_gt,NMS2,3,3,242.0,265.0,129.0,90.0
nms,NMS,0546_0415831661_01_WRI-L2_F011.PNG,FP,0.6035218490307478,0.11371696450534673,0,no_gt_match_or_lower_confidence_on_same_gt,NMS3,7,7,198.0,472.0,91.0,90.0
nms,NMS,0546_0415831661_01_WRI-L2_F011.PNG,FP,0.514470584286604,0.0,,no_gt_match_or_lower_confidence_on_same_gt,NMS4,6,6,155.0,238.0,91.0,90.0
nms,NMS,0546_0415831661_01_WRI-L2_F011.PNG,FP,0.40301844788534424,0.0,,no_gt_match_or_lower_confidence_on_same_gt,NMS5,2,2,171.0,263.0,162.0,114.0
nms,NMS,0546_0415831661_01_WRI-L2_F011.PNG,FP,0.08513533660073003,0.0,,no_gt_match_or_lower_confidence_on_same_gt,NMS6,5,"5,1",200.0,377.0,72.0,90.0
nms,NMS,0546_0415831661_01_WRI-L2_F011.PNG,FP,0.06550257961882244,0.0,,no_gt_match_or_lower_confidence_on_same_gt,NMS7,4,4,311.0,301.0,13.0,90.0
nms,NMS,0562_1096729807_01_WRI-R1_F007.png,TP,0.9704550854177388,0.5864685204184009,0,matched_gt_highest_confidence,NMS1,3,3,210.0,439.0,133.0,94.0
nms,NMS,0562_1096729807_01_WRI-R1_F007.png,FP,0.44655115036405,0.0,,no_gt_match_or_lower_confidence_on_same_gt,NMS2,10,10,272.0,214.0,93.0,90.0
nms,NMS,0562_1096729807_01_WRI-R1_F007.png,FP,0.3994369610351397,0.0,,no_gt_match_or_lower_confidence_on_same_gt,NMS3,4,"4,8",361.0,401.0,77.0,90.0
nms,NMS,0562_1096729807_01_WRI-R1_F007.png,FP,0.07616562678010387,0.0,,no_gt_match_or_lower_confidence_on_same_gt,NMS4,9,9,259.0,264.0,1.0,90.0
nms,NMS,0562_1096729807_01_WRI-R1_F007.png,FP,0.015128017819234974,0.0,,no_gt_match_or_lower_confidence_on_same_gt,NMS5,5,5,250.0,238.0,138.0,96.0
nms,NMS,0562_1096729807_01_WRI-R1_F007.png,FP,0.004563372656809908,0.0,,no_gt_match_or_lower_confidence_on_same_gt,NMS6,7,"7,6",142.0,156.0,91.0,90.0
nms,NMS,0562_1096729807_01_WRI-R1_F007.png,FP,0.0035721333671315456,0.0,,no_gt_match_or_lower_confidence_on_same_gt,NMS7,2,2,195.0,281.0,55.0,90.0
nms,NMS,0562_1096729807_01_WRI-R1_F007.png,FP,0.0033035911702852206,0.0,,no_gt_match_or_lower_confidence_on_same_gt,NMS8,1,1,230.0,341.0,96.0,90.0
nms,NMS,0562_1096729807_01_WRI-R1_F007.png,FP,0.0021116703568213784,0.0,,no_gt_match_or_lower_confidence_on_same_gt,NMS9,11,11,216.0,362.0,91.0,90.0
nms,NMS,0581_0562535807_01_WRI-L2_F005.PNG,TP,0.8191967912275253,0.5192165754578344,0,matched_gt_highest_confidence,NMS1,2,2,168.0,358.0,96.0,90.0
nms,NMS,0581_0562535807_01_WRI-L2_F005.PNG,FP,0.7235921161807923,0.0,,no_gt_match_or_lower_confidence_on_same_gt,NMS2,3,3,167.0,261.0,148.0,104.0
nms,NMS,0581_0562535807_01_WRI-L2_F005.PNG,FP,0.06107751834939469,0.0,,no_gt_match_or_lower_confidence_on_same_gt,NMS3,4,4,286.0,374.0,13.0,90.0
nms,NMS,0581_0562535807_01_WRI-L2_F005.PNG,FP,0.05493417120635444,0.0,,no_gt_match_or_lower_confidence_on_same_gt,NMS4,6,6,306.0,254.0,7.0,90.0
nms,NMS,0581_0562535807_01_WRI-L2_F005.PNG,FP,0.012568578216519055,0.0,,no_gt_match_or_lower_confidence_on_same_gt,NMS5,5,5,188.0,283.0,77.0,90.0
nms,NMS,0581_0562535807_01_WRI-L2_F005.PNG,FP,0.0035819545133061364,0.03419604200514132,0,no_gt_match_or_lower_confidence_on_same_gt,NMS6,1,1,158.0,429.0,136.0,148.0
nms,NMS,0589_0821736373_04_WRI-L1_M017.PNG,TP,0.7551055885543262,0.6473960896350687,0,matched_gt_highest_confidence,NMS1,12,12,306.0,736.0,181.0,126.0
nms,NMS,0589_0821736373_04_WRI-L1_M017.PNG,FP,0.5431146230142427,0.0,,no_gt_match_or_lower_confidence_on_same_gt,NMS2,14,14,206.0,376.0,181.0,126.0
nms,NMS,0589_0821736373_04_WRI-L1_M017.PNG,FP,0.41169560630848967,0.0,,no_gt_match_or_lower_confidence_on_same_gt,NMS3,1,1,124.0,729.0,143.0,100.0
nms,NMS,0589_0821736373_04_WRI-L1_M017.PNG,FP,0.26731647844794076,0.0,,no_gt_match_or_lower_confidence_on_same_gt,NMS4,19,19,133.0,322.0,134.0,94.0
nms,NMS,0589_0821736373_04_WRI-L1_M017.PNG,FP,0.2653067863965602,0.0,,no_gt_match_or_lower_confidence_on_same_gt,NMS5,28,"28,18",298.0,293.0,91.0,90.0
nms,NMS,0589_0821736373_04_WRI-L1_M017.PNG,FP,0.2071836382215131,0.0,,no_gt_match_or_lower_confidence_on_same_gt,NMS6,9,9,176.0,476.0,181.0,126.0
nms,NMS,0589_0821736373_04_WRI-L1_M017.PNG,FP,0.1732155175201517,0.15014190198759902,0,no_gt_match_or_lower_confidence_on_same_gt,NMS7,6,6,256.0,646.0,181.0,126.0
nms,NMS,0589_0821736373_04_WRI-L1_M017.PNG,FP,0.12964012238624387,0.1644591875802504,0,no_gt_match_or_lower_confidence_on_same_gt,NMS8,4,4,456.0,744.0,103.0,90.0
nms,NMS,0589_0821736373_04_WRI-L1_M017.PNG,FP,0.12663664811690328,0.0,,no_gt_match_or_lower_confidence_on_same_gt,NMS9,29,29,67.0,474.0,21.0,90.0
nms,NMS,0589_0821736373_04_WRI-L1_M017.PNG,FP,0.11620886017632825,0.0,,no_gt_match_or_lower_confidence_on_same_gt,NMS10,7,7,346.0,397.0,177.0,124.0
nms,NMS,0589_0821736373_04_WRI-L1_M017.PNG,FP,0.11552127086269648,0.0,,no_gt_match_or_lower_confidence_on_same_gt,NMS11,21,21,168.0,514.0,99.0,90.0
nms,NMS,0589_0821736373_04_WRI-L1_M017.PNG,FP,0.10999044933214515,0.0,,no_gt_match_or_lower_confidence_on_same_gt,NMS12,27,27,41.0,377.0,23.0,90.0
nms,NMS,0589_0821736373_04_WRI-L1_M017.PNG,FP,0.08814021918490274,0.0,,no_gt_match_or_lower_confidence_on_same_gt,NMS13,15,15,54.0,434.0,24.0,90.0
nms,NMS,0589_0821736373_04_WRI-L1_M017.PNG,FP,0.08087164809998924,0.0,,no_gt_match_or_lower_confidence_on_same_gt,NMS14,25,25,101.0,590.0,17.0,90.0
nms,NMS,0589_0821736373_04_WRI-L1_M017.PNG,FP,0.08049276991251113,0.0,,no_gt_match_or_lower_confidence_on_same_gt,NMS15,24,24,521.0,300.0,3.0,90.0
nms,NMS,0589_0821736373_04_WRI-L1_M017.PNG,FP,0.07478242955182236,0.0,,no_gt_match_or_lower_confidence_on_same_gt,NMS16,32,32,101.0,259.0,84.0,90.0
nms,NMS,0589_0821736373_04_WRI-L1_M017.PNG,FP,0.07299628153082453,0.0,,no_gt_match_or_lower_confidence_on_same_gt,NMS17,22,22,556.0,513.0,7.0,90.0
nms,NMS,0589_0821736373_04_WRI-L1_M017.PNG,FP,0.06790137988129087,0.0,,no_gt_match_or_lower_confidence_on_same_gt,NMS18,3,3,587.0,624.0,48.0,90.0
nms,NMS,0589_0821736373_04_WRI-L1_M017.PNG,FP,0.06287079137019516,0.0,,no_gt_match_or_lower_confidence_on_same_gt,NMS19,5,5,546.0,314.0,50.0,90.0
nms,NMS,0589_0821736373_04_WRI-L1_M017.PNG,FP,0.05646902421910116,0.0,,no_gt_match_or_lower_confidence_on_same_gt,NMS20,23,23,564.0,756.0,7.0,90.0
nms,NMS,0589_0821736373_04_WRI-L1_M017.PNG,FP,0.05275887059299007,0.21607128431778239,0,no_gt_match_or_lower_confidence_on_same_gt,NMS21,8,8,206.0,726.0,181.0,126.0
nms,NMS,0589_0821736373_04_WRI-L1_M017.PNG,FP,0.04750861441752568,0.0014854210455524748,0,no_gt_match_or_lower_confidence_on_same_gt,NMS22,10,10,172.0,611.0,165.0,116.0
nms,NMS,0589_0821736373_04_WRI-L1_M017.PNG,FP,0.046356703791608146,0.0,,no_gt_match_or_lower_confidence_on_same_gt,NMS23,31,31,220.0,298.0,93.0,90.0
nms,NMS,0589_0821736373_04_WRI-L1_M017.PNG,FP,0.03556540396098122,0.0,,no_gt_match_or_lower_confidence_on_same_gt,NMS24,2,2,576.0,414.0,59.0,90.0
nms,NMS,0589_0821736373_04_WRI-L1_M017.PNG,FP,0.030838258223387024,0.0,,no_gt_match_or_lower_confidence_on_same_gt,NMS25,16,16,131.0,411.0,136.0,96.0
nms,NMS,0589_0821736373_04_WRI-L1_M017.PNG,FP,0.026295227202109726,0.0,,no_gt_match_or_lower_confidence_on_same_gt,NMS26,33,33,114.0,732.0,91.0,90.0
nms,NMS,0589_0821736373_04_WRI-L1_M017.PNG,FP,0.023877831425038614,0.0453980294320436,0,no_gt_match_or_lower_confidence_on_same_gt,NMS27,17,17,406.0,638.0,145.0,102.0
nms,NMS,0589_0821736373_04_WRI-L1_M017.PNG,FP,0.023310105830627124,0.0,,no_gt_match_or_lower_confidence_on_same_gt,NMS28,13,13,316.0,547.0,149.0,104.0
nms,NMS,0589_0821736373_04_WRI-L1_M017.PNG,FP,0.01998515882753885,0.0,,no_gt_match_or_lower_confidence_on_same_gt,NMS29,20,20,107.0,614.0,34.0,90.0
nms,NMS,0589_0821736373_04_WRI-L1_M017.PNG,FP,0.01815877288803262,0.0,,no_gt_match_or_lower_confidence_on_same_gt,NMS30,11,11,528.0,504.0,82.0,90.0
nms,NMS,0589_0821736373_04_WRI-L1_M017.PNG,FP,0.008313067482203495,0.0,,no_gt_match_or_lower_confidence_on_same_gt,NMS31,34,34,462.0,616.0,91.0,90.0
nms,NMS,0589_0821736373_04_WRI-L1_M017.PNG,FP,0.007635062245803935,0.0,,no_gt_match_or_lower_confidence_on_same_gt,NMS32,36,36,616.0,370.0,32.0,90.0
nms,NMS,0589_0821736373_04_WRI-L1_M017.PNG,FP,0.007621658521981581,0.0,,no_gt_match_or_lower_confidence_on_same_gt,NMS33,30,30,415.0,427.0,91.0,90.0
nms,NMS,0589_0821736373_04_WRI-L1_M017.PNG,FP,0.007276352850883487,0.0,,no_gt_match_or_lower_confidence_on_same_gt,NMS34,35,35,198.0,530.0,91.0,90.0
nms,NMS,0589_0821736373_04_WRI-L1_M017.PNG,FP,0.0005697267557234506,0.0,,no_gt_match_or_lower_confidence_on_same_gt,NMS35,26,26,354.0,566.0,91.0,90.0
nms,NMS,0598_0792616571_01_WRI-L1_F008.png,IGNORE,0.9905199592667283,0.4935628654851972,0,overlap_ge_ignore_iou_with_found_gt,NMS1,1,1,242.0,342.0,133.0,94.0
nms,NMS,0598_0792616571_01_WRI-L1_F008.png,TP,0.6884636639269294,0.5302947050623638,0,matched_gt_highest_confidence,NMS2,7,7,263.0,385.0,90.0,90.0
nms,NMS,0598_0792616571_01_WRI-L1_F008.png,FP,0.23304744471100733,0.0,,no_gt_match_or_lower_confidence_on_same_gt,NMS3,4,4,190.0,696.0,71.0,90.0
nms,NMS,0598_0792616571_01_WRI-L1_F008.png,FP,0.12234744609863532,0.0,,no_gt_match_or_lower_confidence_on_same_gt,NMS4,2,"2,5",160.0,354.0,58.0,90.0
nms,NMS,0598_0792616571_01_WRI-L1_F008.png,FP,0.05717429159924879,0.0,,no_gt_match_or_lower_confidence_on_same_gt,NMS5,3,3,232.0,579.0,9.0,90.0
nms,NMS,0598_0792616571_01_WRI-L1_F008.png,FP,0.0008208961707452183,0.0,,no_gt_match_or_lower_confidence_on_same_gt,NMS6,6,6,266.0,282.0,91.0,90.0
nms,NMS,0598_0792844418_02_WRI-L2_F008.png,TP,0.9207936037268599,0.6522515955966699,0,matched_gt_highest_confidence,NMS1,2,2,165.0,414.0,119.0,90.0
nms,NMS,0598_0792844418_02_WRI-L2_F008.png,FP,0.16687863629021443,0.0,,no_gt_match_or_lower_confidence_on_same_gt,NMS2,4,4,198.0,544.0,59.0,90.0
nms,NMS,0598_0792844418_02_WRI-L2_F008.png,FP,0.1553989775433535,0.23470456597579192,0,no_gt_match_or_lower_confidence_on_same_gt,NMS3,11,11,194.0,378.0,91.0,90.0
nms,NMS,0598_0792844418_02_WRI-L2_F008.png,FP,0.08487083030867273,0.0,,no_gt_match_or_lower_confidence_on_same_gt,NMS4,10,10,296.0,561.0,11.0,90.0
nms,NMS,0598_0792844418_02_WRI-L2_F008.png,FP,0.06105403824227303,0.0,,no_gt_match_or_lower_confidence_on_same_gt,NMS5,7,7,75.0,324.0,55.0,90.0
nms,NMS,0598_0792844418_02_WRI-L2_F008.png,FP,0.05317836690541203,0.012002001263587121,0,no_gt_match_or_lower_confidence_on_same_gt,NMS6,8,8,198.0,517.0,19.0,90.0
nms,NMS,0598_0792844418_02_WRI-L2_F008.png,FP,0.03324742422135383,0.0,,no_gt_match_or_lower_confidence_on_same_gt,NMS7,6,6,64.0,574.0,36.0,90.0
nms,NMS,0598_0792844418_02_WRI-L2_F008.png,FP,0.013253009280267219,0.0,,no_gt_match_or_lower_confidence_on_same_gt,NMS8,12,12,71.0,481.0,37.0,90.0
nms,NMS,0598_0792844418_02_WRI-L2_F008.png,FP,0.012071500843817163,0.0,,no_gt_match_or_lower_confidence_on_same_gt,NMS9,13,13,76.0,204.0,61.0,90.0
nms,NMS,0598_0792844418_02_WRI-L2_F008.png,FP,0.00955251148101793,0.0,,no_gt_match_or_lower_confidence_on_same_gt,NMS10,9,"9,1",230.0,250.0,51.0,90.0
nms,NMS,0598_0792844418_02_WRI-L2_F008.png,FP,0.009542652751288195,0.0,,no_gt_match_or_lower_confidence_on_same_gt,NMS11,5,5,75.0,434.0,56.0,90.0
nms,NMS,0598_0792844418_02_WRI-L2_F008.png,FP,0.00400345123600284,0.0,,no_gt_match_or_lower_confidence_on_same_gt,NMS12,3,"3,14",324.0,224.0,49.0,90.0
nms,NMS,0611_0470785500_02_WRI-L2_F014.png,FP,0.7742910950834248,0.23325498274058631,0,no_gt_match_or_lower_confidence_on_same_gt,NMS1,2,2,264.0,475.0,101.0,90.0
nms,NMS,0611_0470785500_02_WRI-L2_F014.png,FP,0.756467552926866,0.24049381278482118,0,no_gt_match_or_lower_confidence_on_same_gt,NMS2,1,1,238.0,359.0,146.0,102.0
nms,NMS,0611_0470785500_02_WRI-L2_F014.png,FP,0.17163354125713282,0.0,,no_gt_match_or_lower_confidence_on_same_gt,NMS3,5,5,282.0,804.0,130.0,92.0
nms,NMS,0611_0470785500_02_WRI-L2_F014.png,FP,0.15042368861841462,0.0,,no_gt_match_or_lower_confidence_on_same_gt,NMS4,4,4,276.0,585.0,95.0,90.0
nms,NMS,0611_0470785500_02_WRI-L2_F014.png,FP,0.1496303538481394,0.0,,no_gt_match_or_lower_confidence_on_same_gt,NMS5,13,13,274.0,527.0,91.0,90.0
nms,NMS,0611_0470785500_02_WRI-L2_F014.png,TP,0.08124001217096517,0.5393441234633268,0,matched_gt_highest_confidence,NMS6,14,14,250.0,418.0,91.0,90.0
nms,NMS,0611_0470785500_02_WRI-L2_F014.png,FP,0.07930965252218634,0.0,,no_gt_match_or_lower_confidence_on_same_gt,NMS7,7,7,214.0,739.0,9.0,90.0
nms,NMS,0611_0470785500_02_WRI-L2_F014.png,FP,0.07530239040110062,0.0,,no_gt_match_or_lower_confidence_on_same_gt,NMS8,6,"6,11",196.0,855.0,41.0,90.0
nms,NMS,0611_0470785500_02_WRI-L2_F014.png,FP,0.033960549206600986,0.0,,no_gt_match_or_lower_confidence_on_same_gt,NMS9,8,8,401.0,616.0,13.0,90.0
nms,NMS,0611_0470785500_02_WRI-L2_F014.png,FP,0.030529859801148033,0.0,,no_gt_match_or_lower_confidence_on_same_gt,NMS10,9,9,135.0,349.0,15.0,90.0
nms,NMS,0611_0470785500_02_WRI-L2_F014.png,FP,0.01644206021846422,0.0,,no_gt_match_or_lower_confidence_on_same_gt,NMS11,3,3,301.0,695.0,122.0,90.0
nms,NMS,0611_0470785500_02_WRI-L2_F014.png,FP,0.0015377267427438683,0.0,,no_gt_match_or_lower_confidence_on_same_gt,NMS12,12,12,237.0,298.0,91.0,90.0
nms,NMS,0611_0470785500_02_WRI-L2_F014.png,FP,0.000692470544344843,0.0,,no_gt_match_or_lower_confidence_on_same_gt,NMS13,10,10,302.0,311.0,91.0,90.0
nms,NMS,0627_1041082936_04_WRI-L2_M010.PNG,TP,0.8217508388295925,0.5246355835144821,0,matched_gt_highest_confidence,NMS1,1,1,120.0,597.0,57.0,90.0
nms,NMS,0627_1041082936_04_WRI-L2_M010.PNG,FP,0.009713399338936064,0.0,,no_gt_match_or_lower_confidence_on_same_gt,NMS2,2,2,134.0,467.0,21.0,90.0
nms,NMS,0628_0628606612_01_WRI-L2_F007.PNG,FP,0.6670618327065642,0.10658332658679007,0,no_gt_match_or_lower_confidence_on_same_gt,NMS1,1,1,145.0,345.0,113.0,90.0
nms,NMS,0628_0628606612_01_WRI-L2_F007.PNG,TP,0.6513303264162373,0.5170097288988016,0,matched_gt_highest_confidence,NMS2,7,7,170.0,408.0,76.0,90.0
nms,NMS,0628_0628606612_01_WRI-L2_F007.PNG,FP,0.22170637294159995,0.0,,no_gt_match_or_lower_confidence_on_same_gt,NMS3,2,2,165.0,675.0,65.0,90.0
nms,NMS,0628_0628606612_01_WRI-L2_F007.PNG,FP,0.09071571300743078,0.0,,no_gt_match_or_lower_confidence_on_same_gt,NMS4,6,6,174.0,215.0,135.0,94.0
nms,NMS,0628_0628606612_01_WRI-L2_F007.PNG,FP,0.07364694111949635,0.0,,no_gt_match_or_lower_confidence_on_same_gt,NMS5,3,3,280.0,538.0,3.0,90.0
nms,NMS,0628_0628606612_01_WRI-L2_F007.PNG,FP,0.07312685499747013,0.0,,no_gt_match_or_lower_confidence_on_same_gt,NMS6,5,5,247.0,642.0,63.0,90.0
nms,NMS,0628_0628606612_01_WRI-L2_F007.PNG,FP,0.05045042526678364,0.0,,no_gt_match_or_lower_confidence_on_same_gt,NMS7,4,4,172.0,293.0,91.0,90.0
nms,NMS,0641_0946080010_02_WRI-R2_F012.png,TP,0.8108420408073589,0.5692260099556354,0,matched_gt_highest_confidence,NMS1,8,"8,4",287.0,464.0,91.0,90.0
nms,NMS,0641_0946080010_02_WRI-R2_F012.png,FP,0.778227188323832,0.10397954726458454,0,no_gt_match_or_lower_confidence_on_same_gt,NMS2,2,2,242.0,382.0,132.0,92.0
nms,NMS,0641_0946080010_02_WRI-R2_F012.png,FP,0.41767431434125385,0.0,,no_gt_match_or_lower_confidence_on_same_gt,NMS3,7,7,297.0,349.0,91.0,90.0
nms,NMS,0641_0946080010_02_WRI-R2_F012.png,FP,0.08735785642940531,0.0,,no_gt_match_or_lower_confidence_on_same_gt,NMS4,1,1,299.0,733.0,125.0,90.0
nms,NMS,0641_0946080010_02_WRI-R2_F012.png,FP,0.01817177576027325,0.0,,no_gt_match_or_lower_confidence_on_same_gt,NMS5,6,6,314.0,993.0,110.0,90.0
nms,NMS,0641_0946080010_02_WRI-R2_F012.png,FP,0.011165028710227285,0.0,,no_gt_match_or_lower_confidence_on_same_gt,NMS6,3,3,305.0,853.0,129.0,90.0
nms,NMS,0641_0946080010_02_WRI-R2_F012.png,FP,0.005842811597676544,0.0,,no_gt_match_or_lower_confidence_on_same_gt,NMS7,5,5,294.0,633.0,115.0,90.0
nms,NMS,0642_0931369220_01_WRI-L2_F009.png,TP,0.9847383942732969,0.7401535514606491,0,matched_gt_highest_confidence,NMS1,1,1,86.0,425.0,107.0,90.0
nms,NMS,0642_0931369220_01_WRI-L2_F009.png,FP,0.09090985834211705,0.0,,no_gt_match_or_lower_confidence_on_same_gt,NMS2,2,2,90.0,525.0,87.0,90.0
nms,NMS,0642_0931369220_01_WRI-L2_F009.png,FP,0.07655739918149956,0.0,,no_gt_match_or_lower_confidence_on_same_gt,NMS3,4,4,258.0,204.0,1.0,90.0
nms,NMS,0642_0931369220_01_WRI-L2_F009.png,FP,0.03964300592071071,0.0,,no_gt_match_or_lower_confidence_on_same_gt,NMS4,3,3,169.0,261.0,16.0,90.0
nms,NMS,0642_0931369220_01_WRI-L2_F009.png,FP,0.0041023364555385034,0.020517328527501367,0,no_gt_match_or_lower_confidence_on_same_gt,NMS5,5,5,115.0,355.0,91.0,90.0
nms,NMS,0647_0425957122_01_WRI-L2_F008.PNG,FP,0.3092730396224148,0.0,,no_gt_match_or_lower_confidence_on_same_gt,NMS1,4,4,275.0,375.0,105.0,90.0
nms,NMS,0647_0425957122_01_WRI-L2_F008.PNG,TP,0.1555211895088366,0.5147615433839103,0,matched_gt_highest_confidence,NMS2,5,5,261.0,485.0,122.0,90.0
nms,NMS,0647_0425957122_01_WRI-L2_F008.PNG,FP,0.05977298892503701,0.0,,no_gt_match_or_lower_confidence_on_same_gt,NMS3,1,1,266.0,705.0,126.0,90.0
nms,NMS,0647_0425957122_01_WRI-L2_F008.PNG,FP,0.01944748529407509,0.0,,no_gt_match_or_lower_confidence_on_same_gt,NMS4,2,2,256.0,821.0,139.0,98.0
nms,NMS,0647_0425957122_01_WRI-L2_F008.PNG,FP,0.0190452243382683,0.0,,no_gt_match_or_lower_confidence_on_same_gt,NMS5,3,3,250.0,575.0,127.0,90.0
nms,NMS,0647_0425957122_01_WRI-L2_F008.PNG,FP,0.00848889488917091,0.0,,no_gt_match_or_lower_confidence_on_same_gt,NMS6,7,7,285.0,289.0,91.0,90.0
nms,NMS,0647_0425957122_01_WRI-L2_F008.PNG,FP,0.0011476155422941547,0.0,,no_gt_match_or_lower_confidence_on_same_gt,NMS7,6,6,323.0,291.0,91.0,90.0
nms,NMS,0699_0308341460_03_WRI-L2_M013.PNG,TP,0.8277903896422394,0.6009775173891992,0,matched_gt_highest_confidence,NMS1,9,"9,11",139.0,595.0,91.0,90.0
nms,NMS,0699_0308341460_03_WRI-L2_M013.PNG,IGNORE,0.6125649310506869,0.3382394644306422,0,overlap_ge_ignore_iou_with_found_gt,NMS2,3,3,163.0,645.0,87.0,90.0
nms,NMS,0699_0308341460_03_WRI-L2_M013.PNG,FP,0.0659928815072028,0.0,,no_gt_match_or_lower_confidence_on_same_gt,NMS3,8,8,153.0,357.0,91.0,90.0
nms,NMS,0699_0308341460_03_WRI-L2_M013.PNG,FP,0.05796555016778324,0.0,,no_gt_match_or_lower_confidence_on_same_gt,NMS4,10,"10,1",360.0,626.0,28.0,90.0
nms,NMS,0699_0308341460_03_WRI-L2_M013.PNG,FP,0.054634011738426615,0.0,,no_gt_match_or_lower_confidence_on_same_gt,NMS5,5,5,120.0,439.0,91.0,90.0
nms,NMS,0699_0308341460_03_WRI-L2_M013.PNG,FP,0.05116308903165295,0.0,,no_gt_match_or_lower_confidence_on_same_gt,NMS6,6,6,203.0,259.0,13.0,90.0
nms,NMS,0699_0308341460_03_WRI-L2_M013.PNG,FP,0.026075096800688202,0.0,,no_gt_match_or_lower_confidence_on_same_gt,NMS7,7,7,132.0,329.0,78.0,90.0
nms,NMS,0699_0308341460_03_WRI-L2_M013.PNG,FP,0.016903528344406494,0.0,,no_gt_match_or_lower_confidence_on_same_gt,NMS8,4,4,125.0,285.0,64.0,90.0
nms,NMS,0699_0308341460_03_WRI-L2_M013.PNG,FP,0.006109439531178701,0.0,,no_gt_match_or_lower_confidence_on_same_gt,NMS9,2,2,102.0,370.0,142.0,100.0
nms,NMS,0749_0874509442_05_WRI-L1_M005.png,FP,0.9628930364773688,0.16325662438805297,0,no_gt_match_or_lower_confidence_on_same_gt,NMS1,1,1,214.0,234.0,161.0,112.0
nms,NMS,0749_0874509442_05_WRI-L1_M005.png,TP,0.8473268890737855,0.5463760874509309,1,matched_gt_highest_confidence,NMS2,8,8,132.0,359.0,91.0,90.0
nms,NMS,0749_0874509442_05_WRI-L1_M005.png,FP,0.6817231763186109,0.0,,no_gt_match_or_lower_confidence_on_same_gt,NMS3,3,3,136.0,175.0,129.0,90.0
nms,NMS,0749_0874509442_05_WRI-L1_M005.png,TP,0.33433657593562255,0.617127324482619,0,matched_gt_highest_confidence,NMS4,9,9,277.0,321.0,91.0,90.0
nms,NMS,0749_0874509442_05_WRI-L1_M005.png,FP,0.07512206584539885,0.0,,no_gt_match_or_lower_confidence_on_same_gt,NMS5,7,7,288.0,211.0,91.0,90.0
nms,NMS,0749_0874509442_05_WRI-L1_M005.png,FP,0.0666414606410562,0.18383511367798966,0,no_gt_match_or_lower_confidence_on_same_gt,NMS6,4,4,137.0,311.0,168.0,118.0
nms,NMS,0749_0874509442_05_WRI-L1_M005.png,FP,0.06389905694048029,0.0,,no_gt_match_or_lower_confidence_on_same_gt,NMS7,5,5,265.0,113.0,93.0,90.0
nms,NMS,0749_0874509442_05_WRI-L1_M005.png,FP,0.0596446543483813,0.0,,no_gt_match_or_lower_confidence_on_same_gt,NMS8,6,6,151.0,196.0,91.0,90.0
nms,NMS,0749_0874509442_05_WRI-L1_M005.png,IGNORE,0.04256622180701999,0.31086080643567066,0,overlap_ge_ignore_iou_with_found_gt,NMS9,2,2,214.0,346.0,155.0,108.0
nms,NMS,0749_0874509515_05_WRI-L2_M005.png,FP,0.7141723550284707,0.0,,no_gt_match_or_lower_confidence_on_same_gt,NMS1,4,4,224.0,574.0,78.0,90.0
nms,NMS,0749_0874509515_05_WRI-L2_M005.png,FP,0.6650703041604789,0.0,,no_gt_match_or_lower_confidence_on_same_gt,NMS2,1,1,223.0,284.0,110.0,90.0
nms,NMS,0749_0874509515_05_WRI-L2_M005.png,TP,0.5999969731082452,0.749812685385594,0,matched_gt_highest_confidence,NMS3,11,11,246.0,373.0,91.0,90.0
nms,NMS,0749_0874509515_05_WRI-L2_M005.png,FP,0.5114367428472689,0.11351303149807926,0,no_gt_match_or_lower_confidence_on_same_gt,NMS4,2,2,236.0,441.0,136.0,96.0
nms,NMS,0749_0874509515_05_WRI-L2_M005.png,IGNORE,0.442969098195165,0.3401776959713037,0,overlap_ge_ignore_iou_with_found_gt,NMS5,6,6,214.0,411.0,108.0,90.0
nms,NMS,0749_0874509515_05_WRI-L2_M005.png,FP,0.07462398703791545,0.0,,no_gt_match_or_lower_confidence_on_same_gt,NMS6,8,8,330.0,548.0,4.0,90.0
nms,NMS,0749_0874509515_05_WRI-L2_M005.png,FP,0.06780061694669802,0.0,,no_gt_match_or_lower_confidence_on_same_gt,NMS7,10,10,249.0,256.0,91.0,90.0
nms,NMS,0749_0874509515_05_WRI-L2_M005.png,FP,0.06131852723811058,0.0,,no_gt_match_or_lower_confidence_on_same_gt,NMS8,7,7,463.0,197.0,7.0,90.0
nms,NMS,0749_0874509515_05_WRI-L2_M005.png,FP,0.02537743021373413,0.0,,no_gt_match_or_lower_confidence_on_same_gt,NMS9,9,9,201.0,239.0,91.0,90.0
nms,NMS,0749_0874509515_05_WRI-L2_M005.png,FP,0.009231862975428924,0.0,,no_gt_match_or_lower_confidence_on_same_gt,NMS10,5,5,124.0,334.0,22.0,90.0
nms,NMS,0749_0874509515_05_WRI-L2_M005.png,FP,0.0014600688465700711,0.0,,no_gt_match_or_lower_confidence_on_same_gt,NMS11,3,3,148.0,244.0,38.0,90.0
nms,NMS,0791_0965671308_03_WRI-L2_M016.png,FP,0.5076548956402109,0.00348980818706464,0,no_gt_match_or_lower_confidence_on_same_gt,NMS1,1,1,115.0,511.0,141.0,98.0
nms,NMS,0791_0965671308_03_WRI-L2_M016.png,TP,0.3564808653689544,0.5863275659839683,0,matched_gt_highest_confidence,NMS2,2,2,130.0,407.0,150.0,106.0
nms,NMS,0791_0965671308_03_WRI-L2_M016.png,FP,0.27219920400995046,0.0,,no_gt_match_or_lower_confidence_on_same_gt,NMS3,4,4,123.0,625.0,126.0,90.0
nms,NMS,0791_0965671308_03_WRI-L2_M016.png,FP,0.08538423837623131,0.0,,no_gt_match_or_lower_confidence_on_same_gt,NMS4,5,"5,6",120.0,225.0,112.0,90.0
nms,NMS,0791_0965671308_03_WRI-L2_M016.png,FP,0.009558644207860486,0.06348102808140293,0,no_gt_match_or_lower_confidence_on_same_gt,NMS5,3,"3,8",126.0,315.0,117.0,90.0
nms,NMS,0791_0965671308_03_WRI-L2_M016.png,FP,0.004712550761683197,0.16740940448304972,0,no_gt_match_or_lower_confidence_on_same_gt,NMS6,7,7,154.0,351.0,91.0,90.0
nms,NMS,0798_1176968591_01_WRI-L2_M010.PNG,TP,0.8227459211239346,0.5697223524787909,0,matched_gt_highest_confidence,NMS1,1,1,268.0,359.0,181.0,126.0
nms,NMS,0798_1176968591_01_WRI-L2_M010.PNG,FP,0.7361946175689469,0.0,,no_gt_match_or_lower_confidence_on_same_gt,NMS2,11,11,113.0,560.0,36.0,90.0
nms,NMS,0798_1176968591_01_WRI-L2_M010.PNG,FP,0.248324353137729,0.0,,no_gt_match_or_lower_confidence_on_same_gt,NMS3,12,12,89.0,870.0,35.0,90.0
nms,NMS,0798_1176968591_01_WRI-L2_M010.PNG,FP,0.23244250748613907,0.21233203521581143,0,no_gt_match_or_lower_confidence_on_same_gt,NMS4,3,3,318.0,462.0,171.0,120.0
nms,NMS,0798_1176968591_01_WRI-L2_M010.PNG,IGNORE,0.23013875904729858,0.32929826669170004,0,overlap_ge_ignore_iou_with_found_gt,NMS5,8,8,291.0,423.0,91.0,90.0
nms,NMS,0798_1176968591_01_WRI-L2_M010.PNG,IGNORE,0.10570298842554317,0.3775638038855241,0,overlap_ge_ignore_iou_with_found_gt,NMS6,2,2,358.0,377.0,157.0,110.0
nms,NMS,0798_1176968591_01_WRI-L2_M010.PNG,FP,0.10396281123936918,0.15913833037774525,0,no_gt_match_or_lower_confidence_on_same_gt,NMS7,10,10,417.0,426.0,91.0,90.0
nms,NMS,0798_1176968591_01_WRI-L2_M010.PNG,FP,0.10239390064384239,0.0,,no_gt_match_or_lower_confidence_on_same_gt,NMS8,5,5,268.0,817.0,87.0,90.0
nms,NMS,0798_1176968591_01_WRI-L2_M010.PNG,FP,0.06057246999075329,0.09000596917442127,0,no_gt_match_or_lower_confidence_on_same_gt,NMS9,13,13,325.0,485.0,91.0,90.0
nms,NMS,0798_1176968591_01_WRI-L2_M010.PNG,FP,0.04759924031569987,0.0,,no_gt_match_or_lower_confidence_on_same_gt,NMS10,14,14,105.0,686.0,38.0,90.0
nms,NMS,0798_1176968591_01_WRI-L2_M010.PNG,FP,0.03997892267464044,0.0,,no_gt_match_or_lower_confidence_on_same_gt,NMS11,6,6,502.0,318.0,20.0,90.0
nms,NMS,0798_1176968591_01_WRI-L2_M010.PNG,FP,0.019620457244752185,0.0,,no_gt_match_or_lower_confidence_on_same_gt,NMS12,4,4,247.0,907.0,96.0,90.0
nms,NMS,0798_1176968591_01_WRI-L2_M010.PNG,FP,0.007088288762797157,0.09328954417710025,0,no_gt_match_or_lower_confidence_on_same_gt,NMS13,7,7,301.0,323.0,91.0,90.0
nms,NMS,0798_1176968591_01_WRI-L2_M010.PNG,FP,0.004971892174365284,0.0,,no_gt_match_or_lower_confidence_on_same_gt,NMS14,9,9,118.0,453.0,54.0,90.0
nms,NMS,0798_1177663651_03_WRI-R2_M010.png,TP,0.8478357540575677,0.5116840631090265,0,matched_gt_highest_confidence,NMS1,10,10,143.0,552.0,91.0,90.0
nms,NMS,0798_1177663651_03_WRI-R2_M010.png,FP,0.7437256038252676,0.0,,no_gt_match_or_lower_confidence_on_same_gt,NMS2,7,7,153.0,414.0,91.0,90.0
nms,NMS,0798_1177663651_03_WRI-R2_M010.png,FP,0.5755917316752198,0.0,,no_gt_match_or_lower_confidence_on_same_gt,NMS3,1,1,118.0,368.0,118.0,90.0
nms,NMS,0798_1177663651_03_WRI-R2_M010.png,FP,0.3641213420748885,0.13237546916757578,0,no_gt_match_or_lower_confidence_on_same_gt,NMS4,3,3,156.0,628.0,113.0,90.0
nms,NMS,0798_1177663651_03_WRI-R2_M010.png,FP,0.25283440288845294,0.0,,no_gt_match_or_lower_confidence_on_same_gt,NMS5,5,5,174.0,728.0,99.0,90.0
nms,NMS,0798_1177663651_03_WRI-R2_M010.png,IGNORE,0.16141336076031362,0.3290308285423753,0,overlap_ge_ignore_iou_with_found_gt,NMS6,2,2,154.0,498.0,115.0,90.0
nms,NMS,0798_1177663651_03_WRI-R2_M010.png,FP,0.06838733079218727,0.0,,no_gt_match_or_lower_confidence_on_same_gt,NMS7,6,6,145.0,824.0,7.0,90.0
nms,NMS,0798_1177663651_03_WRI-R2_M010.png,FP,0.012694366689440241,0.0,,no_gt_match_or_lower_confidence_on_same_gt,NMS8,4,4,196.0,868.0,82.0,90.0
nms,NMS,0798_1177663651_03_WRI-R2_M010.png,FP,0.01232713514069828,0.0,,no_gt_match_or_lower_confidence_on_same_gt,NMS9,9,9,155.0,292.0,92.0,90.0
nms,NMS,0798_1177663651_03_WRI-R2_M010.png,FP,0.0017177794076737969,0.0,,no_gt_match_or_lower_confidence_on_same_gt,NMS10,8,8,118.0,296.0,91.0,90.0
nms,NMS,0809_0409215096_03_WRI-L2_F007.png,TP,0.9404603137783041,0.6537024704996922,0,matched_gt_highest_confidence,NMS1,7,7,142.0,385.0,64.0,90.0
nms,NMS,0809_0409215096_03_WRI-L2_F007.png,FP,0.1990017951342552,0.03858011261550602,0,no_gt_match_or_lower_confidence_on_same_gt,NMS2,2,"2,3",145.0,315.0,93.0,90.0
nms,NMS,0809_0409215096_03_WRI-L2_F007.png,FP,0.15934991660945794,0.0,,no_gt_match_or_lower_confidence_on_same_gt,NMS3,4,4,144.0,186.0,91.0,90.0
nms,NMS,0809_0409215096_03_WRI-L2_F007.png,FP,0.005833213782806843,0.14272542626334414,0,no_gt_match_or_lower_confidence_on_same_gt,NMS4,1,1,153.0,445.0,55.0,90.0
nms,NMS,0809_0409215096_03_WRI-L2_F007.png,FP,0.0038679158933766244,0.0,,no_gt_match_or_lower_confidence_on_same_gt,NMS5,6,6,213.0,160.0,91.0,90.0
nms,NMS,0809_0409215096_03_WRI-L2_F007.png,FP,0.0005908496709190988,0.0,,no_gt_match_or_lower_confidence_on_same_gt,NMS6,5,5,164.0,275.0,91.0,90.0
nms,NMS,0812_0349793895_03_WRI-L2_M013.PNG,FP,0.8929656181485682,0.0,,no_gt_match_or_lower_confidence_on_same_gt,NMS1,11,11,107.0,744.0,181.0,126.0
nms,NMS,0812_0349793895_03_WRI-L2_M013.PNG,TP,0.7810390441254084,0.6218943589167978,0,matched_gt_highest_confidence,NMS2,5,5,197.0,544.0,181.0,126.0
nms,NMS,0812_0349793895_03_WRI-L2_M013.PNG,FP,0.3846388502918686,0.0,,no_gt_match_or_lower_confidence_on_same_gt,NMS3,9,9,73.0,642.0,125.0,90.0
nms,NMS,0812_0349793895_03_WRI-L2_M013.PNG,FP,0.2714027886845421,0.0,,no_gt_match_or_lower_confidence_on_same_gt,NMS4,10,10,166.0,292.0,102.0,90.0
nms,NMS,0812_0349793895_03_WRI-L2_M013.PNG,FP,0.09704865537601436,0.0,,no_gt_match_or_lower_confidence_on_same_gt,NMS5,4,4,177.0,314.0,181.0,126.0
nms,NMS,0812_0349793895_03_WRI-L2_M013.PNG,FP,0.09251254008688015,0.0,,no_gt_match_or_lower_confidence_on_same_gt,NMS6,7,7,267.0,314.0,181.0,126.0
nms,NMS,0812_0349793895_03_WRI-L2_M013.PNG,FP,0.07895743275364817,0.23926635794274353,0,no_gt_match_or_lower_confidence_on_same_gt,NMS7,16,16,328.0,533.0,91.0,90.0
nms,NMS,0812_0349793895_03_WRI-L2_M013.PNG,FP,0.050056969611794164,0.0,,no_gt_match_or_lower_confidence_on_same_gt,NMS8,15,15,418.0,302.0,91.0,90.0
nms,NMS,0812_0349793895_03_WRI-L2_M013.PNG,FP,0.03905731991510215,0.0,,no_gt_match_or_lower_confidence_on_same_gt,NMS9,6,6,187.0,659.0,166.0,116.0
nms,NMS,0812_0349793895_03_WRI-L2_M013.PNG,FP,0.023673594250351003,0.0,,no_gt_match_or_lower_confidence_on_same_gt,NMS10,13,13,365.0,390.0,91.0,90.0
nms,NMS,0812_0349793895_03_WRI-L2_M013.PNG,FP,0.011300890573827273,0.15768891138101224,0,no_gt_match_or_lower_confidence_on_same_gt,NMS11,3,3,217.0,454.0,181.0,126.0
nms,NMS,0812_0349793895_03_WRI-L2_M013.PNG,FP,0.009830498140732783,0.0,,no_gt_match_or_lower_confidence_on_same_gt,NMS12,1,1,134.0,397.0,144.0,100.0
nms,NMS,0812_0349793895_03_WRI-L2_M013.PNG,FP,0.005791323372373445,0.0,,no_gt_match_or_lower_confidence_on_same_gt,NMS13,8,8,63.0,740.0,135.0,94.0
nms,NMS,0812_0349793895_03_WRI-L2_M013.PNG,FP,0.005281184160360619,0.008823731126922698,0,no_gt_match_or_lower_confidence_on_same_gt,NMS14,12,12,381.0,627.0,56.0,90.0
nms,NMS,0812_0349793895_03_WRI-L2_M013.PNG,FP,0.0025413772502953934,0.0,,no_gt_match_or_lower_confidence_on_same_gt,NMS15,14,14,122.0,442.0,91.0,90.0
nms,NMS,0812_0349793895_03_WRI-L2_M013.PNG,FP,0.0022828002255421685,0.1185220121112938,0,no_gt_match_or_lower_confidence_on_same_gt,NMS16,2,2,107.0,484.0,181.0,126.0
nms,NMS,0817_0782054506_01_WRI-R2_F006.png,TP,0.9886312333346241,0.673526233349971,0,matched_gt_highest_confidence,NMS1,8,8,184.0,483.0,91.0,90.0
nms,NMS,0817_0782054506_01_WRI-R2_F006.png,FP,0.61658573173507,0.16850901005133337,0,no_gt_match_or_lower_confidence_on_same_gt,NMS2,1,1,181.0,435.0,106.0,90.0
nms,NMS,0817_0782054506_01_WRI-R2_F006.png,FP,0.041330419523462544,0.0,,no_gt_match_or_lower_confidence_on_same_gt,NMS3,7,7,197.0,394.0,91.0,90.0
nms,NMS,0817_0782054506_01_WRI-R2_F006.png,FP,0.02369762898956696,0.2811236822724472,0,no_gt_match_or_lower_confidence_on_same_gt,NMS4,2,2,194.0,535.0,99.0,90.0
nms,NMS,0817_0782054506_01_WRI-R2_F006.png,FP,0.0068483823438479545,0.0,,no_gt_match_or_lower_confidence_on_same_gt,NMS5,3,3,227.0,665.0,84.0,90.0
nms,NMS,0817_0782054506_01_WRI-R2_F006.png,FP,0.005357946557686781,0.0,,no_gt_match_or_lower_confidence_on_same_gt,NMS6,5,5,252.0,805.0,83.0,90.0
nms,NMS,0817_0782054506_01_WRI-R2_F006.png,FP,0.0032065912329321444,0.0,,no_gt_match_or_lower_confidence_on_same_gt,NMS7,6,6,188.0,370.0,81.0,90.0
nms,NMS,0817_0782054506_01_WRI-R2_F006.png,FP,0.00035262220684623374,0.0,,no_gt_match_or_lower_confidence_on_same_gt,NMS8,4,4,280.0,1055.0,92.0,90.0
nms,NMS,0818_0571314957_03_WRI-L1_M013.png,TP,0.5441788688901108,0.7834791435164025,0,matched_gt_highest_confidence,NMS1,4,4,280.0,520.0,171.0,120.0
nms,NMS,0818_0571314957_03_WRI-L1_M013.png,FP,0.303372055314465,0.29795327949151507,0,no_gt_match_or_lower_confidence_on_same_gt,NMS2,15,15,346.0,569.0,91.0,90.0
nms,NMS,0818_0571314957_03_WRI-L1_M013.png,FP,0.160278379578498,0.0,,no_gt_match_or_lower_confidence_on_same_gt,NMS3,7,7,17.0,696.0,154.0,108.0
nms,NMS,0818_0571314957_03_WRI-L1_M013.png,FP,0.13154771183246963,0.008320024597468317,0,no_gt_match_or_lower_confidence_on_same_gt,NMS4,6,6,280.0,639.0,145.0,102.0
nms,NMS,0818_0571314957_03_WRI-L1_M013.png,FP,0.0717652412708411,0.0,,no_gt_match_or_lower_confidence_on_same_gt,NMS5,12,12,507.0,307.0,8.0,90.0
nms,NMS,0818_0571314957_03_WRI-L1_M013.png,FP,0.06078789594896342,0.0,,no_gt_match_or_lower_confidence_on_same_gt,NMS6,3,3,24.0,572.0,167.0,116.0
nms,NMS,0818_0571314957_03_WRI-L1_M013.png,FP,0.05484563582345434,0.0,,no_gt_match_or_lower_confidence_on_same_gt,NMS7,10,"10,14",290.0,325.0,102.0,90.0
nms,NMS,0818_0571314957_03_WRI-L1_M013.png,FP,0.047329289306846205,0.0,,no_gt_match_or_lower_confidence_on_same_gt,NMS8,1,1,30.0,797.0,181.0,126.0
nms,NMS,0818_0571314957_03_WRI-L1_M013.png,FP,0.04404554755327209,0.0,,no_gt_match_or_lower_confidence_on_same_gt,NMS9,13,13,347.0,792.0,91.0,90.0
nms,NMS,0818_0571314957_03_WRI-L1_M013.png,FP,0.033773841112878684,0.16197354509613826,0,no_gt_match_or_lower_confidence_on_same_gt,NMS10,5,5,160.0,547.0,181.0,126.0
nms,NMS,0818_0571314957_03_WRI-L1_M013.png,FP,0.031213552272168807,0.020314039922237168,0,no_gt_match_or_lower_confidence_on_same_gt,NMS11,11,11,401.0,463.0,25.0,90.0
nms,NMS,0818_0571314957_03_WRI-L1_M013.png,FP,0.01496058505986423,0.0,,no_gt_match_or_lower_confidence_on_same_gt,NMS12,9,9,250.0,799.0,174.0,122.0
nms,NMS,0818_0571314957_03_WRI-L1_M013.png,FP,0.004031850691564036,0.0,,no_gt_match_or_lower_confidence_on_same_gt,NMS13,2,2,80.0,707.0,181.0,126.0
nms,NMS,0818_0571314957_03_WRI-L1_M013.png,FP,0.002339081360230702,0.0,,no_gt_match_or_lower_confidence_on_same_gt,NMS14,8,8,120.0,817.0,181.0,126.0
nms,NMS,0827_0782390551_01_WRI-L1_M016.PNG,TP,0.9630185520933996,0.5380778877001566,0,matched_gt_highest_confidence,NMS1,1,1,269.0,292.0,165.0,116.0
nms,NMS,0827_0782390551_01_WRI-L1_M016.PNG,FP,0.5956125427677045,0.0,,no_gt_match_or_lower_confidence_on_same_gt,NMS2,5,5,328.0,545.0,109.0,90.0
nms,NMS,0827_0782390551_01_WRI-L1_M016.PNG,FP,0.21839776679034226,0.0,,no_gt_match_or_lower_confidence_on_same_gt,NMS3,3,3,141.0,465.0,67.0,90.0
nms,NMS,0827_0782390551_01_WRI-L1_M016.PNG,FP,0.08339208726604226,0.0,,no_gt_match_or_lower_confidence_on_same_gt,NMS4,4,4,263.0,605.0,37.0,90.0
nms,NMS,0827_0782390551_01_WRI-L1_M016.PNG,FP,0.08146595646958173,0.0,,no_gt_match_or_lower_confidence_on_same_gt,NMS5,2,"2,10",134.0,315.0,102.0,90.0
nms,NMS,0827_0782390551_01_WRI-L1_M016.PNG,FP,0.05720555612373317,0.0,,no_gt_match_or_lower_confidence_on_same_gt,NMS6,6,6,266.0,578.0,17.0,90.0
nms,NMS,0827_0782390551_01_WRI-L1_M016.PNG,FP,0.04311657159593355,0.0,,no_gt_match_or_lower_confidence_on_same_gt,NMS7,9,9,242.0,696.0,61.0,90.0
nms,NMS,0827_0782390551_01_WRI-L1_M016.PNG,FP,0.041473618231130084,0.1584439072891227,0,no_gt_match_or_lower_confidence_on_same_gt,NMS8,7,7,361.0,279.0,91.0,90.0
nms,NMS,0827_0782390551_01_WRI-L1_M016.PNG,FP,0.0017704855259521959,0.0,,no_gt_match_or_lower_confidence_on_same_gt,NMS9,8,8,152.0,272.0,91.0,90.0
nms,NMS,0844_1081550705_01_WRI-R2_F011.PNG,FP,0.6978386400993989,0.287990873692329,0,no_gt_match_or_lower_confidence_on_same_gt,NMS1,6,6,223.0,399.0,91.0,90.0
nms,NMS,0844_1081550705_01_WRI-R2_F011.PNG,TP,0.4682401088928594,0.7105284358710284,0,matched_gt_highest_confidence,NMS2,1,1,205.0,435.0,128.0,90.0
nms,NMS,0844_1081550705_01_WRI-R2_F011.PNG,FP,0.4452810355063654,0.0,,no_gt_match_or_lower_confidence_on_same_gt,NMS3,7,7,206.0,220.0,91.0,90.0
nms,NMS,0844_1081550705_01_WRI-R2_F011.PNG,FP,0.06376300177557086,0.0,,no_gt_match_or_lower_confidence_on_same_gt,NMS4,5,5,184.0,268.0,7.0,90.0
nms,NMS,0844_1081550705_01_WRI-R2_F011.PNG,FP,0.06213357869799513,0.11626708045913714,0,no_gt_match_or_lower_confidence_on_same_gt,NMS5,3,3,198.0,515.0,110.0,90.0
nms,NMS,0844_1081550705_01_WRI-R2_F011.PNG,FP,0.017160504905311107,0.0,,no_gt_match_or_lower_confidence_on_same_gt,NMS6,4,4,207.0,635.0,125.0,90.0
nms,NMS,0844_1081550705_01_WRI-R2_F011.PNG,FP,0.015378472237913008,0.0,,no_gt_match_or_lower_confidence_on_same_gt,NMS7,2,2,210.0,315.0,107.0,90.0
nms,NMS,0862_0731070423_02_WRI-R1_F007.PNG,TP,0.6455377311748951,0.50146600169525,0,matched_gt_highest_confidence,NMS1,3,3,224.0,376.0,127.0,90.0
nms,NMS,0862_0731070423_02_WRI-R1_F007.PNG,FP,0.613026393928192,0.0,,no_gt_match_or_lower_confidence_on_same_gt,NMS2,10,10,219.0,506.0,91.0,90.0
nms,NMS,0862_0731070423_02_WRI-R1_F007.PNG,TP,0.4832669955877288,0.5342662681666985,1,matched_gt_highest_confidence,NMS3,5,5,407.0,356.0,75.0,90.0
nms,NMS,0862_0731070423_02_WRI-R1_F007.PNG,FP,0.4240090076075881,0.0,,no_gt_match_or_lower_confidence_on_same_gt,NMS4,8,8,205.0,606.0,89.0,90.0
nms,NMS,0862_0731070423_02_WRI-R1_F007.PNG,FP,0.33284083007930193,0.0,,no_gt_match_or_lower_confidence_on_same_gt,NMS5,16,16,525.0,505.0,52.0,90.0
nms,NMS,0862_0731070423_02_WRI-R1_F007.PNG,FP,0.3164870918472296,0.0,,no_gt_match_or_lower_confidence_on_same_gt,NMS6,15,"15,6",510.0,589.0,61.0,90.0
nms,NMS,0862_0731070423_02_WRI-R1_F007.PNG,FP,0.19041576062150592,0.0,,no_gt_match_or_lower_confidence_on_same_gt,NMS7,2,2,349.0,596.0,122.0,90.0
nms,NMS,0862_0731070423_02_WRI-R1_F007.PNG,FP,0.15329207104299516,0.08440872310661533,0,no_gt_match_or_lower_confidence_on_same_gt,NMS8,12,12,213.0,325.0,19.0,90.0
nms,NMS,0862_0731070423_02_WRI-R1_F007.PNG,FP,0.07059052129637157,0.0,,no_gt_match_or_lower_confidence_on_same_gt,NMS9,7,7,413.0,506.0,62.0,90.0
nms,NMS,0862_0731070423_02_WRI-R1_F007.PNG,FP,0.06950483192601883,0.0,,no_gt_match_or_lower_confidence_on_same_gt,NMS10,14,14,319.0,633.0,9.0,90.0
nms,NMS,0862_0731070423_02_WRI-R1_F007.PNG,FP,0.0621215285268591,0.0,,no_gt_match_or_lower_confidence_on_same_gt,NMS11,11,11,379.0,510.0,14.0,90.0
nms,NMS,0862_0731070423_02_WRI-R1_F007.PNG,FP,0.05837666533927977,0.0,,no_gt_match_or_lower_confidence_on_same_gt,NMS12,9,9,257.0,266.0,108.0,90.0
nms,NMS,0862_0731070423_02_WRI-R1_F007.PNG,FP,0.029860947782927638,0.0,,no_gt_match_or_lower_confidence_on_same_gt,NMS13,20,20,518.0,215.0,44.0,90.0
nms,NMS,0862_0731070423_02_WRI-R1_F007.PNG,FP,0.02751082938164666,0.0,,no_gt_match_or_lower_confidence_on_same_gt,NMS14,19,19,262.0,229.0,34.0,90.0
nms,NMS,0862_0731070423_02_WRI-R1_F007.PNG,FP,0.01795629055194336,0.024450454635551507,1,no_gt_match_or_lower_confidence_on_same_gt,NMS15,13,13,398.0,292.0,74.0,90.0
nms,NMS,0862_0731070423_02_WRI-R1_F007.PNG,FP,0.007117209676936304,0.0,,no_gt_match_or_lower_confidence_on_same_gt,NMS16,18,18,95.0,557.0,20.0,90.0
nms,NMS,0862_0731070423_02_WRI-R1_F007.PNG,FP,0.005511898362547726,0.0,,no_gt_match_or_lower_confidence_on_same_gt,NMS17,1,1,537.0,466.0,44.0,90.0
nms,NMS,0862_0731070423_02_WRI-R1_F007.PNG,FP,0.004802930277661041,0.0,,no_gt_match_or_lower_confidence_on_same_gt,NMS18,4,4,540.0,346.0,28.0,90.0
nms,NMS,0862_0731070423_02_WRI-R1_F007.PNG,FP,0.0022445456391096156,0.0,,no_gt_match_or_lower_confidence_on_same_gt,NMS19,17,17,538.0,390.0,31.0,90.0
nms,NMS,0869_0615436364_02_WRI-R2_M016.PNG,FP,0.8808533367211868,0.0,,no_gt_match_or_lower_confidence_on_same_gt,NMS1,7,7,366.0,645.0,126.0,90.0
nms,NMS,0869_0615436364_02_WRI-R2_M016.PNG,TP,0.8297986666740506,0.8393310954319958,0,matched_gt_highest_confidence,NMS2,2,2,246.0,414.0,161.0,112.0
nms,NMS,0869_0615436364_02_WRI-R2_M016.PNG,FP,0.4433679516069179,0.11128901113070383,0,no_gt_match_or_lower_confidence_on_same_gt,NMS3,4,4,346.0,374.0,131.0,92.0
nms,NMS,0869_0615436364_02_WRI-R2_M016.PNG,FP,0.18189293843214063,0.10022275009917107,0,no_gt_match_or_lower_confidence_on_same_gt,NMS4,1,1,257.0,327.0,150.0,106.0
nms,NMS,0869_0615436364_02_WRI-R2_M016.PNG,FP,0.07048964770255227,0.0,,no_gt_match_or_lower_confidence_on_same_gt,NMS5,3,3,306.0,273.0,162.0,114.0
nms,NMS,0869_0615436364_02_WRI-R2_M016.PNG,FP,0.06524800014165615,0.0,,no_gt_match_or_lower_confidence_on_same_gt,NMS6,11,11,207.0,676.0,5.0,90.0
nms,NMS,0869_0615436364_02_WRI-R2_M016.PNG,FP,0.061369278418929724,0.0,,no_gt_match_or_lower_confidence_on_same_gt,NMS7,8,8,258.0,551.0,139.0,98.0
nms,NMS,0869_0615436364_02_WRI-R2_M016.PNG,FP,0.019509953190101546,0.10261710874606433,0,no_gt_match_or_lower_confidence_on_same_gt,NMS8,5,5,326.0,474.0,160.0,112.0
nms,NMS,0869_0615436364_02_WRI-R2_M016.PNG,FP,0.014713270000934243,0.0,,no_gt_match_or_lower_confidence_on_same_gt,NMS9,6,6,181.0,252.0,136.0,96.0
nms,NMS,0869_0615436364_02_WRI-R2_M016.PNG,FP,0.011808396911724613,0.0,,no_gt_match_or_lower_confidence_on_same_gt,NMS10,9,9,250.0,652.0,167.0,116.0
nms,NMS,0869_0615436364_02_WRI-R2_M016.PNG,FP,0.0044254474071954274,0.0,,no_gt_match_or_lower_confidence_on_same_gt,NMS11,10,10,241.0,282.0,91.0,90.0
nms,NMS,0892_1273117426_01_WRI-R2_F010.png,TP,0.6632727494464112,0.5467430412230234,0,matched_gt_highest_confidence,NMS1,1,"1,9",313.0,411.0,132.0,92.0
nms,NMS,0892_1273117426_01_WRI-R2_F010.png,FP,0.26035310858675376,0.0,,no_gt_match_or_lower_confidence_on_same_gt,NMS2,10,10,339.0,188.0,91.0,90.0
nms,NMS,0892_1273117426_01_WRI-R2_F010.png,FP,0.1472703037435982,0.0,,no_gt_match_or_lower_confidence_on_same_gt,NMS3,8,8,168.0,223.0,91.0,90.0
nms,NMS,0892_1273117426_01_WRI-R2_F010.png,FP,0.06320674134798615,0.01603441353807502,0,no_gt_match_or_lower_confidence_on_same_gt,NMS4,4,4,307.0,498.0,11.0,90.0
nms,NMS,0892_1273117426_01_WRI-R2_F010.png,FP,0.06083708723113319,0.0,,no_gt_match_or_lower_confidence_on_same_gt,NMS5,3,"3,7",366.0,582.0,85.0,90.0
nms,NMS,0892_1273117426_01_WRI-R2_F010.png,FP,0.04353181409083406,0.024212929387571153,0,no_gt_match_or_lower_confidence_on_same_gt,NMS6,6,6,281.0,369.0,12.0,90.0
nms,NMS,0892_1273117426_01_WRI-R2_F010.png,FP,0.04104776544327135,0.0,,no_gt_match_or_lower_confidence_on_same_gt,NMS7,5,5,356.0,309.0,91.0,90.0
nms,NMS,0892_1273117426_01_WRI-R2_F010.png,FP,0.0005358464553106728,0.0,,no_gt_match_or_lower_confidence_on_same_gt,NMS8,2,2,303.0,317.0,142.0,100.0
nms,NMS,0915_0434122280_01_WRI-L1_M008.PNG,FP,0.9385111946141034,0.0,,no_gt_match_or_lower_confidence_on_same_gt,NMS1,1,1,238.0,340.0,135.0,94.0
nms,NMS,0915_0434122280_01_WRI-L1_M008.PNG,TP,0.9203248109250162,0.6544120122897249,0,matched_gt_highest_confidence,NMS2,5,5,262.0,445.0,90.0,90.0
nms,NMS,0915_0434122280_01_WRI-L1_M008.PNG,FP,0.059606425059002516,0.0,,no_gt_match_or_lower_confidence_on_same_gt,NMS3,4,4,239.0,503.0,11.0,90.0
nms,NMS,0915_0434122280_01_WRI-L1_M008.PNG,FP,0.021511720433478255,0.07190702762480557,0,no_gt_match_or_lower_confidence_on_same_gt,NMS4,2,2,266.0,522.0,73.0,90.0
nms,NMS,0915_0434122280_01_WRI-L1_M008.PNG,FP,0.0073857214109778755,0.0,,no_gt_match_or_lower_confidence_on_same_gt,NMS5,3,3,142.0,329.0,85.0,90.0
nms,NMS,0918_0390357076_01_WRI-L2_F012.png,TP,0.9809670034308291,0.6948546744223314,0,matched_gt_highest_confidence,NMS1,1,1,199.0,425.0,128.0,90.0
nms,NMS,0918_0390357076_01_WRI-L2_F012.png,FP,0.15663097861797284,0.14149061371909646,0,no_gt_match_or_lower_confidence_on_same_gt,NMS2,4,"4,2",194.0,497.0,91.0,90.0
nms,NMS,0918_0390357076_01_WRI-L2_F012.png,FP,0.0077352739113769105,0.0,,no_gt_match_or_lower_confidence_on_same_gt,NMS3,3,3,233.0,306.0,83.0,90.0
nms,NMS,0918_0390357076_01_WRI-L2_F012.png,FP,0.0074361673150864106,0.0,,no_gt_match_or_lower_confidence_on_same_gt,NMS4,5,5,242.0,347.0,91.0,90.0
nms,NMS,0936_0638208714_03_WRI-R2_M008.PNG,TP,0.9592813310828356,0.6401941683999631,0,matched_gt_highest_confidence,NMS1,4,4,173.0,455.0,106.0,90.0
nms,NMS,0936_0638208714_03_WRI-R2_M008.PNG,FP,0.939626385908165,0.1662763784746049,0,no_gt_match_or_lower_confidence_on_same_gt,NMS2,1,1,175.0,365.0,113.0,90.0
nms,NMS,0936_0638208714_03_WRI-R2_M008.PNG,FP,0.15915921706377925,0.0,,no_gt_match_or_lower_confidence_on_same_gt,NMS3,6,"6,5",168.0,297.0,91.0,90.0
nms,NMS,0936_0638208714_03_WRI-R2_M008.PNG,FP,0.05642623068550339,0.0,,no_gt_match_or_lower_confidence_on_same_gt,NMS4,3,3,193.0,595.0,94.0,90.0
nms,NMS,0936_0638208714_03_WRI-R2_M008.PNG,FP,0.027021314253852343,0.0,,no_gt_match_or_lower_confidence_on_same_gt,NMS5,2,2,206.0,695.0,89.0,90.0
nms,NMS,0943_0495535496_01_WRI-L1_F009.PNG,TP,0.8048956819941808,0.6959211130984408,0,matched_gt_highest_confidence,NMS1,1,1,285.0,357.0,109.0,90.0
nms,NMS,0943_0495535496_01_WRI-L1_F009.PNG,FP,0.30682676388632796,0.26395183598260064,0,no_gt_match_or_lower_confidence_on_same_gt,NMS2,4,4,286.0,305.0,91.0,90.0
nms,NMS,0943_0495535496_01_WRI-L1_F009.PNG,FP,0.05784208964097501,0.0,,no_gt_match_or_lower_confidence_on_same_gt,NMS3,3,3,294.0,798.0,12.0,90.0
nms,NMS,0943_0495535496_01_WRI-L1_F009.PNG,FP,0.045594659501508095,0.0,,no_gt_match_or_lower_confidence_on_same_gt,NMS4,6,6,344.0,896.0,91.0,90.0
nms,NMS,0943_0495535496_01_WRI-L1_F009.PNG,FP,0.03137728557232737,0.0,,no_gt_match_or_lower_confidence_on_same_gt,NMS5,2,"2,5",162.0,327.0,80.0,90.0
nms,NMS,0953_1065712598_01_WRI-L2_F005.PNG,TP,0.9097573363216285,0.5513723640908383,0,matched_gt_highest_confidence,NMS1,2,2,119.0,273.0,68.0,90.0
nms,NMS,0953_1065712598_01_WRI-L2_F005.PNG,FP,0.01811859762458635,0.04946977159671323,0,no_gt_match_or_lower_confidence_on_same_gt,NMS2,1,1,124.0,347.0,55.0,90.0
nms,NMS,0979_0438007900_01_WRI-L2_M013.PNG,TP,0.7947823911598045,0.6291011749914142,0,matched_gt_highest_confidence,NMS1,1,1,169.0,414.0,161.0,112.0
nms,NMS,0979_0438007900_01_WRI-L2_M013.PNG,IGNORE,0.5867067516261185,0.3985850223938507,0,overlap_ge_ignore_iou_with_found_gt,NMS2,8,8,168.0,421.0,91.0,90.0
nms,NMS,0979_0438007900_01_WRI-L2_M013.PNG,FP,0.5682139702506047,0.0,,no_gt_match_or_lower_confidence_on_same_gt,NMS3,2,2,172.0,535.0,113.0,90.0
nms,NMS,0979_0438007900_01_WRI-L2_M013.PNG,FP,0.07655854053906437,0.0,,no_gt_match_or_lower_confidence_on_same_gt,NMS4,5,5,234.0,282.0,91.0,90.0
nms,NMS,0979_0438007900_01_WRI-L2_M013.PNG,FP,0.06095609291140209,0.0,,no_gt_match_or_lower_confidence_on_same_gt,NMS5,4,4,247.0,716.0,11.0,90.0
nms,NMS,0979_0438007900_01_WRI-L2_M013.PNG,FP,0.015640754072426124,0.0,,no_gt_match_or_lower_confidence_on_same_gt,NMS6,3,3,158.0,725.0,74.0,90.0
nms,NMS,0979_0438007900_01_WRI-L2_M013.PNG,FP,0.012981780352636967,0.26813345694619456,0,no_gt_match_or_lower_confidence_on_same_gt,NMS7,7,7,259.0,390.0,91.0,90.0
nms,NMS,0979_0438007900_01_WRI-L2_M013.PNG,FP,0.000608276164910448,0.0,,no_gt_match_or_lower_confidence_on_same_gt,NMS8,6,6,260.0,290.0,91.0,90.0
nms,NMS,0993_0784632097_01_WRI-L2_F012.PNG,FP,0.6411628113836839,0.260943872376501,0,no_gt_match_or_lower_confidence_on_same_gt,NMS1,2,2,267.0,302.0,137.0,96.0
nms,NMS,0993_0784632097_01_WRI-L2_F012.PNG,FP,0.2712842239522672,0.08838431302394642,0,no_gt_match_or_lower_confidence_on_same_gt,NMS2,1,1,304.0,425.0,87.0,90.0
nms,NMS,0993_0784632097_01_WRI-L2_F012.PNG,TP,0.19502536892955658,0.6246764352295565,0,matched_gt_highest_confidence,NMS3,5,5,304.0,360.0,91.0,90.0
nms,NMS,0993_0784632097_01_WRI-L2_F012.PNG,FP,0.036490631865049215,0.0,,no_gt_match_or_lower_confidence_on_same_gt,NMS4,4,4,256.0,254.0,91.0,90.0
nms,NMS,0993_0784632097_01_WRI-L2_F012.PNG,FP,0.021218815457805122,0.0,,no_gt_match_or_lower_confidence_on_same_gt,NMS5,3,3,296.0,535.0,85.0,90.0
nms,NMS,0993_0784632097_01_WRI-L2_F012.PNG,FP,0.0008577983055149254,0.0,,no_gt_match_or_lower_confidence_on_same_gt,NMS6,6,6,308.0,242.0,91.0,90.0
nms,NMS,1006_0840174727_01_WRI-L2_M006.png,TP,0.9179081553572541,0.6509939383802417,0,matched_gt_highest_confidence,NMS1,2,"2,5",110.0,355.0,129.0,90.0
nms,NMS,1006_0840174727_01_WRI-L2_M006.png,FP,0.2629496301204673,0.0,,no_gt_match_or_lower_confidence_on_same_gt,NMS2,1,1,118.0,495.0,87.0,90.0
nms,NMS,1006_0840174727_01_WRI-L2_M006.png,FP,0.0901274421943357,0.0,,no_gt_match_or_lower_confidence_on_same_gt,NMS3,3,3,124.0,595.0,73.0,90.0
nms,NMS,1006_0840174727_01_WRI-L2_M006.png,FP,0.07489530966260516,0.0,,no_gt_match_or_lower_confidence_on_same_gt,NMS4,4,4,160.0,277.0,60.0,90.0
nms,NMS,1006_0840174727_01_WRI-L2_M006.png,FP,0.06990243020548163,0.0,,no_gt_match_or_lower_confidence_on_same_gt,NMS5,6,6,311.0,198.0,3.0,90.0
nms,NMS,1009_1045147893_04_WRI-R2_M013.png,IGNORE,0.9338177522014712,0.42325634079022006,0,overlap_ge_ignore_iou_with_found_gt,NMS1,8,8,145.0,623.0,91.0,90.0
nms,NMS,1009_1045147893_04_WRI-R2_M013.png,TP,0.839668549694748,0.7506335970956466,0,matched_gt_highest_confidence,NMS2,2,2,146.0,645.0,118.0,90.0
nms,NMS,1009_1045147893_04_WRI-R2_M013.png,FP,0.28505142159211544,0.0,,no_gt_match_or_lower_confidence_on_same_gt,NMS3,4,4,156.0,775.0,82.0,90.0
nms,NMS,1009_1045147893_04_WRI-R2_M013.png,FP,0.0772407880905189,0.0,,no_gt_match_or_lower_confidence_on_same_gt,NMS4,1,"1,7",175.0,502.0,136.0,96.0
nms,NMS,1009_1045147893_04_WRI-R2_M013.png,FP,0.055365750682360625,0.0,,no_gt_match_or_lower_confidence_on_same_gt,NMS5,9,9,182.0,310.0,91.0,90.0
nms,NMS,1009_1045147893_04_WRI-R2_M013.png,FP,0.043545876380582896,0.0,,no_gt_match_or_lower_confidence_on_same_gt,NMS6,3,3,223.0,385.0,85.0,90.0
nms,NMS,1009_1045147893_04_WRI-R2_M013.png,IGNORE,0.014428918932445502,0.3322143955457597,0,overlap_ge_ignore_iou_with_found_gt,NMS7,6,6,152.0,682.0,81.0,90.0
nms,NMS,1009_1045147893_04_WRI-R2_M013.png,FP,0.011009461385334858,0.0,,no_gt_match_or_lower_confidence_on_same_gt,NMS8,5,5,132.0,370.0,71.0,90.0
nms,NMS,1009_1045147893_04_WRI-R2_M013.png,FP,0.0015522475118669528,0.0,,no_gt_match_or_lower_confidence_on_same_gt,NMS9,10,10,188.0,480.0,91.0,90.0
nms,NMS,1009_1049120355_10_WRI-R2_M013.png,TP,0.6969169589401221,0.5299759523969585,0,matched_gt_highest_confidence,NMS1,5,5,236.0,469.0,142.0,100.0
nms,NMS,1009_1049120355_10_WRI-R2_M013.png,FP,0.5714826017825542,0.11795862471392443,0,no_gt_match_or_lower_confidence_on_same_gt,NMS2,1,1,224.0,349.0,144.0,100.0
nms,NMS,1009_1049120355_10_WRI-R2_M013.png,FP,0.11989776192035216,0.03440728531136823,0,no_gt_match_or_lower_confidence_on_same_gt,NMS3,2,2,277.0,344.0,125.0,90.0
nms,NMS,1009_1049120355_10_WRI-R2_M013.png,FP,0.10761110018252905,0.0,,no_gt_match_or_lower_confidence_on_same_gt,NMS4,6,6,281.0,794.0,113.0,90.0
nms,NMS,1009_1049120355_10_WRI-R2_M013.png,FP,0.06365364490686551,0.0,,no_gt_match_or_lower_confidence_on_same_gt,NMS5,4,4,271.0,704.0,120.0,90.0
nms,NMS,1009_1049120355_10_WRI-R2_M013.png,FP,0.047482130861686914,0.060311139283327576,0,no_gt_match_or_lower_confidence_on_same_gt,NMS6,9,9,309.0,363.0,91.0,90.0
nms,NMS,1009_1049120355_10_WRI-R2_M013.png,FP,0.008074982533340578,0.0,,no_gt_match_or_lower_confidence_on_same_gt,NMS7,3,3,256.0,594.0,122.0,90.0
nms,NMS,1009_1049120355_10_WRI-R2_M013.png,FP,0.0013534991904704074,0.0,,no_gt_match_or_lower_confidence_on_same_gt,NMS8,8,8,294.0,263.0,91.0,90.0
nms,NMS,1009_1049120355_10_WRI-R2_M013.png,FP,0.0004548340764264527,0.0,,no_gt_match_or_lower_confidence_on_same_gt,NMS9,7,7,234.0,294.0,91.0,90.0
nms,NMS,1020_0255757840_02_WRI-R2_F010.png,FP,0.8436836891810989,0.0,,no_gt_match_or_lower_confidence_on_same_gt,NMS1,8,8,101.0,615.0,64.0,90.0
nms,NMS,1020_0255757840_02_WRI-R2_F010.png,FP,0.787538896327741,0.0,,no_gt_match_or_lower_confidence_on_same_gt,NMS2,7,7,110.0,375.0,123.0,90.0
nms,NMS,1020_0255757840_02_WRI-R2_F010.png,TP,0.7118853628654769,0.5243864706243442,0,matched_gt_highest_confidence,NMS3,20,20,282.0,534.0,67.0,90.0
nms,NMS,1020_0255757840_02_WRI-R2_F010.png,FP,0.488261709274371,0.0,,no_gt_match_or_lower_confidence_on_same_gt,NMS4,18,18,276.0,247.0,91.0,90.0
nms,NMS,1020_0255757840_02_WRI-R2_F010.png,FP,0.33317759141780495,0.0,,no_gt_match_or_lower_confidence_on_same_gt,NMS5,17,"17,9",114.0,720.0,57.0,90.0
nms,NMS,1020_0255757840_02_WRI-R2_F010.png,IGNORE,0.3049476654254699,0.33340155061039844,0,overlap_ge_ignore_iou_with_found_gt,NMS6,6,6,284.0,585.0,63.0,90.0
nms,NMS,1020_0255757840_02_WRI-R2_F010.png,FP,0.289709538968756,0.0,,no_gt_match_or_lower_confidence_on_same_gt,NMS7,12,12,285.0,695.0,56.0,90.0
nms,NMS,1020_0255757840_02_WRI-R2_F010.png,FP,0.12979662116437538,0.0,,no_gt_match_or_lower_confidence_on_same_gt,NMS8,2,2,263.0,455.0,111.0,90.0
nms,NMS,1020_0255757840_02_WRI-R2_F010.png,FP,0.10096754418180913,0.0,,no_gt_match_or_lower_confidence_on_same_gt,NMS9,10,10,104.0,515.0,51.0,90.0
nms,NMS,1020_0255757840_02_WRI-R2_F010.png,FP,0.09643262564203899,0.0,,no_gt_match_or_lower_confidence_on_same_gt,NMS10,15,15,112.0,345.0,87.0,90.0
nms,NMS,1020_0255757840_02_WRI-R2_F010.png,FP,0.07615095894578727,0.0,,no_gt_match_or_lower_confidence_on_same_gt,NMS11,4,4,195.0,283.0,135.0,94.0
nms,NMS,1020_0255757840_02_WRI-R2_F010.png,FP,0.06721440071817576,0.0,,no_gt_match_or_lower_confidence_on_same_gt,NMS12,13,13,103.0,285.0,16.0,90.0
nms,NMS,1020_0255757840_02_WRI-R2_F010.png,FP,0.04979761453851531,0.0,,no_gt_match_or_lower_confidence_on_same_gt,NMS13,3,"3,16",286.0,355.0,104.0,90.0
nms,NMS,1020_0255757840_02_WRI-R2_F010.png,FP,0.04901995892975575,0.0,,no_gt_match_or_lower_confidence_on_same_gt,NMS14,5,5,419.0,445.0,38.0,90.0
nms,NMS,1020_0255757840_02_WRI-R2_F010.png,FP,0.04871265952002103,0.0,,no_gt_match_or_lower_confidence_on_same_gt,NMS15,11,11,434.0,545.0,13.0,90.0
nms,NMS,1020_0255757840_02_WRI-R2_F010.png,FP,0.04399335548463511,0.0,,no_gt_match_or_lower_confidence_on_same_gt,NMS16,14,14,181.0,612.0,13.0,90.0
nms,NMS,1020_0255757840_02_WRI-R2_F010.png,FP,0.014194688233894684,0.0,,no_gt_match_or_lower_confidence_on_same_gt,NMS17,19,19,112.0,455.0,35.0,90.0
nms,NMS,1020_0255757840_02_WRI-R2_F010.png,FP,0.007953042773722408,0.0,,no_gt_match_or_lower_confidence_on_same_gt,NMS18,1,1,299.0,356.0,153.0,108.0
nms,NMS,1024_1259124783_04_WRI-L1_F011.PNG,TP,0.5206934402720141,0.7149425073295982,0,matched_gt_highest_confidence,NMS1,2,2,312.0,620.0,132.0,92.0
nms,NMS,1024_1259124783_04_WRI-L1_F011.PNG,FP,0.4684511198879341,0.06617680864381408,0,no_gt_match_or_lower_confidence_on_same_gt,NMS2,1,1,330.0,711.0,112.0,90.0
nms,NMS,1024_1259124783_04_WRI-L1_F011.PNG,FP,0.15500120309649265,0.0,,no_gt_match_or_lower_confidence_on_same_gt,NMS3,3,3,172.0,731.0,71.0,90.0
nms,NMS,1024_1259124783_04_WRI-L1_F011.PNG,TP,0.08238113788393918,0.5155549977338361,1,matched_gt_highest_confidence,NMS4,4,4,166.0,611.0,58.0,90.0
nms,NMS,1024_1259124783_04_WRI-L1_F011.PNG,FP,0.06492773915998833,0.015107741882238235,0,no_gt_match_or_lower_confidence_on_same_gt,NMS5,5,5,409.0,531.0,33.0,90.0
nms,NMS,1024_1259124783_04_WRI-L1_F011.PNG,FP,0.06043690532523039,0.0031711072798264895,1,no_gt_match_or_lower_confidence_on_same_gt,NMS6,9,9,199.0,525.0,13.0,90.0
nms,NMS,1024_1259124783_04_WRI-L1_F011.PNG,IGNORE,0.05830227131071986,0.4139858795187144,0,overlap_ge_ignore_iou_with_found_gt,NMS7,8,8,308.0,603.0,91.0,90.0
nms,NMS,1024_1259124783_04_WRI-L1_F011.PNG,FP,0.05122894839009148,0.0,,no_gt_match_or_lower_confidence_on_same_gt,NMS8,6,6,175.0,690.0,9.0,90.0
nms,NMS,1024_1259124783_04_WRI-L1_F011.PNG,FP,0.040231352547196855,0.0,,no_gt_match_or_lower_confidence_on_same_gt,NMS9,7,7,426.0,472.0,19.0,90.0
nms,NMS,1036_0797762719_02_WRI-L2_M013.png,TP,0.9653747554878896,0.5535218820513219,0,matched_gt_highest_confidence,NMS1,12,12,203.0,667.0,91.0,90.0
nms,NMS,1036_0797762719_02_WRI-L2_M013.png,FP,0.5469026708546794,0.0,,no_gt_match_or_lower_confidence_on_same_gt,NMS2,1,1,231.0,505.0,120.0,90.0
nms,NMS,1036_0797762719_02_WRI-L2_M013.png,FP,0.34737130027998864,0.2708741312300554,0,no_gt_match_or_lower_confidence_on_same_gt,NMS3,3,3,197.0,595.0,114.0,90.0
nms,NMS,1036_0797762719_02_WRI-L2_M013.png,FP,0.31315177399411337,0.0,,no_gt_match_or_lower_confidence_on_same_gt,NMS4,5,5,174.0,935.0,93.0,90.0
nms,NMS,1036_0797762719_02_WRI-L2_M013.png,FP,0.23653138820878233,0.27915157952224273,0,no_gt_match_or_lower_confidence_on_same_gt,NMS5,6,6,198.0,695.0,81.0,90.0
nms,NMS,1036_0797762719_02_WRI-L2_M013.png,FP,0.20515940922379775,0.0,,no_gt_match_or_lower_confidence_on_same_gt,NMS6,11,11,276.0,463.0,91.0,90.0
nms,NMS,1036_0797762719_02_WRI-L2_M013.png,FP,0.20053726346896023,0.04974674902194053,0,no_gt_match_or_lower_confidence_on_same_gt,NMS7,8,8,215.0,561.0,93.0,90.0
nms,NMS,1036_0797762719_02_WRI-L2_M013.png,FP,0.08465908201233,0.0,,no_gt_match_or_lower_confidence_on_same_gt,NMS8,9,9,299.0,310.0,91.0,90.0
nms,NMS,1036_0797762719_02_WRI-L2_M013.png,FP,0.06980879167903264,0.0,,no_gt_match_or_lower_confidence_on_same_gt,NMS9,7,7,200.0,424.0,19.0,90.0
nms,NMS,1036_0797762719_02_WRI-L2_M013.png,FP,0.017265243404490718,0.0,,no_gt_match_or_lower_confidence_on_same_gt,NMS10,4,4,189.0,805.0,77.0,90.0
nms,NMS,1036_0797762719_02_WRI-L2_M013.png,FP,0.006030388582469347,0.0,,no_gt_match_or_lower_confidence_on_same_gt,NMS11,10,10,247.0,333.0,91.0,90.0
nms,NMS,1036_0797762719_02_WRI-L2_M013.png,FP,0.005787059419227819,0.0,,no_gt_match_or_lower_confidence_on_same_gt,NMS12,2,2,255.0,374.0,132.0,92.0
nms,NMS,1043_0381634738_02_WRI-L2_M001.PNG,TP,0.40627071114862334,0.5421430826474252,0,matched_gt_highest_confidence,NMS1,10,"10,1",238.0,290.0,52.0,90.0
nms,NMS,1043_0381634738_02_WRI-L2_M001.PNG,FP,0.21741836095206127,0.0,,no_gt_match_or_lower_confidence_on_same_gt,NMS2,4,4,60.0,175.0,80.0,90.0
nms,NMS,1043_0381634738_02_WRI-L2_M001.PNG,FP,0.10142359092571042,0.0,,no_gt_match_or_lower_confidence_on_same_gt,NMS3,11,"11,6",66.0,264.0,68.0,90.0
nms,NMS,1043_0381634738_02_WRI-L2_M001.PNG,FP,0.09780057639326478,0.0,,no_gt_match_or_lower_confidence_on_same_gt,NMS4,3,3,226.0,415.0,63.0,90.0
nms,NMS,1043_0381634738_02_WRI-L2_M001.PNG,FP,0.09648407154943683,0.0,,no_gt_match_or_lower_confidence_on_same_gt,NMS5,2,"2,9",49.0,385.0,58.0,90.0
nms,NMS,1043_0381634738_02_WRI-L2_M001.PNG,FP,0.04683518026446665,0.0,,no_gt_match_or_lower_confidence_on_same_gt,NMS6,7,7,168.0,165.0,18.0,90.0
nms,NMS,1043_0381634738_02_WRI-L2_M001.PNG,FP,0.027297255324270575,0.0,,no_gt_match_or_lower_confidence_on_same_gt,NMS7,8,8,268.0,146.0,20.0,90.0
nms,NMS,1043_0381634738_02_WRI-L2_M001.PNG,FP,0.009268970660752841,0.0,,no_gt_match_or_lower_confidence_on_same_gt,NMS8,5,5,240.0,185.0,50.0,90.0
nms,NMS,1059_1194450089_01_WRI-R2_M006.png,TP,0.9602223259713072,0.8306107867528918,0,matched_gt_highest_confidence,NMS1,2,2,152.0,245.0,98.0,90.0
nms,NMS,1059_1194450089_01_WRI-R2_M006.png,FP,0.5072671419973089,0.0,,no_gt_match_or_lower_confidence_on_same_gt,NMS2,5,5,12.0,355.0,11.0,90.0
nms,NMS,1059_1194450089_01_WRI-R2_M006.png,FP,0.37910766872704693,0.0,,no_gt_match_or_lower_confidence_on_same_gt,NMS3,1,1,7.0,195.0,11.0,90.0
nms,NMS,1059_1194450089_01_WRI-R2_M006.png,FP,0.07628888404828589,0.0,,no_gt_match_or_lower_confidence_on_same_gt,NMS4,3,3,185.0,335.0,67.0,90.0
nms,NMS,1059_1194450089_01_WRI-R2_M006.png,FP,0.012248947180023118,0.11009829438876743,0,no_gt_match_or_lower_confidence_on_same_gt,NMS5,6,6,150.0,182.0,66.0,90.0
nms,NMS,1059_1194450089_01_WRI-R2_M006.png,FP,0.0030870952709475792,0.0,,no_gt_match_or_lower_confidence_on_same_gt,NMS6,4,4,213.0,465.0,59.0,90.0
nms,NMS,1143_0633014370_02_WRI-L1_M012.png,TP,0.9889417160640395,0.6440806023699679,0,matched_gt_highest_confidence,NMS1,1,1,341.0,512.0,165.0,116.0
nms,NMS,1143_0633014370_02_WRI-L1_M012.png,FP,0.3905356725675788,0.0,,no_gt_match_or_lower_confidence_on_same_gt,NMS2,11,11,194.0,632.0,91.0,90.0
nms,NMS,1143_0633014370_02_WRI-L1_M012.png,FP,0.21225782426559064,0.10832385632509793,0,no_gt_match_or_lower_confidence_on_same_gt,NMS3,2,2,341.0,614.0,130.0,92.0
nms,NMS,1143_0633014370_02_WRI-L1_M012.png,FP,0.20732117509838577,0.0,,no_gt_match_or_lower_confidence_on_same_gt,NMS4,4,4,331.0,735.0,121.0,90.0
nms,NMS,1143_0633014370_02_WRI-L1_M012.png,FP,0.16181246515109712,0.0,,no_gt_match_or_lower_confidence_on_same_gt,NMS5,7,7,280.0,391.0,93.0,90.0
nms,NMS,1143_0633014370_02_WRI-L1_M012.png,FP,0.12457116163377917,0.0,,no_gt_match_or_lower_confidence_on_same_gt,NMS6,3,3,441.0,305.0,108.0,90.0
nms,NMS,1143_0633014370_02_WRI-L1_M012.png,FP,0.07344450018586507,0.0020149721367866834,0,no_gt_match_or_lower_confidence_on_same_gt,NMS7,6,6,506.0,485.0,1.0,90.0
nms,NMS,1143_0633014370_02_WRI-L1_M012.png,FP,0.020987454450652476,0.0,,no_gt_match_or_lower_confidence_on_same_gt,NMS8,5,5,223.0,415.0,41.0,90.0
nms,NMS,1143_0633014370_02_WRI-L1_M012.png,FP,0.01445084765994366,0.0,,no_gt_match_or_lower_confidence_on_same_gt,NMS9,10,10,375.0,392.0,92.0,90.0
nms,NMS,1143_0633014370_02_WRI-L1_M012.png,FP,0.013929892935181303,0.0,,no_gt_match_or_lower_confidence_on_same_gt,NMS10,9,9,459.0,274.0,91.0,90.0
nms,NMS,1143_0633014370_02_WRI-L1_M012.png,FP,0.007822199241871495,0.0,,no_gt_match_or_lower_confidence_on_same_gt,NMS11,8,8,208.0,469.0,81.0,90.0
nms,NMS,1143_0707678749_04_WRI-R1_M014.png,TP,0.9820031230378391,0.6865381797840414,0,matched_gt_highest_confidence,NMS1,1,1,100.0,251.0,170.0,118.0
nms,NMS,1143_0707678749_04_WRI-R1_M014.png,IGNORE,0.8388036562973111,0.47089732047427024,0,overlap_ge_ignore_iou_with_found_gt,NMS2,5,5,164.0,279.0,91.0,90.0
nms,NMS,1143_0707678749_04_WRI-R1_M014.png,FP,0.6078740426475799,0.0,,no_gt_match_or_lower_confidence_on_same_gt,NMS3,2,2,156.0,465.0,100.0,90.0
nms,NMS,1143_0707678749_04_WRI-R1_M014.png,FP,0.18590592017635413,0.07203925851377398,0,no_gt_match_or_lower_confidence_on_same_gt,NMS4,3,3,83.0,210.0,91.0,90.0
nms,NMS,1143_0707678749_04_WRI-R1_M014.png,FP,0.00010258253275218033,0.0,,no_gt_match_or_lower_confidence_on_same_gt,NMS5,4,4,188.0,174.0,91.0,90.0
nms,NMS,1160_0194008938_01_WRI-L2_M010.png,TP,0.9920985378369935,0.63352618516556,0,matched_gt_highest_confidence,NMS1,3,3,158.0,333.0,91.0,90.0
nms,NMS,1160_0194008938_01_WRI-L2_M010.png,FP,0.3442035673103867,0.20595556904281404,0,no_gt_match_or_lower_confidence_on_same_gt,NMS2,1,1,153.0,394.0,71.0,90.0
nms,NMS,1160_0194008938_01_WRI-L2_M010.png,FP,0.018871106376041214,0.0,,no_gt_match_or_lower_confidence_on_same_gt,NMS3,2,2,155.0,514.0,57.0,90.0
nms,NMS,1171_0294174076_01_WRI-R2_M013.PNG,TP,0.9674885898939862,0.6639516729966531,0,matched_gt_highest_confidence,NMS1,2,2,212.0,485.0,105.0,90.0
nms,NMS,1171_0294174076_01_WRI-R2_M013.PNG,FP,0.563576049553404,0.128797477023258,0,no_gt_match_or_lower_confidence_on_same_gt,NMS2,9,9,235.0,437.0,91.0,90.0
nms,NMS,1171_0294174076_01_WRI-R2_M013.PNG,FP,0.14737798269446764,0.0,,no_gt_match_or_lower_confidence_on_same_gt,NMS3,7,7,215.0,312.0,91.0,90.0
nms,NMS,1171_0294174076_01_WRI-R2_M013.PNG,FP,0.06125737884348983,0.0,,no_gt_match_or_lower_confidence_on_same_gt,NMS4,3,3,233.0,605.0,71.0,90.0
nms,NMS,1171_0294174076_01_WRI-R2_M013.PNG,FP,0.03657397221939299,0.0,,no_gt_match_or_lower_confidence_on_same_gt,NMS5,8,8,163.0,284.0,91.0,90.0
nms,NMS,1171_0294174076_01_WRI-R2_M013.PNG,FP,0.03579138858112725,0.0,,no_gt_match_or_lower_confidence_on_same_gt,NMS6,6,6,239.0,635.0,85.0,90.0
nms,NMS,1171_0294174076_01_WRI-R2_M013.PNG,FP,0.006630436500681787,0.0,,no_gt_match_or_lower_confidence_on_same_gt,NMS7,1,1,206.0,365.0,98.0,90.0
nms,NMS,1171_0294174076_01_WRI-R2_M013.PNG,FP,0.00656236608643251,0.0,,no_gt_match_or_lower_confidence_on_same_gt,NMS8,4,4,243.0,705.0,84.0,90.0
nms,NMS,1171_0294174076_01_WRI-R2_M013.PNG,FP,0.0017934934239236806,0.0,,no_gt_match_or_lower_confidence_on_same_gt,NMS9,5,5,227.0,383.0,90.0,90.0
nms,NMS,1173_0822043658_01_WRI-R2_F009.PNG,TP,0.9896005384088438,0.5296154463275892,0,matched_gt_highest_confidence,NMS1,3,3,172.0,279.0,110.0,90.0
nms,NMS,1173_0822043658_01_WRI-R2_F009.PNG,FP,0.8288974937538232,0.0,,no_gt_match_or_lower_confidence_on_same_gt,NMS2,1,"1,5",147.0,169.0,123.0,90.0
nms,NMS,1173_0822043658_01_WRI-R2_F009.PNG,FP,0.11827849946247876,0.0,,no_gt_match_or_lower_confidence_on_same_gt,NMS3,2,2,204.0,399.0,71.0,90.0
nms,NMS,1173_0822043658_01_WRI-R2_F009.PNG,FP,0.04175771928336236,0.0,,no_gt_match_or_lower_confidence_on_same_gt,NMS4,4,4,159.0,139.0,91.0,90.0
nms,NMS,1215_1223424080_01_WRI-L2_F004.PNG,TP,0.7453350669833904,0.563503218875749,0,matched_gt_highest_confidence,NMS1,9,9,157.0,310.0,89.0,90.0
nms,NMS,1215_1223424080_01_WRI-L2_F004.PNG,FP,0.5213072748058334,0.12075767546213904,0,no_gt_match_or_lower_confidence_on_same_gt,NMS2,3,3,205.0,249.0,146.0,102.0
nms,NMS,1215_1223424080_01_WRI-L2_F004.PNG,FP,0.32258234249214573,0.13736159682689128,0,no_gt_match_or_lower_confidence_on_same_gt,NMS3,4,4,181.0,365.0,53.0,90.0
nms,NMS,1215_1223424080_01_WRI-L2_F004.PNG,FP,0.15403666065942517,0.0,,no_gt_match_or_lower_confidence_on_same_gt,NMS4,5,5,182.0,475.0,47.0,90.0
nms,NMS,1215_1223424080_01_WRI-L2_F004.PNG,FP,0.0643477263213233,0.0,,no_gt_match_or_lower_confidence_on_same_gt,NMS5,7,7,58.0,367.0,7.0,90.0
nms,NMS,1215_1223424080_01_WRI-L2_F004.PNG,FP,0.06343756939956931,0.0,,no_gt_match_or_lower_confidence_on_same_gt,NMS6,8,8,351.0,251.0,9.0,90.0
nms,NMS,1215_1223424080_01_WRI-L2_F004.PNG,FP,0.0444077488916516,0.0,,no_gt_match_or_lower_confidence_on_same_gt,NMS7,2,2,68.0,205.0,35.0,90.0
nms,NMS,1215_1223424080_01_WRI-L2_F004.PNG,FP,0.016816611351251533,0.0,,no_gt_match_or_lower_confidence_on_same_gt,NMS8,10,10,84.0,166.0,23.0,90.0
nms,NMS,1215_1223424080_01_WRI-L2_F004.PNG,FP,0.015093089956035886,0.0,,no_gt_match_or_lower_confidence_on_same_gt,NMS9,1,"1,11",177.0,195.0,99.0,90.0
nms,NMS,1215_1223424080_01_WRI-L2_F004.PNG,FP,0.012350659262182257,0.0,,no_gt_match_or_lower_confidence_on_same_gt,NMS10,6,6,55.0,335.0,23.0,90.0
nms,NMS,1215_1223424080_01_WRI-L2_F004.PNG,FP,0.008405543395481486,0.0,,no_gt_match_or_lower_confidence_on_same_gt,NMS11,12,12,300.0,156.0,91.0,90.0
nms,NMS,1218_0392258361_05_WRI-R2_M014.png,FP,0.9473542038971635,0.27990436026870696,0,no_gt_match_or_lower_confidence_on_same_gt,NMS1,18,18,232.0,626.0,91.0,90.0
nms,NMS,1218_0392258361_05_WRI-R2_M014.png,TP,0.8079719842737387,0.6409192115053682,0,matched_gt_highest_confidence,NMS2,2,2,228.0,588.0,177.0,124.0
nms,NMS,1218_0392258361_05_WRI-R2_M014.png,FP,0.7884719046610418,0.0,,no_gt_match_or_lower_confidence_on_same_gt,NMS3,19,"19,7",265.0,906.0,91.0,90.0
nms,NMS,1218_0392258361_05_WRI-R2_M014.png,FP,0.3786009897312238,0.0,,no_gt_match_or_lower_confidence_on_same_gt,NMS4,9,9,276.0,835.0,86.0,90.0
nms,NMS,1218_0392258361_05_WRI-R2_M014.png,FP,0.37070901834066355,0.049787565135620784,0,no_gt_match_or_lower_confidence_on_same_gt,NMS5,6,6,259.0,715.0,109.0,90.0
nms,NMS,1218_0392258361_05_WRI-R2_M014.png,FP,0.2460427017067504,0.0,,no_gt_match_or_lower_confidence_on_same_gt,NMS6,14,14,293.0,855.0,91.0,90.0
nms,NMS,1218_0392258361_05_WRI-R2_M014.png,FP,0.16703517963065134,0.0,,no_gt_match_or_lower_confidence_on_same_gt,NMS7,8,8,230.0,505.0,109.0,90.0
nms,NMS,1218_0392258361_05_WRI-R2_M014.png,FP,0.09679354817426077,0.23756862760101197,0,no_gt_match_or_lower_confidence_on_same_gt,NMS8,16,16,314.0,588.0,91.0,90.0
nms,NMS,1218_0392258361_05_WRI-R2_M014.png,FP,0.07514264591495055,0.026145667362930298,0,no_gt_match_or_lower_confidence_on_same_gt,NMS9,1,1,252.0,513.0,133.0,94.0
nms,NMS,1218_0392258361_05_WRI-R2_M014.png,FP,0.07373686271891645,0.0,,no_gt_match_or_lower_confidence_on_same_gt,NMS10,4,4,176.0,366.0,153.0,108.0
nms,NMS,1218_0392258361_05_WRI-R2_M014.png,FP,0.07041367880776042,0.0,,no_gt_match_or_lower_confidence_on_same_gt,NMS11,11,11,415.0,349.0,13.0,90.0
nms,NMS,1218_0392258361_05_WRI-R2_M014.png,FP,0.06150707970516132,0.0,,no_gt_match_or_lower_confidence_on_same_gt,NMS12,10,10,134.0,355.0,105.0,90.0
nms,NMS,1218_0392258361_05_WRI-R2_M014.png,FP,0.061476818221470615,0.004145814135685096,0,no_gt_match_or_lower_confidence_on_same_gt,NMS13,12,12,225.0,518.0,14.0,90.0
nms,NMS,1218_0392258361_05_WRI-R2_M014.png,FP,0.06089690582506938,0.0,,no_gt_match_or_lower_confidence_on_same_gt,NMS14,15,15,170.0,390.0,91.0,90.0
nms,NMS,1218_0392258361_05_WRI-R2_M014.png,FP,0.019003387179677617,0.0,,no_gt_match_or_lower_confidence_on_same_gt,NMS15,5,5,455.0,395.0,24.0,90.0
nms,NMS,1218_0392258361_05_WRI-R2_M014.png,FP,0.017873529533907407,0.0,,no_gt_match_or_lower_confidence_on_same_gt,NMS16,3,3,258.0,383.0,164.0,114.0
nms,NMS,1218_0392258361_05_WRI-R2_M014.png,FP,0.007755847255220945,0.0,,no_gt_match_or_lower_confidence_on_same_gt,NMS17,13,13,326.0,478.0,91.0,90.0
nms,NMS,1218_0392258361_05_WRI-R2_M014.png,FP,0.0019492003524275844,0.0,,no_gt_match_or_lower_confidence_on_same_gt,NMS18,17,17,497.0,690.0,23.0,90.0
nms,NMS,1280_0847425934_01_WRI-R2_F016.png,TP,0.6093772966840504,0.6329519647664221,0,matched_gt_highest_confidence,NMS1,3,3,240.0,445.0,97.0,90.0
nms,NMS,1280_0847425934_01_WRI-R2_F016.png,FP,0.45007410144522864,0.0,,no_gt_match_or_lower_confidence_on_same_gt,NMS2,1,1,203.0,285.0,128.0,90.0
nms,NMS,1280_0847425934_01_WRI-R2_F016.png,FP,0.21895707118962976,0.0,,no_gt_match_or_lower_confidence_on_same_gt,NMS3,5,5,157.0,245.0,113.0,90.0
nms,NMS,1280_0847425934_01_WRI-R2_F016.png,FP,0.19219677131990212,0.0,,no_gt_match_or_lower_confidence_on_same_gt,NMS4,4,4,233.0,685.0,91.0,90.0
nms,NMS,1280_0847425934_01_WRI-R2_F016.png,FP,0.05989903775382907,0.04275087342636637,0,no_gt_match_or_lower_confidence_on_same_gt,NMS5,6,6,343.0,415.0,9.0,90.0
nms,NMS,1280_0847425934_01_WRI-R2_F016.png,FP,0.04866410305945485,0.003585886044328207,0,no_gt_match_or_lower_confidence_on_same_gt,NMS6,2,2,240.0,530.0,93.0,180.0
nms,NMS,1280_0847425934_01_WRI-R2_F016.png,FP,0.011789305739818328,0.0,,no_gt_match_or_lower_confidence_on_same_gt,NMS7,8,8,160.0,242.0,44.0,90.0
nms,NMS,1280_0847425934_01_WRI-R2_F016.png,FP,0.006076538300821233,0.0,,no_gt_match_or_lower_confidence_on_same_gt,NMS8,7,7,270.0,317.0,61.0,90.0
nms,NMS,1283_0402792035_01_WRI-L2_M009.png,TP,0.9999959428073301,0.7110372194965869,0,matched_gt_highest_confidence,NMS1,1,1,150.0,344.0,98.0,90.0
nms,NMS,1283_0402792035_01_WRI-L2_M009.png,FP,0.05553785672034006,0.06356089652110691,0,no_gt_match_or_lower_confidence_on_same_gt,NMS2,4,4,154.0,359.0,7.0,90.0
nms,NMS,1283_0402792035_01_WRI-L2_M009.png,FP,0.022617292209614843,0.0,,no_gt_match_or_lower_confidence_on_same_gt,NMS3,2,2,156.0,514.0,66.0,90.0
nms,NMS,1283_0402792035_01_WRI-L2_M009.png,FP,0.013721504855951508,0.0,,no_gt_match_or_lower_confidence_on_same_gt,NMS4,3,3,153.0,624.0,59.0,90.0
nms,NMS,1283_0402792035_01_WRI-L2_M009.png,FP,0.00833124228344333,0.0,,no_gt_match_or_lower_confidence_on_same_gt,NMS5,5,5,182.0,257.0,84.0,90.0
nms,NMS,1284_0365288370_04_WRI-L2_M010.png,IGNORE,0.6992251043540799,0.3083486898105253,0,overlap_ge_ignore_iou_with_found_gt,NMS1,12,12,221.0,358.0,87.0,90.0
nms,NMS,1284_0365288370_04_WRI-L2_M010.png,IGNORE,0.4949251796862465,0.3273378351659078,0,overlap_ge_ignore_iou_with_found_gt,NMS2,9,9,220.0,461.0,91.0,90.0
nms,NMS,1284_0365288370_04_WRI-L2_M010.png,TP,0.3888417682206319,0.5024509803926593,0,matched_gt_highest_confidence,NMS3,2,2,226.0,414.0,82.0,90.0
nms,NMS,1284_0365288370_04_WRI-L2_M010.png,FP,0.21030393076716064,0.0,,no_gt_match_or_lower_confidence_on_same_gt,NMS4,3,3,217.0,524.0,84.0,90.0
nms,NMS,1284_0365288370_04_WRI-L2_M010.png,FP,0.13140276337878784,0.0,,no_gt_match_or_lower_confidence_on_same_gt,NMS5,7,7,227.0,636.0,91.0,90.0
nms,NMS,1284_0365288370_04_WRI-L2_M010.png,FP,0.10008633245068829,0.0,,no_gt_match_or_lower_confidence_on_same_gt,NMS6,1,1,541.0,684.0,49.0,90.0
nms,NMS,1284_0365288370_04_WRI-L2_M010.png,FP,0.08871482741286829,0.0,,no_gt_match_or_lower_confidence_on_same_gt,NMS7,13,13,514.0,451.0,29.0,90.0
nms,NMS,1284_0365288370_04_WRI-L2_M010.png,FP,0.07612187296957715,0.0,,no_gt_match_or_lower_confidence_on_same_gt,NMS8,5,5,418.0,624.0,10.0,90.0
nms,NMS,1284_0365288370_04_WRI-L2_M010.png,FP,0.06231414809395891,0.0,,no_gt_match_or_lower_confidence_on_same_gt,NMS9,10,10,524.0,550.0,37.0,90.0
nms,NMS,1284_0365288370_04_WRI-L2_M010.png,FP,0.04246145412038748,0.0,,no_gt_match_or_lower_confidence_on_same_gt,NMS10,11,"11,4",483.0,280.0,32.0,90.0
nms,NMS,1284_0365288370_04_WRI-L2_M010.png,FP,0.0034031506748117718,0.0,,no_gt_match_or_lower_confidence_on_same_gt,NMS11,6,6,196.0,242.0,91.0,90.0
nms,NMS,1284_0365288370_04_WRI-L2_M010.png,FP,0.002674170992750614,0.0,,no_gt_match_or_lower_confidence_on_same_gt,NMS12,8,8,257.0,235.0,91.0,90.0
nms,NMS,1342_0844831428_01_WRI-R2_F009.PNG,TP,0.795672410744824,0.5866882047338436,0,matched_gt_highest_confidence,NMS1,6,6,209.0,407.0,84.0,90.0
nms,NMS,1342_0844831428_01_WRI-R2_F009.PNG,FP,0.4788987347165872,0.2316081967889747,0,no_gt_match_or_lower_confidence_on_same_gt,NMS2,1,1,198.0,355.0,112.0,90.0
nms,NMS,1342_0844831428_01_WRI-R2_F009.PNG,FP,0.3576938563060212,0.0,,no_gt_match_or_lower_confidence_on_same_gt,NMS3,4,4,195.0,875.0,69.0,90.0
nms,NMS,1342_0844831428_01_WRI-R2_F009.PNG,FP,0.14080605633404775,0.0,,no_gt_match_or_lower_confidence_on_same_gt,NMS4,3,3,204.0,605.0,74.0,90.0
nms,NMS,1342_0844831428_01_WRI-R2_F009.PNG,FP,0.11334138648354831,0.0,,no_gt_match_or_lower_confidence_on_same_gt,NMS5,2,2,212.0,485.0,75.0,90.0
nms,NMS,1342_0844831428_01_WRI-R2_F009.PNG,FP,0.002619007503511291,0.0,,no_gt_match_or_lower_confidence_on_same_gt,NMS6,7,"7,5",192.0,294.0,91.0,90.0
nms,NMS,1375_0307850434_02_WRI-L2_M011.PNG,TP,0.5308243850397015,0.5155895946628524,0,matched_gt_highest_confidence,NMS1,1,1,235.0,345.0,156.0,110.0
nms,NMS,1375_0307850434_02_WRI-L2_M011.PNG,FP,0.5,0.0,,no_gt_match_or_lower_confidence_on_same_gt,NMS2,12,12,454.0,439.0,91.0,90.0
nms,NMS,1375_0307850434_02_WRI-L2_M011.PNG,FP,0.3996680727316176,0.06926139099558166,0,no_gt_match_or_lower_confidence_on_same_gt,NMS3,6,6,246.0,485.0,105.0,90.0
nms,NMS,1375_0307850434_02_WRI-L2_M011.PNG,FP,0.38272216540534326,0.0,,no_gt_match_or_lower_confidence_on_same_gt,NMS4,8,8,243.0,595.0,98.0,90.0
nms,NMS,1375_0307850434_02_WRI-L2_M011.PNG,FP,0.21140722296301742,0.0,,no_gt_match_or_lower_confidence_on_same_gt,NMS5,11,11,462.0,679.0,91.0,90.0
nms,NMS,1375_0307850434_02_WRI-L2_M011.PNG,FP,0.1126779525026051,0.07347911403809398,0,no_gt_match_or_lower_confidence_on_same_gt,NMS6,10,10,235.0,297.0,91.0,90.0
nms,NMS,1375_0307850434_02_WRI-L2_M011.PNG,FP,0.04857956561343518,0.0,,no_gt_match_or_lower_confidence_on_same_gt,NMS7,5,5,430.0,724.0,132.0,92.0
nms,NMS,1375_0307850434_02_WRI-L2_M011.PNG,FP,0.03590470377698387,0.0,,no_gt_match_or_lower_confidence_on_same_gt,NMS8,2,2,410.0,612.0,136.0,96.0
nms,NMS,1375_0307850434_02_WRI-L2_M011.PNG,FP,0.031981778209247164,0.0,,no_gt_match_or_lower_confidence_on_same_gt,NMS9,9,9,190.0,769.0,9.0,90.0
nms,NMS,1375_0307850434_02_WRI-L2_M011.PNG,FP,0.02780349371087925,0.0,,no_gt_match_or_lower_confidence_on_same_gt,NMS10,4,4,410.0,502.0,136.0,96.0
nms,NMS,1375_0307850434_02_WRI-L2_M011.PNG,FP,0.023057667138592374,0.0,,no_gt_match_or_lower_confidence_on_same_gt,NMS11,7,7,450.0,824.0,131.0,92.0
nms,NMS,1375_0307850434_02_WRI-L2_M011.PNG,FP,0.02072435301152698,0.0,,no_gt_match_or_lower_confidence_on_same_gt,NMS12,3,3,420.0,363.0,133.0,94.0
nms,NMS,1391_1164684862_01_WRI-L2_F012.PNG,TP,0.9256387684486242,0.531224196603281,0,matched_gt_highest_confidence,NMS1,4,4,139.0,245.0,91.0,90.0
nms,NMS,1391_1164684862_01_WRI-L2_F012.PNG,FP,0.904900599720783,0.22660614725100692,0,no_gt_match_or_lower_confidence_on_same_gt,NMS2,1,1,125.0,205.0,112.0,90.0
nms,NMS,1391_1164684862_01_WRI-L2_F012.PNG,FP,0.18610340584279958,0.15591849602727378,0,no_gt_match_or_lower_confidence_on_same_gt,NMS3,2,2,138.0,315.0,84.0,90.0
nms,NMS,1391_1164684862_01_WRI-L2_F012.PNG,FP,0.028863178611337352,0.0,,no_gt_match_or_lower_confidence_on_same_gt,NMS4,3,3,131.0,435.0,83.0,90.0
nms,NMS,1391_1164684862_01_WRI-L2_F012.PNG,FP,0.000780742889332933,0.0,,no_gt_match_or_lower_confidence_on_same_gt,NMS5,5,5,152.0,141.0,91.0,90.0
nms,NMS,1392_0677451986_01_WRI-R2_M017.png,TP,0.9889842314492658,0.8278172140367285,0,matched_gt_highest_confidence,NMS1,2,2,336.0,688.0,181.0,126.0
nms,NMS,1392_0677451986_01_WRI-R2_M017.png,FP,0.8971305830584199,0.17915304984303068,0,no_gt_match_or_lower_confidence_on_same_gt,NMS2,23,23,380.0,752.0,91.0,90.0
nms,NMS,1392_0677451986_01_WRI-R2_M017.png,FP,0.4153690344138991,0.0,,no_gt_match_or_lower_confidence_on_same_gt,NMS3,5,5,376.0,825.0,131.0,92.0
nms,NMS,1392_0677451986_01_WRI-R2_M017.png,FP,0.374604646717856,0.0,,no_gt_match_or_lower_confidence_on_same_gt,NMS4,10,10,190.0,426.0,107.0,90.0
nms,NMS,1392_0677451986_01_WRI-R2_M017.png,FP,0.3537150044650375,0.0,,no_gt_match_or_lower_confidence_on_same_gt,NMS5,7,7,366.0,436.0,125.0,90.0
nms,NMS,1392_0677451986_01_WRI-R2_M017.png,IGNORE,0.20840939741599185,0.37815014765701055,0,overlap_ge_ignore_iou_with_found_gt,NMS6,13,13,426.0,706.0,104.0,90.0
nms,NMS,1392_0677451986_01_WRI-R2_M017.png,FP,0.18953577392794968,0.0,,no_gt_match_or_lower_confidence_on_same_gt,NMS7,6,6,376.0,916.0,128.0,90.0
nms,NMS,1392_0677451986_01_WRI-R2_M017.png,FP,0.16317553139544175,0.0,,no_gt_match_or_lower_confidence_on_same_gt,NMS8,19,19,141.0,352.0,26.0,90.0
nms,NMS,1392_0677451986_01_WRI-R2_M017.png,FP,0.08859563713057098,0.0,,no_gt_match_or_lower_confidence_on_same_gt,NMS9,24,24,595.0,704.0,25.0,90.0
nms,NMS,1392_0677451986_01_WRI-R2_M017.png,FP,0.08116171695557775,0.0,,no_gt_match_or_lower_confidence_on_same_gt,NMS10,17,17,208.0,458.0,92.0,90.0
nms,NMS,1392_0677451986_01_WRI-R2_M017.png,FP,0.07690175205586225,0.0,,no_gt_match_or_lower_confidence_on_same_gt,NMS11,20,20,265.0,541.0,91.0,90.0
nms,NMS,1392_0677451986_01_WRI-R2_M017.png,FP,0.05587982881814259,0.0,,no_gt_match_or_lower_confidence_on_same_gt,NMS12,16,16,478.0,546.0,91.0,90.0
nms,NMS,1392_0677451986_01_WRI-R2_M017.png,FP,0.052014768662466335,0.0,,no_gt_match_or_lower_confidence_on_same_gt,NMS13,22,22,594.0,866.0,41.0,90.0
nms,NMS,1392_0677451986_01_WRI-R2_M017.png,FP,0.04739678367732761,0.0,,no_gt_match_or_lower_confidence_on_same_gt,NMS14,4,4,286.0,508.0,181.0,126.0
nms,NMS,1392_0677451986_01_WRI-R2_M017.png,FP,0.023343256859206792,0.0,,no_gt_match_or_lower_confidence_on_same_gt,NMS15,15,15,505.0,433.0,46.0,90.0
nms,NMS,1392_0677451986_01_WRI-R2_M017.png,FP,0.022098265230081262,0.0,,no_gt_match_or_lower_confidence_on_same_gt,NMS16,8,8,366.0,1002.0,139.0,98.0
nms,NMS,1392_0677451986_01_WRI-R2_M017.png,FP,0.013315517784822633,0.15069078927374865,0,no_gt_match_or_lower_confidence_on_same_gt,NMS17,3,3,316.0,598.0,181.0,126.0
nms,NMS,1392_0677451986_01_WRI-R2_M017.png,FP,0.009644716110937594,0.0,,no_gt_match_or_lower_confidence_on_same_gt,NMS18,11,11,499.0,496.0,62.0,90.0
nms,NMS,1392_0677451986_01_WRI-R2_M017.png,FP,0.006758534929155717,0.0,,no_gt_match_or_lower_confidence_on_same_gt,NMS19,14,14,586.0,616.0,30.0,90.0
nms,NMS,1392_0677451986_01_WRI-R2_M017.png,FP,0.005663051924833136,0.0,,no_gt_match_or_lower_confidence_on_same_gt,NMS20,9,9,277.0,596.0,120.0,90.0
nms,NMS,1392_0677451986_01_WRI-R2_M017.png,FP,0.005107668028905427,0.0,,no_gt_match_or_lower_confidence_on_same_gt,NMS21,1,1,256.0,388.0,181.0,126.0
nms,NMS,1392_0677451986_01_WRI-R2_M017.png,FP,0.0024432267948197896,0.0,,no_gt_match_or_lower_confidence_on_same_gt,NMS22,12,12,552.0,396.0,38.0,90.0
nms,NMS,1392_0677451986_01_WRI-R2_M017.png,FP,0.0023428426346993195,0.10030474408643589,0,no_gt_match_or_lower_confidence_on_same_gt,NMS23,21,21,408.0,631.0,91.0,90.0
nms,NMS,1392_0677451986_01_WRI-R2_M017.png,FP,0.0014131071798532378,0.07100673128393295,0,no_gt_match_or_lower_confidence_on_same_gt,NMS24,18,18,347.0,622.0,91.0,90.0
nms,NMS,1429_0951458673_04_WRI-L1_M007.PNG,FP,0.9344342240062989,0.45924620029562924,0,no_gt_match_or_lower_confidence_on_same_gt,NMS1,6,"6,1",157.0,400.0,77.0,90.0
nms,NMS,1429_0951458673_04_WRI-L1_M007.PNG,FP,0.35971714127070764,0.0,,no_gt_match_or_lower_confidence_on_same_gt,NMS2,2,2,169.0,507.0,61.0,90.0
nms,NMS,1429_0951458673_04_WRI-L1_M007.PNG,FP,0.06907020185394555,0.0,,no_gt_match_or_lower_confidence_on_same_gt,NMS3,5,5,99.0,397.0,4.0,90.0
nms,NMS,1429_0951458673_04_WRI-L1_M007.PNG,FP,0.06444460617950436,0.0,,no_gt_match_or_lower_confidence_on_same_gt,NMS4,3,3,174.0,597.0,54.0,90.0
nms,NMS,1429_0951458673_04_WRI-L1_M007.PNG,FP,0.029757859053405465,0.009685507874363088,0,no_gt_match_or_lower_confidence_on_same_gt,NMS5,4,4,195.0,292.0,19.0,90.0
nms,NMS,1493_0516110451_02_WRI-L1_F012.PNG,TP,0.886832213369643,0.5668455806013128,0,matched_gt_highest_confidence,NMS1,3,3,360.0,403.0,164.0,114.0
nms,NMS,1493_0516110451_02_WRI-L1_F012.PNG,FP,0.7419418881295191,0.0,,no_gt_match_or_lower_confidence_on_same_gt,NMS2,5,5,360.0,572.0,136.0,96.0
nms,NMS,1493_0516110451_02_WRI-L1_F012.PNG,FP,0.44838945172382394,0.0,,no_gt_match_or_lower_confidence_on_same_gt,NMS3,6,6,241.0,525.0,100.0,90.0
nms,NMS,1493_0516110451_02_WRI-L1_F012.PNG,FP,0.34101652645460473,0.0,,no_gt_match_or_lower_confidence_on_same_gt,NMS4,22,22,235.0,453.0,92.0,90.0
nms,NMS,1493_0516110451_02_WRI-L1_F012.PNG,FP,0.3221053050776829,0.0,,no_gt_match_or_lower_confidence_on_same_gt,NMS5,17,17,609.0,639.0,31.0,90.0
nms,NMS,1493_0516110451_02_WRI-L1_F012.PNG,FP,0.25424742203475686,0.0,,no_gt_match_or_lower_confidence_on_same_gt,NMS6,4,4,618.0,415.0,47.0,90.0
nms,NMS,1493_0516110451_02_WRI-L1_F012.PNG,FP,0.21001574456986352,0.0,,no_gt_match_or_lower_confidence_on_same_gt,NMS7,8,8,613.0,585.0,44.0,90.0
nms,NMS,1493_0516110451_02_WRI-L1_F012.PNG,FP,0.14886845506673094,0.14236237786167324,0,no_gt_match_or_lower_confidence_on_same_gt,NMS8,2,2,250.0,377.0,181.0,126.0
nms,NMS,1493_0516110451_02_WRI-L1_F012.PNG,FP,0.09442779142497137,0.0,,no_gt_match_or_lower_confidence_on_same_gt,NMS9,11,11,236.0,655.0,95.0,90.0
nms,NMS,1493_0516110451_02_WRI-L1_F012.PNG,FP,0.07659768585857331,0.0,,no_gt_match_or_lower_confidence_on_same_gt,NMS10,15,15,360.0,1001.0,141.0,98.0
nms,NMS,1493_0516110451_02_WRI-L1_F012.PNG,FP,0.07173241689693434,0.0,,no_gt_match_or_lower_confidence_on_same_gt,NMS11,21,21,132.0,759.0,73.0,90.0
nms,NMS,1493_0516110451_02_WRI-L1_F012.PNG,FP,0.06794995717009547,0.0,,no_gt_match_or_lower_confidence_on_same_gt,NMS12,10,10,370.0,914.0,131.0,92.0
nms,NMS,1493_0516110451_02_WRI-L1_F012.PNG,FP,0.06467094690198064,0.0,,no_gt_match_or_lower_confidence_on_same_gt,NMS13,7,7,231.0,764.0,130.0,92.0
nms,NMS,1493_0516110451_02_WRI-L1_F012.PNG,FP,0.061683166132551,0.0,,no_gt_match_or_lower_confidence_on_same_gt,NMS14,19,19,614.0,938.0,10.0,90.0
nms,NMS,1493_0516110451_02_WRI-L1_F012.PNG,FP,0.06040939949504599,0.0,,no_gt_match_or_lower_confidence_on_same_gt,NMS15,20,20,166.0,860.0,7.0,90.0
nms,NMS,1493_0516110451_02_WRI-L1_F012.PNG,FP,0.043639384800175915,0.0,,no_gt_match_or_lower_confidence_on_same_gt,NMS16,14,14,229.0,857.0,152.0,106.0
nms,NMS,1493_0516110451_02_WRI-L1_F012.PNG,FP,0.03694995592664312,0.0,,no_gt_match_or_lower_confidence_on_same_gt,NMS17,13,13,129.0,795.0,63.0,90.0
nms,NMS,1493_0516110451_02_WRI-L1_F012.PNG,FP,0.03030030190124675,0.0,,no_gt_match_or_lower_confidence_on_same_gt,NMS18,1,1,155.0,415.0,156.0,110.0
nms,NMS,1493_0516110451_02_WRI-L1_F012.PNG,FP,0.02628001092517463,0.0,,no_gt_match_or_lower_confidence_on_same_gt,NMS19,12,12,360.0,792.0,138.0,96.0
nms,NMS,1493_0516110451_02_WRI-L1_F012.PNG,FP,0.022724963939006505,0.19829153754340503,0,no_gt_match_or_lower_confidence_on_same_gt,NMS20,23,23,429.0,392.0,91.0,90.0
nms,NMS,1493_0516110451_02_WRI-L1_F012.PNG,FP,0.021713786195645055,0.0,,no_gt_match_or_lower_confidence_on_same_gt,NMS21,16,16,227.0,1003.0,134.0,94.0
nms,NMS,1493_0516110451_02_WRI-L1_F012.PNG,FP,0.02136492489409087,0.0,,no_gt_match_or_lower_confidence_on_same_gt,NMS22,24,24,147.0,605.0,34.0,90.0
nms,NMS,1493_0516110451_02_WRI-L1_F012.PNG,FP,0.013833984767702931,0.0,,no_gt_match_or_lower_confidence_on_same_gt,NMS23,9,9,360.0,682.0,136.0,96.0
nms,NMS,1493_0516110451_02_WRI-L1_F012.PNG,FP,0.0030221596689610285,0.0,,no_gt_match_or_lower_confidence_on_same_gt,NMS24,18,18,620.0,513.0,21.0,90.0
nms,NMS,1493_0516110511_02_WRI-L2_F012.PNG,FP,0.6795011684747136,0.0,,no_gt_match_or_lower_confidence_on_same_gt,NMS1,5,"5,20",403.0,485.0,103.0,90.0
nms,NMS,1493_0516110511_02_WRI-L2_F012.PNG,FP,0.6446243855035353,0.0,,no_gt_match_or_lower_confidence_on_same_gt,NMS2,3,3,383.0,389.0,145.0,102.0
nms,NMS,1493_0516110511_02_WRI-L2_F012.PNG,IGNORE,0.5632331229905655,0.34790477371225037,0,overlap_ge_ignore_iou_with_found_gt,NMS3,2,2,213.0,527.0,150.0,106.0
nms,NMS,1493_0516110511_02_WRI-L2_F012.PNG,FP,0.49489948867710004,0.0,,no_gt_match_or_lower_confidence_on_same_gt,NMS4,13,13,281.0,741.0,72.0,90.0
nms,NMS,1493_0516110511_02_WRI-L2_F012.PNG,FP,0.39927819314414703,0.0,,no_gt_match_or_lower_confidence_on_same_gt,NMS5,19,19,412.0,582.0,80.0,90.0
nms,NMS,1493_0516110511_02_WRI-L2_F012.PNG,FP,0.33698083189670724,0.0,,no_gt_match_or_lower_confidence_on_same_gt,NMS6,7,7,288.0,815.0,65.0,90.0
nms,NMS,1493_0516110511_02_WRI-L2_F012.PNG,FP,0.2851306113655953,0.0,,no_gt_match_or_lower_confidence_on_same_gt,NMS7,8,8,186.0,925.0,68.0,90.0
nms,NMS,1493_0516110511_02_WRI-L2_F012.PNG,TP,0.15503857462976814,0.5694596510116752,0,matched_gt_highest_confidence,NMS8,18,18,204.0,572.0,91.0,90.0
nms,NMS,1493_0516110511_02_WRI-L2_F012.PNG,FP,0.11360906084737757,0.0,,no_gt_match_or_lower_confidence_on_same_gt,NMS9,12,12,258.0,339.0,92.0,90.0
nms,NMS,1493_0516110511_02_WRI-L2_F012.PNG,FP,0.07778199526866467,0.0,,no_gt_match_or_lower_confidence_on_same_gt,NMS10,9,"9,11",282.0,935.0,63.0,90.0
nms,NMS,1493_0516110511_02_WRI-L2_F012.PNG,FP,0.060314807145649074,0.0,,no_gt_match_or_lower_confidence_on_same_gt,NMS11,6,6,204.0,744.0,130.0,92.0
nms,NMS,1493_0516110511_02_WRI-L2_F012.PNG,FP,0.05613203704412552,0.0,,no_gt_match_or_lower_confidence_on_same_gt,NMS12,17,17,518.0,870.0,21.0,90.0
nms,NMS,1493_0516110511_02_WRI-L2_F012.PNG,FP,0.04921266906649791,0.0,,no_gt_match_or_lower_confidence_on_same_gt,NMS13,16,16,174.0,432.0,91.0,90.0
nms,NMS,1493_0516110511_02_WRI-L2_F012.PNG,FP,0.045666499715623685,0.0,,no_gt_match_or_lower_confidence_on_same_gt,NMS14,14,14,357.0,950.0,30.0,90.0
nms,NMS,1493_0516110511_02_WRI-L2_F012.PNG,FP,0.02813376186374772,0.0,,no_gt_match_or_lower_confidence_on_same_gt,NMS15,10,10,463.0,663.0,15.0,90.0
nms,NMS,1493_0516110511_02_WRI-L2_F012.PNG,FP,0.02302325414485842,0.0,,no_gt_match_or_lower_confidence_on_same_gt,NMS16,4,4,187.0,475.0,127.0,90.0
nms,NMS,1493_0516110511_02_WRI-L2_F012.PNG,FP,0.008336621923071772,0.0,,no_gt_match_or_lower_confidence_on_same_gt,NMS17,1,1,223.0,417.0,181.0,126.0
nms,NMS,1493_0516110511_02_WRI-L2_F012.PNG,FP,0.006279279309090584,0.010296720750942139,0,no_gt_match_or_lower_confidence_on_same_gt,NMS18,15,15,292.0,486.0,91.0,90.0
nms,NMS,1536_1072748039_01_WRI-L2_M010.png,TP,0.963757259732235,0.6736479100551735,0,matched_gt_highest_confidence,NMS1,1,1,150.0,445.0,96.0,90.0
nms,NMS,1536_1072748039_01_WRI-L2_M010.png,FP,0.5842711919603372,0.0,,no_gt_match_or_lower_confidence_on_same_gt,NMS2,3,3,162.0,315.0,105.0,90.0
nms,NMS,1536_1072748039_01_WRI-L2_M010.png,FP,0.18528821586472893,0.0,,no_gt_match_or_lower_confidence_on_same_gt,NMS3,2,2,162.0,585.0,124.0,90.0
nms,NMS,1536_1072748039_01_WRI-L2_M010.png,FP,0.10694703410800369,0.0,,no_gt_match_or_lower_confidence_on_same_gt,NMS4,9,9,288.0,674.0,91.0,90.0
nms,NMS,1536_1072748039_01_WRI-L2_M010.png,FP,0.10328224990142229,0.0,,no_gt_match_or_lower_confidence_on_same_gt,NMS5,6,6,271.0,527.0,78.0,90.0
nms,NMS,1536_1072748039_01_WRI-L2_M010.png,FP,0.07885259453758638,0.0,,no_gt_match_or_lower_confidence_on_same_gt,NMS6,7,7,301.0,351.0,3.0,90.0
nms,NMS,1536_1072748039_01_WRI-L2_M010.png,FP,0.04032365016352294,0.0,,no_gt_match_or_lower_confidence_on_same_gt,NMS7,4,4,276.0,375.0,33.0,90.0
nms,NMS,1536_1072748039_01_WRI-L2_M010.png,FP,0.036994805845773734,0.0,,no_gt_match_or_lower_confidence_on_same_gt,NMS8,5,5,174.0,670.0,142.0,100.0
nms,NMS,1536_1072748039_01_WRI-L2_M010.png,FP,0.0006078305603359238,0.0,,no_gt_match_or_lower_confidence_on_same_gt,NMS9,8,8,205.0,235.0,91.0,90.0
nms,NMS,1563_0496123113_02_WRI-L1_M011.png,TP,0.9418594679696972,0.6068646403536456,0,matched_gt_highest_confidence,NMS1,6,6,257.0,638.0,149.0,104.0
nms,NMS,1563_0496123113_02_WRI-L1_M011.png,FP,0.8906462229779909,0.06487740513388718,0,no_gt_match_or_lower_confidence_on_same_gt,NMS2,1,1,247.0,497.0,181.0,126.0
nms,NMS,1563_0496123113_02_WRI-L1_M011.png,FP,0.4486452818124144,0.02274602367513771,0,no_gt_match_or_lower_confidence_on_same_gt,NMS3,16,16,352.0,525.0,91.0,90.0
nms,NMS,1563_0496123113_02_WRI-L1_M011.png,FP,0.07939124289708739,0.05332357039429779,0,no_gt_match_or_lower_confidence_on_same_gt,NMS4,5,5,167.0,707.0,181.0,126.0
nms,NMS,1563_0496123113_02_WRI-L1_M011.png,FP,0.056591587847288675,0.0,,no_gt_match_or_lower_confidence_on_same_gt,NMS5,9,9,337.0,485.0,103.0,90.0
nms,NMS,1563_0496123113_02_WRI-L1_M011.png,FP,0.038657661607484746,0.0,,no_gt_match_or_lower_confidence_on_same_gt,NMS6,15,15,159.0,529.0,91.0,90.0
nms,NMS,1563_0496123113_02_WRI-L1_M011.png,FP,0.023269151915399855,0.0,,no_gt_match_or_lower_confidence_on_same_gt,NMS7,10,10,257.0,845.0,101.0,90.0
nms,NMS,1563_0496123113_02_WRI-L1_M011.png,FP,0.02300066376068136,0.0,,no_gt_match_or_lower_confidence_on_same_gt,NMS8,12,"12,7",200.0,354.0,71.0,90.0
nms,NMS,1563_0496123113_02_WRI-L1_M011.png,FP,0.021940555305465063,0.0,,no_gt_match_or_lower_confidence_on_same_gt,NMS9,13,13,327.0,298.0,91.0,90.0
nms,NMS,1563_0496123113_02_WRI-L1_M011.png,FP,0.018681696949240805,0.2509712852274736,0,no_gt_match_or_lower_confidence_on_same_gt,NMS10,3,3,167.0,587.0,181.0,126.0
nms,NMS,1563_0496123113_02_WRI-L1_M011.png,FP,0.0037531815124612175,0.0,,no_gt_match_or_lower_confidence_on_same_gt,NMS11,14,14,357.0,422.0,91.0,90.0
nms,NMS,1563_0496123113_02_WRI-L1_M011.png,FP,0.0018043032348877047,0.0,,no_gt_match_or_lower_confidence_on_same_gt,NMS12,2,2,277.0,399.0,147.0,102.0
nms,NMS,1563_0496123113_02_WRI-L1_M011.png,FP,0.0013755526796774872,0.0,,no_gt_match_or_lower_confidence_on_same_gt,NMS13,11,11,176.0,493.0,79.0,90.0
nms,NMS,1563_0496123113_02_WRI-L1_M011.png,FP,0.0003158650949383797,0.0,,no_gt_match_or_lower_confidence_on_same_gt,NMS14,4,4,138.0,630.0,130.0,180.0
nms,NMS,1563_0496123113_02_WRI-L1_M011.png,FP,7.07319255320958e-05,0.0,,no_gt_match_or_lower_confidence_on_same_gt,NMS15,8,8,111.0,760.0,137.0,180.0
nms,NMS,1632_0634171744_02_WRI-R2_M003.png,TP,0.990854104961967,0.8075772137550125,0,matched_gt_highest_confidence,NMS1,1,1,149.0,315.0,88.0,90.0
nms,NMS,1632_0634171744_02_WRI-R2_M003.png,FP,0.12928747373258814,0.0,,no_gt_match_or_lower_confidence_on_same_gt,NMS2,2,2,154.0,415.0,89.0,90.0
nms,NMS,1632_0634171744_02_WRI-R2_M003.png,FP,0.08733917727013868,0.0,,no_gt_match_or_lower_confidence_on_same_gt,NMS3,4,4,146.0,228.0,77.0,90.0
nms,NMS,1632_0634171744_02_WRI-R2_M003.png,FP,0.040248003116213175,0.0,,no_gt_match_or_lower_confidence_on_same_gt,NMS4,5,5,163.0,123.0,91.0,90.0
nms,NMS,1632_0634171744_02_WRI-R2_M003.png,FP,0.031348313476086444,0.0,,no_gt_match_or_lower_confidence_on_same_gt,NMS5,3,3,106.0,227.0,14.0,90.0
nms,NMS,1646_0358595502_04_WRI-R1_M007.png,TP,0.7276479129996652,0.7269244860411689,0,matched_gt_highest_confidence,NMS1,4,4,145.0,377.0,105.0,90.0
nms,NMS,1646_0358595502_04_WRI-R1_M007.png,TP,0.4533266485317068,0.715911013197527,1,matched_gt_highest_confidence,NMS2,7,"7,3",290.0,411.0,70.0,90.0
nms,NMS,1646_0358595502_04_WRI-R1_M007.png,FP,0.4295186538418547,0.14016327459800257,1,no_gt_match_or_lower_confidence_on_same_gt,NMS3,2,2,302.0,347.0,60.0,90.0
nms,NMS,1646_0358595502_04_WRI-R1_M007.png,FP,0.27067223963049114,0.06125953359198375,0,no_gt_match_or_lower_confidence_on_same_gt,NMS4,1,1,141.0,281.0,146.0,102.0
nms,NMS,1646_0358595502_04_WRI-R1_M007.png,FP,0.2595330390554032,0.0,,no_gt_match_or_lower_confidence_on_same_gt,NMS5,5,5,214.0,221.0,37.0,90.0
nms,NMS,1646_0358595502_04_WRI-R1_M007.png,FP,0.0017925331549893436,0.0,,no_gt_match_or_lower_confidence_on_same_gt,NMS6,6,6,305.0,311.0,51.0,90.0
nms,NMS,1707_0497635109_01_WRI-R3_M008.PNG,FP,0.6547039971336092,0.0,,no_gt_match_or_lower_confidence_on_same_gt,NMS1,1,1,177.0,325.0,138.0,96.0
nms,NMS,1707_0497635109_01_WRI-R3_M008.PNG,FP,0.20970440856553055,0.2797265706350752,0,no_gt_match_or_lower_confidence_on_same_gt,NMS2,7,7,266.0,570.0,93.0,90.0
nms,NMS,1707_0497635109_01_WRI-R3_M008.PNG,FP,0.06115617519597331,0.0,,no_gt_match_or_lower_confidence_on_same_gt,NMS3,5,5,215.0,681.0,12.0,90.0
nms,NMS,1707_0497635109_01_WRI-R3_M008.PNG,FP,0.047641595764472876,0.0,,no_gt_match_or_lower_confidence_on_same_gt,NMS4,6,6,278.0,286.0,93.0,90.0
nms,NMS,1707_0497635109_01_WRI-R3_M008.PNG,TP,0.011268853678612323,0.523024274784958,0,matched_gt_highest_confidence,NMS5,3,3,228.0,475.0,167.0,116.0
nms,NMS,1707_0497635109_01_WRI-R3_M008.PNG,FP,0.006703822534136612,0.0,,no_gt_match_or_lower_confidence_on_same_gt,NMS6,4,4,223.0,252.0,59.0,90.0
nms,NMS,1707_0497635109_01_WRI-R3_M008.PNG,FP,0.0020121789131029998,0.0,,no_gt_match_or_lower_confidence_on_same_gt,NMS7,2,2,269.0,718.0,106.0,90.0
nms,NMS,1742_0657595114_01_WRI-R2_F009.png,FP,0.5483442284031451,0.0,,no_gt_match_or_lower_confidence_on_same_gt,NMS1,1,1,272.0,296.0,162.0,114.0
nms,NMS,1742_0657595114_01_WRI-R2_F009.png,TP,0.4614202075380372,0.5550100370621965,0,matched_gt_highest_confidence,NMS2,11,11,306.0,454.0,91.0,90.0
nms,NMS,1742_0657595114_01_WRI-R2_F009.png,FP,0.14870808507296943,0.0,,no_gt_match_or_lower_confidence_on_same_gt,NMS3,8,8,413.0,635.0,137.0,96.0
nms,NMS,1742_0657595114_01_WRI-R2_F009.png,FP,0.14844496529273124,0.2824892467905024,0,no_gt_match_or_lower_confidence_on_same_gt,NMS4,5,5,305.0,501.0,149.0,104.0
nms,NMS,1742_0657595114_01_WRI-R2_F009.png,IGNORE,0.1375087599643678,0.3284246132702656,0,overlap_ge_ignore_iou_with_found_gt,NMS5,3,3,296.0,401.0,178.0,124.0
nms,NMS,1742_0657595114_01_WRI-R2_F009.png,FP,0.1095326361348373,0.0,,no_gt_match_or_lower_confidence_on_same_gt,NMS6,9,9,413.0,538.0,121.0,90.0
nms,NMS,1742_0657595114_01_WRI-R2_F009.png,FP,0.07476305445337081,0.0,,no_gt_match_or_lower_confidence_on_same_gt,NMS7,2,2,343.0,302.0,147.0,102.0
nms,NMS,1742_0657595114_01_WRI-R2_F009.png,FP,0.07422223485764476,0.0,,no_gt_match_or_lower_confidence_on_same_gt,NMS8,10,10,238.0,267.0,10.0,90.0
nms,NMS,1742_0657595114_01_WRI-R2_F009.png,FP,0.054193793981538785,0.0,,no_gt_match_or_lower_confidence_on_same_gt,NMS9,7,7,329.0,626.0,135.0,94.0
nms,NMS,1742_0657595114_01_WRI-R2_F009.png,FP,0.02856534653496722,0.0,,no_gt_match_or_lower_confidence_on_same_gt,NMS10,6,6,403.0,398.0,106.0,90.0
nms,NMS,1742_0657595114_01_WRI-R2_F009.png,FP,0.011661134919311993,0.0,,no_gt_match_or_lower_confidence_on_same_gt,NMS11,4,4,236.0,288.0,98.0,90.0
nms,NMS,1743_0153724007_04_WRI-L2_M008.png,FP,0.8033051970570375,0.007476091708596456,0,no_gt_match_or_lower_confidence_on_same_gt,NMS1,1,1,181.0,375.0,100.0,90.0
nms,NMS,1743_0153724007_04_WRI-L2_M008.png,FP,0.47784070385081473,0.0,,no_gt_match_or_lower_confidence_on_same_gt,NMS2,2,"2,5",202.0,265.0,100.0,90.0
nms,NMS,1743_0153724007_04_WRI-L2_M008.png,TP,0.3989864964292213,0.6501434223307085,0,matched_gt_highest_confidence,NMS3,4,4,163.0,495.0,101.0,90.0
nms,NMS,1743_0153724007_04_WRI-L2_M008.png,FP,0.12268709572792404,0.0,,no_gt_match_or_lower_confidence_on_same_gt,NMS4,3,3,159.0,595.0,100.0,90.0
nms,NMS,1743_0153724007_04_WRI-L2_M008.png,FP,0.08172178620685355,0.0,,no_gt_match_or_lower_confidence_on_same_gt,NMS5,6,6,218.0,328.0,91.0,90.0
nms,NMS,1743_0153724007_04_WRI-L2_M008.png,FP,0.07024211677665003,0.0,,no_gt_match_or_lower_confidence_on_same_gt,NMS6,7,7,232.0,224.0,91.0,90.0
nms,NMS,1860_0668647760_02_WRI-R1_M010.png,FP,0.8338448697009956,0.0,,no_gt_match_or_lower_confidence_on_same_gt,NMS1,4,4,171.0,612.0,91.0,90.0
nms,NMS,1860_0668647760_02_WRI-R1_M010.png,TP,0.8083175978287666,0.6193607563868928,0,matched_gt_highest_confidence,NMS2,9,9,171.0,453.0,91.0,90.0
nms,NMS,1860_0668647760_02_WRI-R1_M010.png,FP,0.5738857419006493,0.29081812138743823,0,no_gt_match_or_lower_confidence_on_same_gt,NMS3,2,2,166.0,502.0,103.0,90.0
nms,NMS,1860_0668647760_02_WRI-R1_M010.png,FP,0.4189167255675414,0.0,,no_gt_match_or_lower_confidence_on_same_gt,NMS4,1,1,165.0,372.0,128.0,90.0
nms,NMS,1860_0668647760_02_WRI-R1_M010.png,FP,0.04014668347436453,0.0,,no_gt_match_or_lower_confidence_on_same_gt,NMS5,7,"7,3",342.0,381.0,18.0,90.0
nms,NMS,1860_0668647760_02_WRI-R1_M010.png,FP,0.03625092769517809,0.0,,no_gt_match_or_lower_confidence_on_same_gt,NMS6,8,8,191.0,299.0,56.0,90.0
nms,NMS,1860_0668647760_02_WRI-R1_M010.png,FP,0.02898608535594585,0.0,,no_gt_match_or_lower_confidence_on_same_gt,NMS7,6,6,345.0,491.0,21.0,90.0
nms,NMS,1860_0668647760_02_WRI-R1_M010.png,FP,0.0021311476549014064,0.0,,no_gt_match_or_lower_confidence_on_same_gt,NMS8,5,5,343.0,682.0,61.0,90.0
nms,NMS,1979_1021352022_02_WRI-R1_M007.PNG,TP,0.9250739564633221,0.5340976332117657,0,matched_gt_highest_confidence,NMS1,11,11,273.0,355.0,91.0,90.0
nms,NMS,1979_1021352022_02_WRI-R1_M007.PNG,FP,0.29680735616069764,0.0,,no_gt_match_or_lower_confidence_on_same_gt,NMS2,12,12,217.0,613.0,91.0,90.0
nms,NMS,1979_1021352022_02_WRI-R1_M007.PNG,FP,0.2556877107642387,0.0,,no_gt_match_or_lower_confidence_on_same_gt,NMS3,4,"4,14",278.0,275.0,86.0,90.0
nms,NMS,1979_1021352022_02_WRI-R1_M007.PNG,FP,0.18338477112104135,0.0,,no_gt_match_or_lower_confidence_on_same_gt,NMS4,1,1,470.0,321.0,139.0,98.0
nms,NMS,1979_1021352022_02_WRI-R1_M007.PNG,FP,0.1349158534246182,0.0,,no_gt_match_or_lower_confidence_on_same_gt,NMS5,16,16,131.0,394.0,51.0,90.0
nms,NMS,1979_1021352022_02_WRI-R1_M007.PNG,FP,0.07591160061277401,0.0,,no_gt_match_or_lower_confidence_on_same_gt,NMS6,3,3,53.0,745.0,60.0,90.0
nms,NMS,1979_1021352022_02_WRI-R1_M007.PNG,FP,0.07434289284100035,0.0,,no_gt_match_or_lower_confidence_on_same_gt,NMS7,9,9,262.0,511.0,7.0,90.0
nms,NMS,1979_1021352022_02_WRI-R1_M007.PNG,FP,0.06904436113692655,0.0,,no_gt_match_or_lower_confidence_on_same_gt,NMS8,6,6,135.0,727.0,21.0,90.0
nms,NMS,1979_1021352022_02_WRI-R1_M007.PNG,FP,0.0674289537297244,0.02758624367819939,0,no_gt_match_or_lower_confidence_on_same_gt,NMS9,10,10,393.0,365.0,4.0,90.0
nms,NMS,1979_1021352022_02_WRI-R1_M007.PNG,FP,0.04746306870203913,0.0,,no_gt_match_or_lower_confidence_on_same_gt,NMS10,2,2,174.0,722.0,137.0,96.0
nms,NMS,1979_1021352022_02_WRI-R1_M007.PNG,FP,0.03081015733093984,0.0,,no_gt_match_or_lower_confidence_on_same_gt,NMS11,7,7,498.0,427.0,12.0,90.0
nms,NMS,1979_1021352022_02_WRI-R1_M007.PNG,FP,0.02236173712056704,0.0,,no_gt_match_or_lower_confidence_on_same_gt,NMS12,8,8,392.0,267.0,38.0,90.0
nms,NMS,1979_1021352022_02_WRI-R1_M007.PNG,FP,0.016821689349233275,0.0,,no_gt_match_or_lower_confidence_on_same_gt,NMS13,5,5,500.0,425.0,47.0,90.0
nms,NMS,1979_1021352022_02_WRI-R1_M007.PNG,FP,0.015769291882304255,0.0,,no_gt_match_or_lower_confidence_on_same_gt,NMS14,13,13,530.0,578.0,39.0,90.0
nms,NMS,1979_1021352022_02_WRI-R1_M007.PNG,FP,0.00796196486395076,0.0,,no_gt_match_or_lower_confidence_on_same_gt,NMS15,15,15,96.0,545.0,42.0,90.0
nms,NMS,1993_0548434682_03_WRI-R2_F009.PNG,TP,0.9999847485255072,0.5752163709990507,0,matched_gt_highest_confidence,NMS1,6,"6,3",160.0,442.0,66.0,90.0
nms,NMS,1993_0548434682_03_WRI-R2_F009.PNG,FP,0.21506433831007013,0.0,,no_gt_match_or_lower_confidence_on_same_gt,NMS2,2,"2,5",129.0,194.0,104.0,90.0
nms,NMS,1993_0548434682_03_WRI-R2_F009.PNG,FP,0.08011189023579135,0.0,,no_gt_match_or_lower_confidence_on_same_gt,NMS3,4,4,195.0,261.0,19.0,90.0
nms,NMS,1993_0548434682_03_WRI-R2_F009.PNG,FP,0.005792265472714678,0.0,,no_gt_match_or_lower_confidence_on_same_gt,NMS4,1,1,167.0,334.0,92.0,90.0
nms,NMS,2079_0634378897_01_WRI-R1_M008.PNG,TP,0.6565799422614971,0.5655368963504563,0,matched_gt_highest_confidence,NMS1,5,5,212.0,524.0,91.0,90.0
nms,NMS,2079_0634378897_01_WRI-R1_M008.PNG,FP,0.5379457288979466,0.0,,no_gt_match_or_lower_confidence_on_same_gt,NMS2,1,1,169.0,408.0,145.0,102.0
nms,NMS,2079_0634378897_01_WRI-R1_M008.PNG,FP,0.19946746714095542,0.0,,no_gt_match_or_lower_confidence_on_same_gt,NMS3,2,"2,3",342.0,404.0,79.0,90.0
nms,NMS,2079_0634378897_01_WRI-R1_M008.PNG,FP,0.0014470974894317933,0.0,,no_gt_match_or_lower_confidence_on_same_gt,NMS4,4,4,201.0,346.0,92.0,90.0
nms,NMS,2176_1073963460_04_WRI-L2_M009.png,TP,0.9927974159691221,0.5695891663861697,0,matched_gt_highest_confidence,NMS1,8,8,208.0,460.0,91.0,90.0
nms,NMS,2176_1073963460_04_WRI-L2_M009.png,FP,0.6527614745874902,0.25033262024029357,0,no_gt_match_or_lower_confidence_on_same_gt,NMS2,2,2,173.0,394.0,113.0,90.0
nms,NMS,2176_1073963460_04_WRI-L2_M009.png,FP,0.20703307002466104,0.03315223793029696,0,no_gt_match_or_lower_confidence_on_same_gt,NMS3,7,7,165.0,359.0,91.0,90.0
nms,NMS,2176_1073963460_04_WRI-L2_M009.png,FP,0.061352955667360015,0.10417926053503011,0,no_gt_match_or_lower_confidence_on_same_gt,NMS4,1,1,197.0,524.0,99.0,90.0
nms,NMS,2176_1073963460_04_WRI-L2_M009.png,FP,0.04163337837381097,0.0,,no_gt_match_or_lower_confidence_on_same_gt,NMS5,5,5,200.0,754.0,94.0,90.0
nms,NMS,2176_1073963460_04_WRI-L2_M009.png,FP,0.03349106910022984,0.0,,no_gt_match_or_lower_confidence_on_same_gt,NMS6,3,3,200.0,644.0,95.0,90.0
nms,NMS,2176_1073963460_04_WRI-L2_M009.png,FP,0.009974845951809586,0.0,,no_gt_match_or_lower_confidence_on_same_gt,NMS7,4,"4,6",182.0,284.0,86.0,90.0
nms,NMS,2230_0341843437_01_WRI-L2_F005.PNG,TP,0.9999998941737755,0.6346156762031575,0,matched_gt_highest_confidence,NMS1,5,5,219.0,380.0,81.0,90.0
nms,NMS,2230_0341843437_01_WRI-L2_F005.PNG,FP,0.6137931077596744,0.06865841216901375,0,no_gt_match_or_lower_confidence_on_same_gt,NMS2,2,2,202.0,315.0,94.0,90.0
nms,NMS,2230_0341843437_01_WRI-L2_F005.PNG,FP,0.10862076570639728,0.0,,no_gt_match_or_lower_confidence_on_same_gt,NMS3,4,4,212.0,259.0,91.0,90.0
nms,NMS,2230_0341843437_01_WRI-L2_F005.PNG,FP,0.08572092124085806,0.2254412191245117,0,no_gt_match_or_lower_confidence_on_same_gt,NMS4,1,1,221.0,425.0,73.0,90.0
nms,NMS,2230_0341843437_01_WRI-L2_F005.PNG,FP,0.014673644894280915,0.0,,no_gt_match_or_lower_confidence_on_same_gt,NMS5,3,3,216.0,205.0,61.0,90.0
nms,NMS,2363_0844094867_02_WRI-R2_F010.PNG,TP,0.99999011570197,0.6186022468162065,0,matched_gt_highest_confidence,NMS1,8,8,135.0,606.0,91.0,90.0
nms,NMS,2363_0844094867_02_WRI-R2_F010.PNG,FP,0.8630496118162977,0.0,,no_gt_match_or_lower_confidence_on_same_gt,NMS2,1,"1,7",178.0,465.0,116.0,90.0
nms,NMS,2363_0844094867_02_WRI-R2_F010.PNG,IGNORE,0.6609980056979052,0.3167910059195311,0,overlap_ge_ignore_iou_with_found_gt,NMS3,3,3,150.0,585.0,129.0,90.0
nms,NMS,2363_0844094867_02_WRI-R2_F010.PNG,FP,0.12058074352915735,0.0,,no_gt_match_or_lower_confidence_on_same_gt,NMS4,4,4,160.0,705.0,123.0,90.0
nms,NMS,2363_0844094867_02_WRI-R2_F010.PNG,FP,0.020133776942965396,0.0,,no_gt_match_or_lower_confidence_on_same_gt,NMS5,5,5,173.0,516.0,13.0,90.0
nms,NMS,2363_0844094867_02_WRI-R2_F010.PNG,FP,0.009779240446052065,0.0,,no_gt_match_or_lower_confidence_on_same_gt,NMS6,2,2,167.0,845.0,114.0,90.0
nms,NMS,2363_0844094867_02_WRI-R2_F010.PNG,FP,0.005428936516375726,0.0,,no_gt_match_or_lower_confidence_on_same_gt,NMS7,6,6,224.0,352.0,77.0,90.0
nms,NMS,2419_1009570056_06_WRI-L2_F006.png,TP,0.9859915129931769,0.7363839603628457,0,matched_gt_highest_confidence,NMS1,2,"2,6",168.0,365.0,98.0,90.0
nms,NMS,2419_1009570056_06_WRI-L2_F006.png,FP,0.8943520495135574,0.0,,no_gt_match_or_lower_confidence_on_same_gt,NMS2,1,1,160.0,265.0,87.0,90.0
nms,NMS,2419_1009570056_06_WRI-L2_F006.png,FP,0.06181314375152732,0.0,,no_gt_match_or_lower_confidence_on_same_gt,NMS3,5,5,178.0,157.0,66.0,90.0
nms,NMS,2419_1009570056_06_WRI-L2_F006.png,FP,0.050397420485746525,0.0,,no_gt_match_or_lower_confidence_on_same_gt,NMS4,4,4,351.0,275.0,13.0,90.0
nms,NMS,2419_1009570056_06_WRI-L2_F006.png,FP,0.015553504197050783,0.0,,no_gt_match_or_lower_confidence_on_same_gt,NMS5,7,7,158.0,219.0,91.0,90.0
nms,NMS,2419_1009570056_06_WRI-L2_F006.png,FP,0.0014835666818543726,0.0,,no_gt_match_or_lower_confidence_on_same_gt,NMS6,3,3,175.0,475.0,61.0,90.0
nms,NMS,2458_0430068033_05_WRI-L2_M009.PNG,IGNORE,0.939966785416439,0.40741122135286517,0,overlap_ge_ignore_iou_with_found_gt,NMS1,7,7,265.0,741.0,137.0,96.0
nms,NMS,2458_0430068033_05_WRI-L2_M009.PNG,FP,0.7045512412324066,0.0,,no_gt_match_or_lower_confidence_on_same_gt,NMS2,1,1,246.0,523.0,131.0,92.0
nms,NMS,2458_0430068033_05_WRI-L2_M009.PNG,FP,0.43577834252474473,0.19966266799131324,0,no_gt_match_or_lower_confidence_on_same_gt,NMS3,6,6,265.0,640.0,139.0,98.0
nms,NMS,2458_0430068033_05_WRI-L2_M009.PNG,TP,0.2216532039731075,0.5516689286849,0,matched_gt_highest_confidence,NMS4,11,11,323.0,701.0,91.0,90.0
nms,NMS,2458_0430068033_05_WRI-L2_M009.PNG,FP,0.05872929969774365,0.0,,no_gt_match_or_lower_confidence_on_same_gt,NMS5,8,8,411.0,495.0,13.0,90.0
nms,NMS,2458_0430068033_05_WRI-L2_M009.PNG,FP,0.05765795867719762,0.20765488699421,0,no_gt_match_or_lower_confidence_on_same_gt,NMS6,3,3,175.0,726.0,181.0,126.0
nms,NMS,2458_0430068033_05_WRI-L2_M009.PNG,FP,0.030086829770777437,0.0,,no_gt_match_or_lower_confidence_on_same_gt,NMS7,9,9,272.0,485.0,91.0,90.0
nms,NMS,2458_0430068033_05_WRI-L2_M009.PNG,FP,0.010922553646688947,0.0,,no_gt_match_or_lower_confidence_on_same_gt,NMS8,10,10,177.0,520.0,91.0,90.0
nms,NMS,2458_0430068033_05_WRI-L2_M009.PNG,FP,0.007741724865708963,0.0016132777748237084,0,no_gt_match_or_lower_confidence_on_same_gt,NMS9,2,2,165.0,799.0,181.0,180.0
nms,NMS,2458_0430068033_05_WRI-L2_M009.PNG,FP,0.005823389632590213,0.0,,no_gt_match_or_lower_confidence_on_same_gt,NMS10,5,5,155.0,714.0,111.0,90.0
nms,NMS,2458_0430068033_05_WRI-L2_M009.PNG,FP,0.00366312088833364,0.13472270730327432,0,no_gt_match_or_lower_confidence_on_same_gt,NMS11,4,4,165.0,636.0,181.0,126.0
nms,NMS,2602_0745106729_06_WRI-L2_M014.png,TP,0.8442560598285133,0.7236017362337906,0,matched_gt_highest_confidence,NMS1,10,10,178.0,611.0,91.0,90.0
nms,NMS,2602_0745106729_06_WRI-L2_M014.png,IGNORE,0.604732453669284,0.30057614044510145,0,overlap_ge_ignore_iou_with_found_gt,NMS2,5,5,169.0,665.0,95.0,90.0
nms,NMS,2602_0745106729_06_WRI-L2_M014.png,FP,0.4247872206289983,0.0,,no_gt_match_or_lower_confidence_on_same_gt,NMS3,4,4,127.0,455.0,95.0,90.0
nms,NMS,2602_0745106729_06_WRI-L2_M014.png,FP,0.4066743109113515,0.0,,no_gt_match_or_lower_confidence_on_same_gt,NMS4,1,"1,9",106.0,335.0,126.0,90.0
nms,NMS,2602_0745106729_06_WRI-L2_M014.png,FP,0.3205828656237051,0.0,,no_gt_match_or_lower_confidence_on_same_gt,NMS5,2,2,177.0,755.0,92.0,90.0
nms,NMS,2602_0745106729_06_WRI-L2_M014.png,FP,0.2501052556848393,0.23428890489388496,0,no_gt_match_or_lower_confidence_on_same_gt,NMS6,11,11,167.0,575.0,88.0,90.0
nms,NMS,2602_0745106729_06_WRI-L2_M014.png,FP,0.08046065436759257,0.0,,no_gt_match_or_lower_confidence_on_same_gt,NMS7,3,3,150.0,525.0,96.0,90.0
nms,NMS,2602_0745106729_06_WRI-L2_M014.png,FP,0.0727559640459659,0.0,,no_gt_match_or_lower_confidence_on_same_gt,NMS8,6,6,287.0,752.0,11.0,90.0
nms,NMS,2602_0745106729_06_WRI-L2_M014.png,FP,0.06605686253076584,0.0,,no_gt_match_or_lower_confidence_on_same_gt,NMS9,8,8,142.0,774.0,9.0,90.0
nms,NMS,2602_0745106729_06_WRI-L2_M014.png,FP,0.006964037315960111,0.0,,no_gt_match_or_lower_confidence_on_same_gt,NMS10,7,7,134.0,355.0,91.0,90.0
nms,NMS,2660_0622346450_03_WRI-R1_M013.png,TP,0.840021746077418,0.6645538568140239,0,matched_gt_highest_confidence,NMS1,4,4,154.0,579.0,147.0,102.0
nms,NMS,2660_0622346450_03_WRI-R1_M013.png,FP,0.4243485161988145,0.0,,no_gt_match_or_lower_confidence_on_same_gt,NMS2,12,12,156.0,492.0,91.0,90.0
nms,NMS,2660_0622346450_03_WRI-R1_M013.png,FP,0.23119170561000324,0.0,,no_gt_match_or_lower_confidence_on_same_gt,NMS3,10,10,353.0,538.0,91.0,90.0
nms,NMS,2660_0622346450_03_WRI-R1_M013.png,FP,0.1605835270358891,0.0,,no_gt_match_or_lower_confidence_on_same_gt,NMS4,1,1,498.0,265.0,16.0,90.0
nms,NMS,2660_0622346450_03_WRI-R1_M013.png,FP,0.11827276355301683,0.07345544364724653,0,no_gt_match_or_lower_confidence_on_same_gt,NMS5,2,2,158.0,675.0,123.0,90.0
nms,NMS,2660_0622346450_03_WRI-R1_M013.png,FP,0.09178493759630776,0.0,,no_gt_match_or_lower_confidence_on_same_gt,NMS6,6,6,495.0,447.0,15.0,90.0
nms,NMS,2660_0622346450_03_WRI-R1_M013.png,FP,0.07541805446279454,0.0,,no_gt_match_or_lower_confidence_on_same_gt,NMS7,5,5,150.0,354.0,8.0,90.0
nms,NMS,2660_0622346450_03_WRI-R1_M013.png,FP,0.06395148102912204,0.0,,no_gt_match_or_lower_confidence_on_same_gt,NMS8,9,9,494.0,664.0,11.0,90.0
nms,NMS,2660_0622346450_03_WRI-R1_M013.png,FP,0.05325691562880727,0.0,,no_gt_match_or_lower_confidence_on_same_gt,NMS9,11,11,186.0,248.0,91.0,90.0
nms,NMS,2660_0622346450_03_WRI-R1_M013.png,FP,0.006269450757373413,0.0,,no_gt_match_or_lower_confidence_on_same_gt,NMS10,8,8,366.0,307.0,91.0,90.0
nms,NMS,2660_0622346450_03_WRI-R1_M013.png,FP,0.005603988850220599,0.0,,no_gt_match_or_lower_confidence_on_same_gt,NMS11,3,3,360.0,435.0,98.0,90.0
nms,NMS,2660_0622346450_03_WRI-R1_M013.png,FP,0.001322431157010859,0.0,,no_gt_match_or_lower_confidence_on_same_gt,NMS12,7,7,271.0,360.0,91.0,90.0
nms,NMS,2880_0995256867_02_WRI-R2_M010.png,TP,0.993902117611052,0.555973448056341,0,matched_gt_highest_confidence,NMS1,8,8,413.0,392.0,91.0,90.0
nms,NMS,2880_0995256867_02_WRI-R2_M010.png,IGNORE,0.9288490059239461,0.5156492542744225,0,overlap_ge_ignore_iou_with_found_gt,NMS2,2,2,425.0,391.0,139.0,98.0
nms,NMS,2880_0995256867_02_WRI-R2_M010.png,FP,0.45140542165884057,0.0,,no_gt_match_or_lower_confidence_on_same_gt,NMS3,1,1,447.0,505.0,115.0,90.0
nms,NMS,2880_0995256867_02_WRI-R2_M010.png,FP,0.036165352944821566,0.0,,no_gt_match_or_lower_confidence_on_same_gt,NMS4,4,4,469.0,595.0,95.0,90.0
nms,NMS,2880_0995256867_02_WRI-R2_M010.png,FP,0.02444227172744429,0.0,,no_gt_match_or_lower_confidence_on_same_gt,NMS5,10,10,714.0,529.0,28.0,90.0
nms,NMS,2880_0995256867_02_WRI-R2_M010.png,FP,0.017750010800371644,0.0,,no_gt_match_or_lower_confidence_on_same_gt,NMS6,7,"7,3",420.0,272.0,91.0,90.0
nms,NMS,2880_0995256867_02_WRI-R2_M010.png,FP,0.011134367769922935,0.0,,no_gt_match_or_lower_confidence_on_same_gt,NMS7,5,5,437.0,233.0,89.0,90.0
nms,NMS,2880_0995256867_02_WRI-R2_M010.png,FP,0.0077215787407818905,0.01689382130683882,0,no_gt_match_or_lower_confidence_on_same_gt,NMS8,6,6,480.0,332.0,91.0,90.0
nms,NMS,2880_0995256867_02_WRI-R2_M010.png,FP,0.0041983581053875296,0.0,,no_gt_match_or_lower_confidence_on_same_gt,NMS9,9,9,670.0,397.0,44.0,90.0
nms,NMS,2975_0736302598_03_WRI-R2_M008.PNG,TP,0.8995122635078076,0.6075339678777542,0,matched_gt_highest_confidence,NMS1,12,12,259.0,526.0,81.0,90.0
nms,NMS,2975_0736302598_03_WRI-R2_M008.PNG,FP,0.49488948081267237,0.0,,no_gt_match_or_lower_confidence_on_same_gt,NMS2,8,8,251.0,665.0,80.0,90.0
nms,NMS,2975_0736302598_03_WRI-R2_M008.PNG,FP,0.3941330640472768,0.1672402695821799,0,no_gt_match_or_lower_confidence_on_same_gt,NMS3,2,2,259.0,575.0,78.0,90.0
nms,NMS,2975_0736302598_03_WRI-R2_M008.PNG,FP,0.05881215065987243,0.0,,no_gt_match_or_lower_confidence_on_same_gt,NMS4,1,1,206.0,423.0,134.0,94.0
nms,NMS,2975_0736302598_03_WRI-R2_M008.PNG,FP,0.04850100610126974,0.0,,no_gt_match_or_lower_confidence_on_same_gt,NMS5,9,9,221.0,226.0,13.0,90.0
nms,NMS,2975_0736302598_03_WRI-R2_M008.PNG,FP,0.04240303698520666,0.0,,no_gt_match_or_lower_confidence_on_same_gt,NMS6,5,"5,13",385.0,445.0,51.0,90.0
nms,NMS,2975_0736302598_03_WRI-R2_M008.PNG,FP,0.029411017574757607,0.0,,no_gt_match_or_lower_confidence_on_same_gt,NMS7,11,"11,7",392.0,625.0,55.0,90.0
nms,NMS,2975_0736302598_03_WRI-R2_M008.PNG,FP,0.013149932093987082,0.0,,no_gt_match_or_lower_confidence_on_same_gt,NMS8,14,14,361.0,245.0,53.0,90.0
nms,NMS,2975_0736302598_03_WRI-R2_M008.PNG,FP,0.012504175355324703,0.0,,no_gt_match_or_lower_confidence_on_same_gt,NMS9,10,10,222.0,383.0,57.0,90.0
nms,NMS,2975_0736302598_03_WRI-R2_M008.PNG,FP,0.007084544984344195,0.0,,no_gt_match_or_lower_confidence_on_same_gt,NMS10,6,6,398.0,535.0,44.0,90.0
nms,NMS,2975_0736302598_03_WRI-R2_M008.PNG,FP,0.004577914281606378,0.0,,no_gt_match_or_lower_confidence_on_same_gt,NMS11,3,3,219.0,275.0,75.0,90.0
nms,NMS,2975_0736302598_03_WRI-R2_M008.PNG,FP,0.002329405111678079,0.0,,no_gt_match_or_lower_confidence_on_same_gt,NMS12,4,4,367.0,325.0,56.0,90.0
nms,NMS,4500_0833654044_01_WRI-L2_F004.PNG,TP,0.597046088217604,0.5393804186305126,0,matched_gt_highest_confidence,NMS1,1,1,167.0,275.0,59.0,90.0
nms,NMS,4500_0833654044_01_WRI-L2_F004.PNG,FP,0.12082322644452118,0.0,,no_gt_match_or_lower_confidence_on_same_gt,NMS2,4,4,160.0,422.0,46.0,90.0
nms,NMS,4500_0833654044_01_WRI-L2_F004.PNG,FP,0.046958533078032307,0.0,,no_gt_match_or_lower_confidence_on_same_gt,NMS3,3,3,152.0,192.0,91.0,90.0
nms,NMS,4500_0833654044_01_WRI-L2_F004.PNG,FP,0.015592399989683797,0.0,,no_gt_match_or_lower_confidence_on_same_gt,NMS4,2,2,165.0,395.0,45.0,90.0
nms,NMS,4526_0791926653_02_WRI-L1_F012.PNG,FP,0.5441760331087488,0.0,,no_gt_match_or_lower_confidence_on_same_gt,NMS1,11,11,196.0,1035.0,108.0,90.0
nms,NMS,4526_0791926653_02_WRI-L1_F012.PNG,FP,0.3205557028800405,0.0,,no_gt_match_or_lower_confidence_on_same_gt,NMS2,19,19,329.0,632.0,91.0,90.0
nms,NMS,4526_0791926653_02_WRI-L1_F012.PNG,FP,0.27721523628547884,0.0,,no_gt_match_or_lower_confidence_on_same_gt,NMS3,20,20,352.0,1037.0,91.0,90.0
nms,NMS,4526_0791926653_02_WRI-L1_F012.PNG,FP,0.19324415992900154,0.2902408483114955,0,no_gt_match_or_lower_confidence_on_same_gt,NMS4,16,16,389.0,480.0,91.0,90.0
nms,NMS,4526_0791926653_02_WRI-L1_F012.PNG,TP,0.16464334444759188,0.5127140242608698,0,matched_gt_highest_confidence,NMS5,1,1,303.0,436.0,154.0,108.0
nms,NMS,4526_0791926653_02_WRI-L1_F012.PNG,FP,0.15379933969221365,0.23854335449325922,0,no_gt_match_or_lower_confidence_on_same_gt,NMS6,7,"7,18",258.0,422.0,136.0,96.0
nms,NMS,4526_0791926653_02_WRI-L1_F012.PNG,FP,0.11984815912096904,0.0,,no_gt_match_or_lower_confidence_on_same_gt,NMS7,9,9,173.0,605.0,111.0,90.0
nms,NMS,4526_0791926653_02_WRI-L1_F012.PNG,FP,0.10548449936575327,0.0,,no_gt_match_or_lower_confidence_on_same_gt,NMS8,21,21,179.0,501.0,91.0,90.0
nms,NMS,4526_0791926653_02_WRI-L1_F012.PNG,FP,0.10043731748121126,0.0,,no_gt_match_or_lower_confidence_on_same_gt,NMS9,8,8,186.0,905.0,118.0,90.0
nms,NMS,4526_0791926653_02_WRI-L1_F012.PNG,FP,0.07578088303182419,0.0,,no_gt_match_or_lower_confidence_on_same_gt,NMS10,15,15,581.0,1049.0,7.0,90.0
nms,NMS,4526_0791926653_02_WRI-L1_F012.PNG,FP,0.06655083272092778,0.0,,no_gt_match_or_lower_confidence_on_same_gt,NMS11,17,17,137.0,753.0,10.0,90.0
nms,NMS,4526_0791926653_02_WRI-L1_F012.PNG,FP,0.031748473533557815,0.0,,no_gt_match_or_lower_confidence_on_same_gt,NMS12,13,13,43.0,755.0,17.0,90.0
nms,NMS,4526_0791926653_02_WRI-L1_F012.PNG,FP,0.030591829463283617,0.0,,no_gt_match_or_lower_confidence_on_same_gt,NMS13,14,14,572.0,404.0,7.0,90.0
nms,NMS,4526_0791926653_02_WRI-L1_F012.PNG,FP,0.0281013133558228,0.0,,no_gt_match_or_lower_confidence_on_same_gt,NMS14,4,4,180.0,795.0,124.0,90.0
nms,NMS,4526_0791926653_02_WRI-L1_F012.PNG,FP,0.024461662186466615,0.07589986402597215,0,no_gt_match_or_lower_confidence_on_same_gt,NMS15,2,2,253.0,541.0,168.0,118.0
nms,NMS,4526_0791926653_02_WRI-L1_F012.PNG,FP,0.021056503032493384,0.0,,no_gt_match_or_lower_confidence_on_same_gt,NMS16,6,6,165.0,695.0,129.0,90.0
nms,NMS,4526_0791926653_02_WRI-L1_F012.PNG,FP,0.01617665483368828,0.0,,no_gt_match_or_lower_confidence_on_same_gt,NMS17,12,12,343.0,1083.0,135.0,94.0
nms,NMS,4526_0791926653_02_WRI-L1_F012.PNG,FP,0.007207957153191839,0.0,,no_gt_match_or_lower_confidence_on_same_gt,NMS18,10,10,303.0,904.0,130.0,92.0
nms,NMS,4526_0791926653_02_WRI-L1_F012.PNG,FP,0.0034155883605576877,0.0,,no_gt_match_or_lower_confidence_on_same_gt,NMS19,3,3,283.0,711.0,140.0,98.0
nms,NMS,4526_0791926653_02_WRI-L1_F012.PNG,FP,0.00042782987476875137,0.0,,no_gt_match_or_lower_confidence_on_same_gt,NMS20,5,5,293.0,813.0,135.0,94.0
nms,NMS,4542_0289418685_06_WRI-R2_M012.PNG,FP,0.9280914765783352,0.0,,no_gt_match_or_lower_confidence_on_same_gt,NMS1,4,4,257.0,330.0,181.0,126.0
nms,NMS,4542_0289418685_06_WRI-R2_M012.PNG,FP,0.9114376677303799,0.17850970677885708,0,no_gt_match_or_lower_confidence_on_same_gt,NMS2,9,9,302.0,632.0,90.0,90.0
nms,NMS,4542_0289418685_06_WRI-R2_M012.PNG,TP,0.6076752428805565,0.5534448175483148,0,matched_gt_highest_confidence,NMS3,1,"1,7",277.0,557.0,131.0,92.0
nms,NMS,4542_0289418685_06_WRI-R2_M012.PNG,FP,0.14137732890555982,0.0,,no_gt_match_or_lower_confidence_on_same_gt,NMS4,8,8,355.0,325.0,91.0,90.0
nms,NMS,4542_0289418685_06_WRI-R2_M012.PNG,FP,0.06431682697643967,0.0,,no_gt_match_or_lower_confidence_on_same_gt,NMS5,6,6,247.0,399.0,21.0,90.0
nms,NMS,4542_0289418685_06_WRI-R2_M012.PNG,FP,0.025402737702001587,0.0,,no_gt_match_or_lower_confidence_on_same_gt,NMS6,2,2,293.0,788.0,84.0,90.0
nms,NMS,4542_0289418685_06_WRI-R2_M012.PNG,FP,0.0043014643860164545,0.0,,no_gt_match_or_lower_confidence_on_same_gt,NMS7,3,3,278.0,888.0,92.0,90.0
nms,NMS,4542_0289418685_06_WRI-R2_M012.PNG,FP,0.002743405675109377,0.22863412934710112,0,no_gt_match_or_lower_confidence_on_same_gt,NMS8,5,5,306.0,532.0,91.0,90.0
nms,NMS,4551_0708641747_01_WRI-L1_M008.png,TP,0.8901513728840043,0.7175913256114411,0,matched_gt_highest_confidence,NMS1,3,"3,11",280.0,515.0,102.0,90.0
nms,NMS,4551_0708641747_01_WRI-L1_M008.png,FP,0.8760033753316502,0.0,,no_gt_match_or_lower_confidence_on_same_gt,NMS2,2,2,269.0,376.0,154.0,108.0
nms,NMS,4551_0708641747_01_WRI-L1_M008.png,FP,0.4211820312752492,0.0,,no_gt_match_or_lower_confidence_on_same_gt,NMS3,4,4,280.0,605.0,80.0,90.0
nms,NMS,4551_0708641747_01_WRI-L1_M008.png,FP,0.12712380974071805,0.0,,no_gt_match_or_lower_confidence_on_same_gt,NMS4,12,12,554.0,363.0,36.0,90.0
nms,NMS,4551_0708641747_01_WRI-L1_M008.png,FP,0.07264566855706384,0.0,,no_gt_match_or_lower_confidence_on_same_gt,NMS5,1,1,305.0,285.0,89.0,90.0
nms,NMS,4551_0708641747_01_WRI-L1_M008.png,FP,0.06862491999422367,0.0,,no_gt_match_or_lower_confidence_on_same_gt,NMS6,8,8,273.0,327.0,91.0,90.0
nms,NMS,4551_0708641747_01_WRI-L1_M008.png,FP,0.06696188308970456,0.0,,no_gt_match_or_lower_confidence_on_same_gt,NMS7,6,6,200.0,430.0,3.0,90.0
nms,NMS,4551_0708641747_01_WRI-L1_M008.png,FP,0.06143326547018011,0.0,,no_gt_match_or_lower_confidence_on_same_gt,NMS8,7,7,358.0,262.0,37.0,90.0
nms,NMS,4551_0708641747_01_WRI-L1_M008.png,FP,0.05322303853952235,0.0,,no_gt_match_or_lower_confidence_on_same_gt,NMS9,5,5,151.0,539.0,16.0,90.0
nms,NMS,4551_0708641747_01_WRI-L1_M008.png,FP,0.019469545683816977,0.0,,no_gt_match_or_lower_confidence_on_same_gt,NMS10,9,9,333.0,363.0,91.0,90.0
nms,NMS,4551_0708641747_01_WRI-L1_M008.png,FP,0.0015516079228000972,0.0,,no_gt_match_or_lower_confidence_on_same_gt,NMS11,10,10,553.0,538.0,33.0,90.0
nms,NMS,4555_0522752808_02_WRI-R2_M013.png,TP,0.7714630161141409,0.5547581011595712,0,matched_gt_highest_confidence,NMS1,5,5,361.0,533.0,136.0,96.0
nms,NMS,4555_0522752808_02_WRI-R2_M013.png,FP,0.5895534124402697,0.03444770814632966,0,no_gt_match_or_lower_confidence_on_same_gt,NMS2,8,8,496.0,525.0,130.0,92.0
nms,NMS,4555_0522752808_02_WRI-R2_M013.png,IGNORE,0.42601675543771084,0.36065877670261215,0,overlap_ge_ignore_iou_with_found_gt,NMS3,15,15,355.0,571.0,91.0,90.0
nms,NMS,4555_0522752808_02_WRI-R2_M013.png,FP,0.3634132477356878,0.0,,no_gt_match_or_lower_confidence_on_same_gt,NMS4,13,13,536.0,886.0,129.0,90.0
nms,NMS,4555_0522752808_02_WRI-R2_M013.png,FP,0.25150228217993326,0.24987037438888182,0,no_gt_match_or_lower_confidence_on_same_gt,NMS5,3,3,386.0,608.0,181.0,126.0
nms,NMS,4555_0522752808_02_WRI-R2_M013.png,FP,0.15864212142001805,0.0,,no_gt_match_or_lower_confidence_on_same_gt,NMS6,9,9,496.0,376.0,117.0,90.0
nms,NMS,4555_0522752808_02_WRI-R2_M013.png,FP,0.09687158999930313,0.1643813139865059,0,no_gt_match_or_lower_confidence_on_same_gt,NMS7,2,2,396.0,468.0,181.0,126.0
nms,NMS,4555_0522752808_02_WRI-R2_M013.png,FP,0.09656911700685064,0.0,,no_gt_match_or_lower_confidence_on_same_gt,NMS8,14,14,350.0,766.0,12.0,90.0
nms,NMS,4555_0522752808_02_WRI-R2_M013.png,FP,0.08357255283041667,0.0,,no_gt_match_or_lower_confidence_on_same_gt,NMS9,12,12,350.0,893.0,137.0,96.0
nms,NMS,4555_0522752808_02_WRI-R2_M013.png,FP,0.05081709041440636,0.0,,no_gt_match_or_lower_confidence_on_same_gt,NMS10,7,7,506.0,741.0,144.0,100.0
nms,NMS,4555_0522752808_02_WRI-R2_M013.png,FP,0.0497057207780631,0.0004291630644842479,0,no_gt_match_or_lower_confidence_on_same_gt,NMS11,16,16,355.0,674.0,11.0,90.0
nms,NMS,4555_0522752808_02_WRI-R2_M013.png,FP,0.025968694129257286,0.0,,no_gt_match_or_lower_confidence_on_same_gt,NMS12,1,"1,18",361.0,383.0,136.0,96.0
nms,NMS,4555_0522752808_02_WRI-R2_M013.png,FP,0.02055716722902582,0.0,,no_gt_match_or_lower_confidence_on_same_gt,NMS13,4,4,401.0,729.0,176.0,124.0
nms,NMS,4555_0522752808_02_WRI-R2_M013.png,FP,0.017290213857327083,0.014961264037750253,0,no_gt_match_or_lower_confidence_on_same_gt,NMS14,6,6,496.0,641.0,142.0,100.0
nms,NMS,4555_0522752808_02_WRI-R2_M013.png,FP,0.011458442590925865,0.0,,no_gt_match_or_lower_confidence_on_same_gt,NMS15,11,11,446.0,918.0,181.0,126.0
nms,NMS,4555_0522752808_02_WRI-R2_M013.png,FP,0.008851920463330536,0.0,,no_gt_match_or_lower_confidence_on_same_gt,NMS16,10,10,396.0,838.0,181.0,126.0
nms,NMS,4555_0522752808_02_WRI-R2_M013.png,FP,0.006357090252649694,0.0,,no_gt_match_or_lower_confidence_on_same_gt,NMS17,17,17,384.0,828.0,91.0,90.0
nms,NMS,4562_0499940005_02_WRI-R2_M003.PNG,TP,0.9864682903939326,0.612256112861967,0,matched_gt_highest_confidence,NMS1,4,4,261.0,259.0,76.0,90.0
nms,NMS,4562_0499940005_02_WRI-R2_M003.PNG,FP,0.017124291437296463,0.08273856152590664,0,no_gt_match_or_lower_confidence_on_same_gt,NMS2,1,1,272.0,316.0,67.0,90.0
nms,NMS,4562_0499940005_02_WRI-R2_M003.PNG,FP,0.0038657666365474043,0.0,,no_gt_match_or_lower_confidence_on_same_gt,NMS3,2,2,324.0,676.0,56.0,90.0
nms,NMS,4562_0499940005_02_WRI-R2_M003.PNG,FP,0.0007603119769187539,0.0,,no_gt_match_or_lower_confidence_on_same_gt,NMS4,3,3,311.0,526.0,51.0,90.0
nms,NMS,4587_0374311805_01_WRI-L2_M010.png,TP,0.9135016875136422,0.5837374932948358,0,matched_gt_highest_confidence,NMS1,7,7,216.0,501.0,82.0,90.0
nms,NMS,4587_0374311805_01_WRI-L2_M010.png,FP,0.6210230949728383,0.0,,no_gt_match_or_lower_confidence_on_same_gt,NMS2,2,"2,6",180.0,382.0,135.0,94.0
nms,NMS,4587_0374311805_01_WRI-L2_M010.png,FP,0.10024350881516945,0.0,,no_gt_match_or_lower_confidence_on_same_gt,NMS3,1,"1,3",208.0,239.0,143.0,100.0
nms,NMS,4587_0374311805_01_WRI-L2_M010.png,FP,0.06724822828423112,0.0,,no_gt_match_or_lower_confidence_on_same_gt,NMS4,5,5,324.0,633.0,7.0,90.0
nms,NMS,4587_0374311805_01_WRI-L2_M010.png,FP,0.010616858401770558,0.0,,no_gt_match_or_lower_confidence_on_same_gt,NMS5,4,4,202.0,343.0,91.0,90.0
nms,NMS,4605_0740967567_01_WRI-L2_F011.PNG,TP,0.9999992615558817,0.5712525255375708,0,matched_gt_highest_confidence,NMS1,15,15,289.0,525.0,85.0,90.0
nms,NMS,4605_0740967567_01_WRI-L2_F011.PNG,IGNORE,0.8656390938184695,0.5224830801223599,0,overlap_ge_ignore_iou_with_found_gt,NMS2,5,5,255.0,495.0,111.0,90.0
nms,NMS,4605_0740967567_01_WRI-L2_F011.PNG,FP,0.20820061150323002,0.0,,no_gt_match_or_lower_confidence_on_same_gt,NMS3,4,4,483.0,325.0,19.0,90.0
nms,NMS,4605_0740967567_01_WRI-L2_F011.PNG,FP,0.0913597641688068,0.0,,no_gt_match_or_lower_confidence_on_same_gt,NMS4,10,10,426.0,351.0,9.0,90.0
nms,NMS,4605_0740967567_01_WRI-L2_F011.PNG,FP,0.06640699001179712,0.0,,no_gt_match_or_lower_confidence_on_same_gt,NMS5,2,2,163.0,465.0,76.0,90.0
nms,NMS,4605_0740967567_01_WRI-L2_F011.PNG,FP,0.051589771477301954,0.0,,no_gt_match_or_lower_confidence_on_same_gt,NMS6,11,11,498.0,450.0,7.0,90.0
nms,NMS,4605_0740967567_01_WRI-L2_F011.PNG,FP,0.04274400550501965,0.0,,no_gt_match_or_lower_confidence_on_same_gt,NMS7,7,7,288.0,605.0,77.0,90.0
nms,NMS,4605_0740967567_01_WRI-L2_F011.PNG,FP,0.040525921298430884,0.0,,no_gt_match_or_lower_confidence_on_same_gt,NMS8,9,9,494.0,265.0,17.0,90.0
nms,NMS,4605_0740967567_01_WRI-L2_F011.PNG,FP,0.023789718174602195,0.0,,no_gt_match_or_lower_confidence_on_same_gt,NMS9,13,"13,8",162.0,558.0,61.0,90.0
nms,NMS,4605_0740967567_01_WRI-L2_F011.PNG,FP,0.018846736302059457,0.0,,no_gt_match_or_lower_confidence_on_same_gt,NMS10,16,"16,6",284.0,691.0,91.0,90.0
nms,NMS,4605_0740967567_01_WRI-L2_F011.PNG,FP,0.005984199566989009,0.0,,no_gt_match_or_lower_confidence_on_same_gt,NMS11,14,14,149.0,746.0,45.0,90.0
nms,NMS,4605_0740967567_01_WRI-L2_F011.PNG,FP,0.002852897125007794,0.0,,no_gt_match_or_lower_confidence_on_same_gt,NMS12,12,"12,1",164.0,370.0,172.0,120.0
nms,NMS,4605_0740967567_01_WRI-L2_F011.PNG,FP,0.002090434506457729,0.0,,no_gt_match_or_lower_confidence_on_same_gt,NMS13,3,3,166.0,355.0,128.0,90.0
nms,NMS,4612_0535367399_03_WRI-L2_M012.PNG,TP,0.895642329040611,0.5957730791276344,0,matched_gt_highest_confidence,NMS1,2,"2,6",211.0,415.0,94.0,90.0
nms,NMS,4612_0535367399_03_WRI-L2_M012.PNG,FP,0.8748871038196234,0.0,,no_gt_match_or_lower_confidence_on_same_gt,NMS2,1,1,193.0,255.0,129.0,90.0
nms,NMS,4612_0535367399_03_WRI-L2_M012.PNG,IGNORE,0.22450518898765362,0.39715687098324864,0,overlap_ge_ignore_iou_with_found_gt,NMS3,5,5,222.0,447.0,91.0,90.0
nms,NMS,4612_0535367399_03_WRI-L2_M012.PNG,FP,0.12883414909102853,0.0,,no_gt_match_or_lower_confidence_on_same_gt,NMS4,3,3,229.0,525.0,74.0,90.0
nms,NMS,4612_0535367399_03_WRI-L2_M012.PNG,FP,0.0014384118178201962,0.0,,no_gt_match_or_lower_confidence_on_same_gt,NMS5,4,4,229.0,208.0,91.0,90.0
nms,NMS,4613_1297459976_01_WRI-L2_F011.PNG,TP,0.9496828280667454,0.6615212128136142,0,matched_gt_highest_confidence,NMS1,1,1,112.0,465.0,117.0,90.0
nms,NMS,4613_1297459976_01_WRI-L2_F011.PNG,FP,0.5689137307162366,0.0,,no_gt_match_or_lower_confidence_on_same_gt,NMS2,3,3,142.0,275.0,116.0,90.0
nms,NMS,4613_1297459976_01_WRI-L2_F011.PNG,FP,0.06817955279907381,0.0,,no_gt_match_or_lower_confidence_on_same_gt,NMS3,9,9,139.0,238.0,91.0,90.0
nms,NMS,4613_1297459976_01_WRI-L2_F011.PNG,FP,0.04957939476421223,0.0,,no_gt_match_or_lower_confidence_on_same_gt,NMS4,4,4,150.0,615.0,74.0,90.0
nms,NMS,4613_1297459976_01_WRI-L2_F011.PNG,FP,0.04843394742843769,0.0,,no_gt_match_or_lower_confidence_on_same_gt,NMS5,7,7,280.0,300.0,20.0,90.0
nms,NMS,4613_1297459976_01_WRI-L2_F011.PNG,FP,0.04309227008403358,0.0,,no_gt_match_or_lower_confidence_on_same_gt,NMS6,8,"8,2",135.0,353.0,85.0,90.0
nms,NMS,4613_1297459976_01_WRI-L2_F011.PNG,FP,0.013594564818289403,0.0,,no_gt_match_or_lower_confidence_on_same_gt,NMS7,5,5,277.0,275.0,29.0,90.0
nms,NMS,4613_1297459976_01_WRI-L2_F011.PNG,FP,0.006978822232256221,0.010601553484190921,0,no_gt_match_or_lower_confidence_on_same_gt,NMS8,10,10,138.0,400.0,91.0,90.0
nms,NMS,4613_1297459976_01_WRI-L2_F011.PNG,FP,0.002255336393982853,0.0,,no_gt_match_or_lower_confidence_on_same_gt,NMS9,6,6,161.0,715.0,75.0,90.0
nms,NMS,4627_0260405716_03_WRI-L2_M008.PNG,FP,0.9221637790027355,0.0,,no_gt_match_or_lower_confidence_on_same_gt,NMS1,1,1,236.0,267.0,106.0,90.0
nms,NMS,4627_0260405716_03_WRI-L2_M008.PNG,TP,0.4287077239425273,0.5922308731544567,0,matched_gt_highest_confidence,NMS2,3,3,243.0,357.0,73.0,90.0
nms,NMS,4627_0260405716_03_WRI-L2_M008.PNG,FP,0.14130553776265636,0.0,,no_gt_match_or_lower_confidence_on_same_gt,NMS3,4,4,222.0,537.0,62.0,90.0
nms,NMS,4627_0260405716_03_WRI-L2_M008.PNG,FP,0.0069892874517937876,0.0,,no_gt_match_or_lower_confidence_on_same_gt,NMS4,2,2,233.0,447.0,66.0,90.0
nms,NMS,4627_0260405716_03_WRI-L2_M008.PNG,FP,0.003725336799967104,0.0,,no_gt_match_or_lower_confidence_on_same_gt,NMS5,5,5,256.0,234.0,88.0,90.0
nms,NMS,4650_0823981766_01_WRI-L2_M014.png,TP,0.859221595327693,0.6319245351654347,0,matched_gt_highest_confidence,NMS1,1,1,155.0,705.0,128.0,90.0
nms,NMS,4650_0823981766_01_WRI-L2_M014.png,FP,0.6820296686094034,0.20934082593344158,1,no_gt_match_or_lower_confidence_on_same_gt,NMS2,4,4,182.0,635.0,127.0,90.0
nms,NMS,4650_0823981766_01_WRI-L2_M014.png,FP,0.3588392788687903,0.0,,no_gt_match_or_lower_confidence_on_same_gt,NMS3,5,5,218.0,371.0,140.0,98.0
nms,NMS,4650_0823981766_01_WRI-L2_M014.png,FP,0.11542921751188685,0.0,,no_gt_match_or_lower_confidence_on_same_gt,NMS4,7,7,150.0,893.0,133.0,94.0
nms,NMS,4650_0823981766_01_WRI-L2_M014.png,FP,0.1069871941210728,0.0,,no_gt_match_or_lower_confidence_on_same_gt,NMS5,3,"3,12",167.0,565.0,126.0,90.0
nms,NMS,4650_0823981766_01_WRI-L2_M014.png,FP,0.08188715054976066,0.0,,no_gt_match_or_lower_confidence_on_same_gt,NMS6,9,9,188.0,457.0,2.0,90.0
nms,NMS,4650_0823981766_01_WRI-L2_M014.png,TP,0.033644849728482716,0.5783230488170085,1,matched_gt_highest_confidence,NMS7,11,11,213.0,672.0,91.0,90.0
nms,NMS,4650_0823981766_01_WRI-L2_M014.png,FP,0.02491727201776734,0.16362400830017546,0,no_gt_match_or_lower_confidence_on_same_gt,NMS8,2,2,153.0,784.0,160.0,112.0
nms,NMS,4650_0823981766_01_WRI-L2_M014.png,FP,0.013841962572816004,0.0,,no_gt_match_or_lower_confidence_on_same_gt,NMS9,6,6,172.0,945.0,157.0,110.0
nms,NMS,4650_0823981766_01_WRI-L2_M014.png,FP,0.006315526508572017,0.0,,no_gt_match_or_lower_confidence_on_same_gt,NMS10,8,8,346.0,407.0,62.0,90.0
nms,NMS,4650_0823981766_01_WRI-L2_M014.png,FP,0.002174404543509564,0.0,,no_gt_match_or_lower_confidence_on_same_gt,NMS11,10,10,216.0,503.0,91.0,90.0
nms,NMS,4657_1266664380_01_WRI-R2_F003.png,TP,0.9842651659209434,0.6359096425606999,0,matched_gt_highest_confidence,NMS1,1,1,162.0,245.0,84.0,90.0
nms,NMS,4657_1266664380_01_WRI-R2_F003.png,FP,0.03954501040573511,0.0,,no_gt_match_or_lower_confidence_on_same_gt,NMS2,4,4,108.0,106.0,90.0,90.0
nms,NMS,4657_1266664380_01_WRI-R2_F003.png,FP,0.015545872303514806,0.0,,no_gt_match_or_lower_confidence_on_same_gt,NMS3,3,3,154.0,177.0,62.0,90.0
nms,NMS,4657_1266664380_01_WRI-R2_F003.png,FP,0.0030068225741880553,0.010101637625124659,0,no_gt_match_or_lower_confidence_on_same_gt,NMS4,2,2,181.0,335.0,57.0,90.0
nms,NMS,4661_0405082997_01_WRI-L1_M002.png,TP,0.4371159763239447,0.5031423845260717,0,matched_gt_highest_confidence,NMS1,1,1,190.0,353.0,116.0,94.0
nms,NMS,4661_0405082997_01_WRI-L1_M002.png,FP,0.3181782989390755,0.0,,no_gt_match_or_lower_confidence_on_same_gt,NMS2,4,4,100.0,467.0,181.0,126.0
nms,NMS,4661_0405082997_01_WRI-L1_M002.png,FP,0.23546576123928917,0.0,,no_gt_match_or_lower_confidence_on_same_gt,NMS3,3,3,91.0,425.0,100.0,90.0
nms,NMS,4661_0405082997_01_WRI-L1_M002.png,FP,0.17307665085053972,0.0,,no_gt_match_or_lower_confidence_on_same_gt,NMS4,5,5,190.0,475.0,109.0,90.0
nms,NMS,4661_0405082997_01_WRI-L1_M002.png,FP,0.1501019802193313,0.26210485502976555,0,no_gt_match_or_lower_confidence_on_same_gt,NMS5,8,8,226.0,379.0,91.0,90.0
nms,NMS,4661_0405082997_01_WRI-L1_M002.png,FP,0.12104558660800872,0.0,,no_gt_match_or_lower_confidence_on_same_gt,NMS6,7,7,101.0,218.0,91.0,90.0
nms,NMS,4661_0405082997_01_WRI-L1_M002.png,FP,0.05492059575995759,0.21199856108394416,0,no_gt_match_or_lower_confidence_on_same_gt,NMS7,2,2,90.0,337.0,181.0,126.0
nms,NMS,4661_0405082997_01_WRI-L1_M002.png,FP,0.04722343825110594,0.0,,no_gt_match_or_lower_confidence_on_same_gt,NMS8,6,6,213.0,182.0,91.0,90.0
nms,NMS,4671_1037664684_01_WRI-R1_F009.PNG,TP,0.665617561839501,0.6626493124276298,0,matched_gt_highest_confidence,NMS1,2,2,241.0,608.0,97.0,90.0
nms,NMS,4671_1037664684_01_WRI-R1_F009.PNG,FP,0.44575227452867533,0.0,,no_gt_match_or_lower_confidence_on_same_gt,NMS2,1,1,237.0,498.0,110.0,90.0
nms,NMS,4671_1037664684_01_WRI-R1_F009.PNG,FP,0.08528367750954982,0.0,,no_gt_match_or_lower_confidence_on_same_gt,NMS3,3,3,464.0,652.0,19.0,90.0
nms,NMS,4671_1037664684_01_WRI-R1_F009.PNG,FP,0.07579067693801131,0.0030434351126772657,0,no_gt_match_or_lower_confidence_on_same_gt,NMS4,8,8,238.0,547.0,1.0,90.0
nms,NMS,4671_1037664684_01_WRI-R1_F009.PNG,FP,0.060274534797636135,0.0,,no_gt_match_or_lower_confidence_on_same_gt,NMS5,4,4,377.0,752.0,9.0,90.0
nms,NMS,4671_1037664684_01_WRI-R1_F009.PNG,FP,0.026642638685915408,0.0,,no_gt_match_or_lower_confidence_on_same_gt,NMS6,5,5,424.0,551.0,14.0,90.0
nms,NMS,4671_1037664684_01_WRI-R1_F009.PNG,FP,0.012965355561798614,0.0,,no_gt_match_or_lower_confidence_on_same_gt,NMS7,6,6,276.0,469.0,91.0,90.0
nms,NMS,4671_1037664684_01_WRI-R1_F009.PNG,FP,0.0020144457607496552,0.0,,no_gt_match_or_lower_confidence_on_same_gt,NMS8,7,7,270.0,434.0,85.0,90.0
nms,NMS,4672_1042963085_08_WRI-L2_F010.png,TP,0.977073265457339,0.7478658398235191,0,matched_gt_highest_confidence,NMS1,4,4,133.0,555.0,105.0,90.0
nms,NMS,4672_1042963085_08_WRI-L2_F010.png,IGNORE,0.47895403936177977,0.3406303135042189,0,overlap_ge_ignore_iou_with_found_gt,NMS2,9,9,137.0,596.0,80.0,90.0
nms,NMS,4672_1042963085_08_WRI-L2_F010.png,FP,0.3782704609759197,0.0,,no_gt_match_or_lower_confidence_on_same_gt,NMS3,1,1,134.0,445.0,119.0,90.0
nms,NMS,4672_1042963085_08_WRI-L2_F010.png,FP,0.3381281597999473,0.0,,no_gt_match_or_lower_confidence_on_same_gt,NMS4,2,"2,6",208.0,253.0,133.0,94.0
nms,NMS,4672_1042963085_08_WRI-L2_F010.png,FP,0.15021724909648304,0.0,,no_gt_match_or_lower_confidence_on_same_gt,NMS5,8,8,157.0,332.0,91.0,90.0
nms,NMS,4672_1042963085_08_WRI-L2_F010.png,FP,0.0745460937377676,0.0,,no_gt_match_or_lower_confidence_on_same_gt,NMS6,3,3,188.0,305.0,109.0,90.0
nms,NMS,4672_1042963085_08_WRI-L2_F010.png,FP,0.011429618571674342,0.0,,no_gt_match_or_lower_confidence_on_same_gt,NMS7,5,5,369.0,243.0,14.0,90.0
nms,NMS,4672_1042963085_08_WRI-L2_F010.png,FP,0.005958994836930724,0.0,,no_gt_match_or_lower_confidence_on_same_gt,NMS8,7,7,142.0,417.0,91.0,90.0
nms,NMS,4681_0424478056_02_WRI-R2_M013.png,FP,0.850793011393229,0.0,,no_gt_match_or_lower_confidence_on_same_gt,NMS1,2,2,181.0,483.0,135.0,94.0
nms,NMS,4681_0424478056_02_WRI-R2_M013.png,TP,0.5807443072252126,0.5263672351657454,0,matched_gt_highest_confidence,NMS2,5,5,197.0,595.0,81.0,90.0
nms,NMS,4681_0424478056_02_WRI-R2_M013.png,FP,0.15913971122616957,0.0,,no_gt_match_or_lower_confidence_on_same_gt,NMS3,3,3,178.0,865.0,87.0,90.0
nms,NMS,4681_0424478056_02_WRI-R2_M013.png,FP,0.1040672253019272,0.0,,no_gt_match_or_lower_confidence_on_same_gt,NMS4,1,"1,6",184.0,388.0,149.0,104.0
nms,NMS,4681_0424478056_02_WRI-R2_M013.png,FP,0.044663714695646485,0.0,,no_gt_match_or_lower_confidence_on_same_gt,NMS5,7,"7,4",172.0,304.0,14.0,90.0
nms,NMS,4681_0424478056_02_WRI-R2_M013.png,FP,0.043668591119313004,0.0,,no_gt_match_or_lower_confidence_on_same_gt,NMS6,8,8,168.0,439.0,91.0,90.0
nms,NMS,4708_0685185180_02_WRI-L3_M005.png,TP,0.860310449416879,0.6004819539010157,0,matched_gt_highest_confidence,NMS1,4,4,188.0,271.0,91.0,90.0
nms,NMS,4708_0685185180_02_WRI-L3_M005.png,FP,0.1009392144499932,0.05210524761767982,0,no_gt_match_or_lower_confidence_on_same_gt,NMS2,3,3,119.0,218.0,91.0,90.0
nms,NMS,4708_0685185180_02_WRI-L3_M005.png,FP,0.09964327609440535,0.0,,no_gt_match_or_lower_confidence_on_same_gt,NMS3,5,5,199.0,389.0,91.0,90.0
nms,NMS,4708_0685185180_02_WRI-L3_M005.png,FP,0.01921790574462525,0.17877656826673097,0,no_gt_match_or_lower_confidence_on_same_gt,NMS4,1,1,115.0,300.0,126.0,180.0
nms,NMS,4708_0685185180_02_WRI-L3_M005.png,FP,0.008220481643491607,0.0,,no_gt_match_or_lower_confidence_on_same_gt,NMS5,2,2,105.0,445.0,126.0,90.0
nms,NMS,4726_0968399137_05_WRI-R1_F009.png,TP,0.9761880084831093,0.6451516204739686,0,matched_gt_highest_confidence,NMS1,2,"2,9",128.0,420.0,147.0,102.0
nms,NMS,4726_0968399137_05_WRI-R1_F009.png,FP,0.6569435252458986,0.05839778200829131,0,no_gt_match_or_lower_confidence_on_same_gt,NMS2,8,8,158.0,482.0,91.0,90.0
nms,NMS,4726_0968399137_05_WRI-R1_F009.png,FP,0.40049224674882195,0.0,,no_gt_match_or_lower_confidence_on_same_gt,NMS3,3,3,159.0,526.0,89.0,90.0
nms,NMS,4726_0968399137_05_WRI-R1_F009.png,FP,0.35886185855510255,0.10563534480752455,0,no_gt_match_or_lower_confidence_on_same_gt,NMS4,1,1,132.0,331.0,143.0,100.0
nms,NMS,4726_0968399137_05_WRI-R1_F009.png,FP,0.08610448080423622,0.0,,no_gt_match_or_lower_confidence_on_same_gt,NMS5,7,7,268.0,264.0,1.0,90.0
nms,NMS,4726_0968399137_05_WRI-R1_F009.png,FP,0.06764331114480797,0.0,,no_gt_match_or_lower_confidence_on_same_gt,NMS6,4,4,146.0,256.0,19.0,90.0
nms,NMS,4726_0968399137_05_WRI-R1_F009.png,FP,0.05725957238753173,0.0,,no_gt_match_or_lower_confidence_on_same_gt,NMS7,5,5,266.0,538.0,17.0,90.0
nms,NMS,4726_0968399137_05_WRI-R1_F009.png,FP,0.041537609527983035,0.0,,no_gt_match_or_lower_confidence_on_same_gt,NMS8,6,6,168.0,262.0,91.0,90.0
nms,NMS,4732_0612125811_02_WRI-L2_F004.PNG,TP,0.9212007848167131,0.5620475639924896,0,matched_gt_highest_confidence,NMS1,4,4,240.0,370.0,58.0,90.0
nms,NMS,4732_0612125811_02_WRI-L2_F004.PNG,FP,0.02771992545204362,0.0,,no_gt_match_or_lower_confidence_on_same_gt,NMS2,3,3,266.0,246.0,85.0,90.0
nms,NMS,4732_0612125811_02_WRI-L2_F004.PNG,FP,0.023969130218183032,0.14496740996952057,0,no_gt_match_or_lower_confidence_on_same_gt,NMS3,1,1,240.0,421.0,57.0,90.0
nms,NMS,4732_0612125811_02_WRI-L2_F004.PNG,FP,0.007236338285035903,0.09790554343173019,0,no_gt_match_or_lower_confidence_on_same_gt,NMS4,2,2,255.0,311.0,89.0,90.0
nms,NMS,4800_1015202634_01_WRI-L2_F008.PNG,TP,0.6457749523505895,0.5425143768148096,0,matched_gt_highest_confidence,NMS1,6,6,191.0,339.0,72.0,90.0
nms,NMS,4800_1015202634_01_WRI-L2_F008.PNG,FP,0.28366431163320216,0.19121085781884709,0,no_gt_match_or_lower_confidence_on_same_gt,NMS2,1,1,187.0,275.0,103.0,90.0
nms,NMS,4800_1015202634_01_WRI-L2_F008.PNG,FP,0.0881322136543508,0.0,,no_gt_match_or_lower_confidence_on_same_gt,NMS3,3,3,179.0,405.0,73.0,90.0
nms,NMS,4800_1015202634_01_WRI-L2_F008.PNG,FP,0.014499758970818918,0.0,,no_gt_match_or_lower_confidence_on_same_gt,NMS4,7,7,202.0,207.0,91.0,90.0
nms,NMS,4800_1015202634_01_WRI-L2_F008.PNG,FP,0.013956628876347115,0.0,,no_gt_match_or_lower_confidence_on_same_gt,NMS5,4,4,145.0,645.0,82.0,90.0
nms,NMS,4800_1015202634_01_WRI-L2_F008.PNG,FP,0.009446322296034254,0.0,,no_gt_match_or_lower_confidence_on_same_gt,NMS6,2,2,161.0,545.0,74.0,90.0
nms,NMS,4800_1015202634_01_WRI-L2_F008.PNG,FP,0.0021171069290323095,0.0,,no_gt_match_or_lower_confidence_on_same_gt,NMS7,5,5,205.0,248.0,91.0,90.0
nms,NMS,4810_0683178845_02_WRI-L1_M011.PNG,FP,0.7143599232567495,0.0,,no_gt_match_or_lower_confidence_on_same_gt,NMS1,5,5,322.0,635.0,101.0,90.0
nms,NMS,4810_0683178845_02_WRI-L1_M011.PNG,FP,0.5195325158604588,0.0,,no_gt_match_or_lower_confidence_on_same_gt,NMS2,2,2,292.0,367.0,152.0,106.0
nms,NMS,4810_0683178845_02_WRI-L1_M011.PNG,FP,0.4057042425646275,0.0,,no_gt_match_or_lower_confidence_on_same_gt,NMS3,17,17,554.0,643.0,42.0,90.0
nms,NMS,4810_0683178845_02_WRI-L1_M011.PNG,FP,0.2552617786156173,0.0,,no_gt_match_or_lower_confidence_on_same_gt,NMS4,19,19,547.0,453.0,24.0,90.0
nms,NMS,4810_0683178845_02_WRI-L1_M011.PNG,FP,0.22526573096909783,0.0,,no_gt_match_or_lower_confidence_on_same_gt,NMS5,3,3,155.0,705.0,68.0,90.0
nms,NMS,4810_0683178845_02_WRI-L1_M011.PNG,IGNORE,0.19750210239558944,0.43137639828677704,0,overlap_ge_ignore_iou_with_found_gt,NMS6,15,15,340.0,464.0,91.0,90.0
nms,NMS,4810_0683178845_02_WRI-L1_M011.PNG,TP,0.10950500974165782,0.6117269160915894,0,matched_gt_highest_confidence,NMS7,1,1,312.0,503.0,135.0,94.0
nms,NMS,4810_0683178845_02_WRI-L1_M011.PNG,FP,0.08570467569910876,0.0,,no_gt_match_or_lower_confidence_on_same_gt,NMS8,9,9,90.0,656.0,14.0,90.0
nms,NMS,4810_0683178845_02_WRI-L1_M011.PNG,FP,0.08414498645791683,0.0,,no_gt_match_or_lower_confidence_on_same_gt,NMS9,12,12,146.0,299.0,20.0,90.0
nms,NMS,4810_0683178845_02_WRI-L1_M011.PNG,FP,0.07215602535621136,0.0,,no_gt_match_or_lower_confidence_on_same_gt,NMS10,13,13,462.0,648.0,7.0,90.0
nms,NMS,4810_0683178845_02_WRI-L1_M011.PNG,FP,0.06631538884184923,0.0,,no_gt_match_or_lower_confidence_on_same_gt,NMS11,20,20,356.0,341.0,91.0,90.0
nms,NMS,4810_0683178845_02_WRI-L1_M011.PNG,FP,0.0630398983446124,0.0,,no_gt_match_or_lower_confidence_on_same_gt,NMS12,8,8,233.0,695.0,12.0,90.0
nms,NMS,4810_0683178845_02_WRI-L1_M011.PNG,FP,0.04349324378430978,0.0,,no_gt_match_or_lower_confidence_on_same_gt,NMS13,4,4,254.0,725.0,119.0,90.0
nms,NMS,4810_0683178845_02_WRI-L1_M011.PNG,FP,0.017732049498327747,0.0,,no_gt_match_or_lower_confidence_on_same_gt,NMS14,7,7,312.0,720.0,172.0,120.0
nms,NMS,4810_0683178845_02_WRI-L1_M011.PNG,FP,0.014272280220213162,0.0,,no_gt_match_or_lower_confidence_on_same_gt,NMS15,16,16,162.0,354.0,86.0,90.0
nms,NMS,4810_0683178845_02_WRI-L1_M011.PNG,FP,0.010057807512861717,0.0,,no_gt_match_or_lower_confidence_on_same_gt,NMS16,18,18,48.0,407.0,38.0,90.0
nms,NMS,4810_0683178845_02_WRI-L1_M011.PNG,FP,0.0055896591939637265,0.0,,no_gt_match_or_lower_confidence_on_same_gt,NMS17,14,14,54.0,556.0,73.0,90.0
nms,NMS,4810_0683178845_02_WRI-L1_M011.PNG,FP,0.004326688392697453,0.0,,no_gt_match_or_lower_confidence_on_same_gt,NMS18,10,10,247.0,246.0,80.0,90.0
nms,NMS,4810_0683178845_02_WRI-L1_M011.PNG,FP,0.003249876806380566,0.0,,no_gt_match_or_lower_confidence_on_same_gt,NMS19,11,11,384.0,261.0,65.0,90.0
nms,NMS,4810_0683178845_02_WRI-L1_M011.PNG,FP,0.0007310888265240065,0.0,,no_gt_match_or_lower_confidence_on_same_gt,NMS20,6,6,352.0,605.0,97.0,90.0
nms,NMS,4812_0715449570_01_WRI-R2_M008.PNG,FP,0.6628994266475883,0.18295090030182642,0,no_gt_match_or_lower_confidence_on_same_gt,NMS1,7,7,267.0,226.0,122.0,90.0
nms,NMS,4812_0715449570_01_WRI-R2_M008.PNG,TP,0.5860727529191294,0.8346753601021701,0,matched_gt_highest_confidence,NMS2,1,1,295.0,278.0,117.0,90.0
nms,NMS,4812_0715449570_01_WRI-R2_M008.PNG,FP,0.2362401659179645,0.027488700939856264,0,no_gt_match_or_lower_confidence_on_same_gt,NMS3,10,10,323.0,193.0,91.0,90.0
nms,NMS,4812_0715449570_01_WRI-R2_M008.PNG,FP,0.17572038886876334,0.0,,no_gt_match_or_lower_confidence_on_same_gt,NMS4,2,2,361.0,408.0,69.0,90.0
nms,NMS,4812_0715449570_01_WRI-R2_M008.PNG,FP,0.10511596082369805,0.0,,no_gt_match_or_lower_confidence_on_same_gt,NMS5,9,9,263.0,582.0,91.0,90.0
nms,NMS,4812_0715449570_01_WRI-R2_M008.PNG,FP,0.08208579218871015,0.0,,no_gt_match_or_lower_confidence_on_same_gt,NMS6,8,8,275.0,452.0,7.0,90.0
nms,NMS,4812_0715449570_01_WRI-R2_M008.PNG,FP,0.056991616469519904,0.0,,no_gt_match_or_lower_confidence_on_same_gt,NMS7,6,"6,3",316.0,480.0,59.0,90.0
nms,NMS,4812_0715449570_01_WRI-R2_M008.PNG,FP,0.040940106325858025,0.0050215964512469406,0,no_gt_match_or_lower_confidence_on_same_gt,NMS8,5,5,425.0,338.0,11.0,90.0
nms,NMS,4812_0715449570_01_WRI-R2_M008.PNG,FP,0.023402668766761617,0.0,,no_gt_match_or_lower_confidence_on_same_gt,NMS9,4,4,417.0,578.0,64.0,90.0
nms,NMS,4820_0744003709_04_WRI-L2_M014.PNG,TP,0.9713995083739478,0.7980738847435749,0,matched_gt_highest_confidence,NMS1,6,6,111.0,551.0,84.0,90.0
nms,NMS,4820_0744003709_04_WRI-L2_M014.PNG,FP,0.7588090774986269,0.0,,no_gt_match_or_lower_confidence_on_same_gt,NMS2,3,3,138.0,229.0,92.0,90.0
nms,NMS,4820_0744003709_04_WRI-L2_M014.PNG,FP,0.40932940453354594,0.16123268591914267,0,no_gt_match_or_lower_confidence_on_same_gt,NMS3,1,1,121.0,615.0,78.0,90.0
nms,NMS,4820_0744003709_04_WRI-L2_M014.PNG,FP,0.07228985414623304,0.0,,no_gt_match_or_lower_confidence_on_same_gt,NMS4,2,2,215.0,312.0,9.0,90.0
nms,NMS,4820_0744003709_04_WRI-L2_M014.PNG,FP,0.06267106411931908,0.0,,no_gt_match_or_lower_confidence_on_same_gt,NMS5,4,4,270.0,225.0,10.0,90.0
nms,NMS,4820_0744003709_04_WRI-L2_M014.PNG,FP,0.062072547321643454,0.0,,no_gt_match_or_lower_confidence_on_same_gt,NMS6,5,5,118.0,398.0,56.0,90.0
nms,NMS,4847_0436558708_02_WRI-L2_M014.png,TP,0.9573734548448862,0.6131196134590057,0,matched_gt_highest_confidence,NMS1,11,11,252.0,583.0,88.0,90.0
nms,NMS,4847_0436558708_02_WRI-L2_M014.png,FP,0.6654784507651235,0.0,,no_gt_match_or_lower_confidence_on_same_gt,NMS2,5,5,262.0,775.0,75.0,90.0
nms,NMS,4847_0436558708_02_WRI-L2_M014.png,FP,0.40938221237878103,0.0,,no_gt_match_or_lower_confidence_on_same_gt,NMS3,3,"3,7",83.0,475.0,40.0,90.0
nms,NMS,4847_0436558708_02_WRI-L2_M014.png,FP,0.07180978714484648,0.0,,no_gt_match_or_lower_confidence_on_same_gt,NMS4,1,"1,10",74.0,345.0,53.0,90.0
nms,NMS,4847_0436558708_02_WRI-L2_M014.png,FP,0.06039237138419112,0.0,,no_gt_match_or_lower_confidence_on_same_gt,NMS5,6,6,354.0,792.0,11.0,90.0
nms,NMS,4847_0436558708_02_WRI-L2_M014.png,FP,0.020628393938894003,0.0,,no_gt_match_or_lower_confidence_on_same_gt,NMS6,2,2,172.0,328.0,149.0,104.0
nms,NMS,4847_0436558708_02_WRI-L2_M014.png,FP,0.016866828208942582,0.0,,no_gt_match_or_lower_confidence_on_same_gt,NMS7,4,4,88.0,595.0,27.0,90.0
nms,NMS,4847_0436558708_02_WRI-L2_M014.png,FP,0.006653865703546557,0.0,,no_gt_match_or_lower_confidence_on_same_gt,NMS8,8,8,203.0,293.0,91.0,90.0
nms,NMS,4847_0436558708_02_WRI-L2_M014.png,FP,0.0015039794734530308,0.0,,no_gt_match_or_lower_confidence_on_same_gt,NMS9,9,9,239.0,305.0,91.0,90.0
nms,NMS,4857_1142512186_03_WRI-L2_M014.PNG,TP,0.9961379125592942,0.6308412901171923,0,matched_gt_highest_confidence,NMS1,7,7,193.0,476.0,75.0,90.0
nms,NMS,4857_1142512186_03_WRI-L2_M014.PNG,FP,0.9682990368452856,0.2565952301743883,0,no_gt_match_or_lower_confidence_on_same_gt,NMS2,1,"1,10",186.0,425.0,114.0,90.0
nms,NMS,4857_1142512186_03_WRI-L2_M014.PNG,FP,0.2315960978931831,0.1992968754095259,0,no_gt_match_or_lower_confidence_on_same_gt,NMS3,4,"4,8",195.0,535.0,71.0,90.0
nms,NMS,4857_1142512186_03_WRI-L2_M014.PNG,FP,0.07203428532361066,0.0,,no_gt_match_or_lower_confidence_on_same_gt,NMS4,5,5,237.0,217.0,91.0,90.0
nms,NMS,4857_1142512186_03_WRI-L2_M014.PNG,FP,0.059141521505331175,0.0,,no_gt_match_or_lower_confidence_on_same_gt,NMS5,9,9,222.0,376.0,91.0,90.0
nms,NMS,4857_1142512186_03_WRI-L2_M014.PNG,FP,0.04224125199268461,0.0,,no_gt_match_or_lower_confidence_on_same_gt,NMS6,3,"3,6",254.0,255.0,123.0,90.0
nms,NMS,4857_1142512186_03_WRI-L2_M014.PNG,FP,0.04099087287292774,0.0,,no_gt_match_or_lower_confidence_on_same_gt,NMS7,2,2,220.0,295.0,103.0,90.0
nms,NMS,4886_0345385374_03_WRI-L1_F009.PNG,TP,0.8487204628730319,0.5768005349205466,0,matched_gt_highest_confidence,NMS1,2,"2,11",311.0,605.0,116.0,90.0
nms,NMS,4886_0345385374_03_WRI-L1_F009.PNG,FP,0.4290708116953139,0.0,,no_gt_match_or_lower_confidence_on_same_gt,NMS2,5,5,335.0,935.0,78.0,90.0
nms,NMS,4886_0345385374_03_WRI-L1_F009.PNG,FP,0.377575495248624,0.0,,no_gt_match_or_lower_confidence_on_same_gt,NMS3,4,4,155.0,795.0,58.0,90.0
nms,NMS,4886_0345385374_03_WRI-L1_F009.PNG,FP,0.2703671754065328,0.0,,no_gt_match_or_lower_confidence_on_same_gt,NMS4,10,10,342.0,520.0,91.0,90.0
nms,NMS,4886_0345385374_03_WRI-L1_F009.PNG,FP,0.14843300707498575,0.0,,no_gt_match_or_lower_confidence_on_same_gt,NMS5,1,1,291.0,504.0,131.0,92.0
nms,NMS,4886_0345385374_03_WRI-L1_F009.PNG,FP,0.07803041198244272,0.0,,no_gt_match_or_lower_confidence_on_same_gt,NMS6,3,3,149.0,905.0,63.0,90.0
nms,NMS,4886_0345385374_03_WRI-L1_F009.PNG,FP,0.06093805428009388,0.0,,no_gt_match_or_lower_confidence_on_same_gt,NMS7,7,7,219.0,600.0,7.0,90.0
nms,NMS,4886_0345385374_03_WRI-L1_F009.PNG,FP,0.04871344235851966,0.0,,no_gt_match_or_lower_confidence_on_same_gt,NMS8,6,6,157.0,737.0,23.0,90.0
nms,NMS,4886_0345385374_03_WRI-L1_F009.PNG,FP,0.03450952006987654,0.0,,no_gt_match_or_lower_confidence_on_same_gt,NMS9,8,8,361.0,406.0,25.0,90.0
nms,NMS,4886_0345385374_03_WRI-L1_F009.PNG,FP,0.006057146716737244,0.0,,no_gt_match_or_lower_confidence_on_same_gt,NMS10,9,9,286.0,466.0,91.0,90.0
nms,NMS,4891_0935989047_01_WRI-R1_M011.png,TP,0.8698991918855201,0.5632717715196551,0,matched_gt_highest_confidence,NMS1,1,1,196.0,395.0,171.0,120.0
nms,NMS,4891_0935989047_01_WRI-R1_M011.png,FP,0.156725037266701,0.0,,no_gt_match_or_lower_confidence_on_same_gt,NMS2,5,5,165.0,230.0,96.0,90.0
nms,NMS,4891_0935989047_01_WRI-R1_M011.png,IGNORE,0.14472699755300567,0.33577968993731144,0,overlap_ge_ignore_iou_with_found_gt,NMS3,11,11,195.0,414.0,91.0,90.0
nms,NMS,4891_0935989047_01_WRI-R1_M011.png,FP,0.12737973602320102,0.0,,no_gt_match_or_lower_confidence_on_same_gt,NMS4,9,9,165.0,201.0,91.0,90.0
nms,NMS,4891_0935989047_01_WRI-R1_M011.png,FP,0.06046375342068727,0.056217661877251,0,no_gt_match_or_lower_confidence_on_same_gt,NMS5,6,6,236.0,510.0,117.0,90.0
nms,NMS,4891_0935989047_01_WRI-R1_M011.png,FP,0.04154752061938517,0.0,,no_gt_match_or_lower_confidence_on_same_gt,NMS6,2,2,240.0,280.0,129.0,90.0
nms,NMS,4891_0935989047_01_WRI-R1_M011.png,FP,0.015105228239948044,0.0,,no_gt_match_or_lower_confidence_on_same_gt,NMS7,4,4,330.0,240.0,104.0,90.0
nms,NMS,4891_0935989047_01_WRI-R1_M011.png,FP,0.011950942890726022,0.0,,no_gt_match_or_lower_confidence_on_same_gt,NMS8,7,7,277.0,257.0,91.0,90.0
nms,NMS,4891_0935989047_01_WRI-R1_M011.png,FP,0.0034847657277479803,0.0,,no_gt_match_or_lower_confidence_on_same_gt,NMS9,8,"8,3",216.0,312.0,91.0,90.0
nms,NMS,4891_0935989047_01_WRI-R1_M011.png,FP,0.0006754678814765681,0.02564079964951053,0,no_gt_match_or_lower_confidence_on_same_gt,NMS10,10,10,269.0,359.0,91.0,90.0
nms,NMS,4896_0657191053_02_WRI-L2_M009.png,FP,0.49053487441969557,0.0,,no_gt_match_or_lower_confidence_on_same_gt,NMS1,2,2,317.0,343.0,136.0,96.0
nms,NMS,4896_0657191053_02_WRI-L2_M009.png,FP,0.4537528337651344,0.0,,no_gt_match_or_lower_confidence_on_same_gt,NMS2,1,1,452.0,312.0,141.0,98.0
nms,NMS,4896_0657191053_02_WRI-L2_M009.png,TP,0.3069055665767167,0.6558257027554342,0,matched_gt_highest_confidence,NMS3,6,6,198.0,666.0,88.0,90.0
nms,NMS,4896_0657191053_02_WRI-L2_M009.png,FP,0.2926994632257878,0.0,,no_gt_match_or_lower_confidence_on_same_gt,NMS4,4,4,242.0,556.0,89.0,90.0
nms,NMS,4896_0657191053_02_WRI-L2_M009.png,FP,0.16051432049281975,0.0,,no_gt_match_or_lower_confidence_on_same_gt,NMS5,7,7,170.0,756.0,92.0,90.0
nms,NMS,4896_0657191053_02_WRI-L2_M009.png,FP,0.11212668504198525,0.0,,no_gt_match_or_lower_confidence_on_same_gt,NMS6,5,"5,16",260.0,453.0,137.0,96.0
nms,NMS,4896_0657191053_02_WRI-L2_M009.png,FP,0.08298714856271144,0.0,,no_gt_match_or_lower_confidence_on_same_gt,NMS7,10,10,514.0,341.0,2.0,90.0
nms,NMS,4896_0657191053_02_WRI-L2_M009.png,FP,0.07722766517893846,0.0,,no_gt_match_or_lower_confidence_on_same_gt,NMS8,12,12,158.0,330.0,3.0,90.0
nms,NMS,4896_0657191053_02_WRI-L2_M009.png,FP,0.07685117987814005,0.0,,no_gt_match_or_lower_confidence_on_same_gt,NMS9,11,11,434.0,751.0,7.0,90.0
nms,NMS,4896_0657191053_02_WRI-L2_M009.png,FP,0.07226795821525903,0.0,,no_gt_match_or_lower_confidence_on_same_gt,NMS10,9,9,284.0,365.0,9.0,90.0
nms,NMS,4896_0657191053_02_WRI-L2_M009.png,FP,0.05547956408848552,0.0,,no_gt_match_or_lower_confidence_on_same_gt,NMS11,8,8,545.0,426.0,26.0,90.0
nms,NMS,4896_0657191053_02_WRI-L2_M009.png,FP,0.04454477356188163,0.0,,no_gt_match_or_lower_confidence_on_same_gt,NMS12,15,15,340.0,281.0,91.0,90.0
nms,NMS,4896_0657191053_02_WRI-L2_M009.png,FP,0.03336531456120491,0.0,,no_gt_match_or_lower_confidence_on_same_gt,NMS13,13,13,539.0,489.0,20.0,90.0
nms,NMS,4896_0657191053_02_WRI-L2_M009.png,FP,0.012418918256538299,0.0,,no_gt_match_or_lower_confidence_on_same_gt,NMS14,14,14,513.0,663.0,23.0,90.0
nms,NMS,4896_0657191053_02_WRI-L2_M009.png,FP,0.0088294515877719,0.0,,no_gt_match_or_lower_confidence_on_same_gt,NMS15,3,3,490.0,776.0,29.0,90.0
nms,NMS,4928_0630318905_01_WRI-L2_M009.PNG,IGNORE,0.7574137046701414,0.3997037584168253,0,overlap_ge_ignore_iou_with_found_gt,NMS1,3,3,194.0,615.0,99.0,90.0
nms,NMS,4928_0630318905_01_WRI-L2_M009.PNG,TP,0.5752375397097885,0.6815878958510214,0,matched_gt_highest_confidence,NMS2,13,13,205.0,571.0,91.0,90.0
nms,NMS,4928_0630318905_01_WRI-L2_M009.PNG,FP,0.35988906476109395,0.0,,no_gt_match_or_lower_confidence_on_same_gt,NMS3,10,10,166.0,478.0,91.0,90.0
nms,NMS,4928_0630318905_01_WRI-L2_M009.PNG,FP,0.3322804841684058,0.0,,no_gt_match_or_lower_confidence_on_same_gt,NMS4,6,6,207.0,875.0,72.0,90.0
nms,NMS,4928_0630318905_01_WRI-L2_M009.PNG,FP,0.3092124696724506,0.0,,no_gt_match_or_lower_confidence_on_same_gt,NMS5,4,4,204.0,765.0,78.0,90.0
nms,NMS,4928_0630318905_01_WRI-L2_M009.PNG,FP,0.1626933701814611,0.0,,no_gt_match_or_lower_confidence_on_same_gt,NMS6,2,"2,9",180.0,375.0,93.0,90.0
nms,NMS,4928_0630318905_01_WRI-L2_M009.PNG,FP,0.1470886786970484,0.0,,no_gt_match_or_lower_confidence_on_same_gt,NMS7,7,7,113.0,308.0,91.0,90.0
nms,NMS,4928_0630318905_01_WRI-L2_M009.PNG,FP,0.10395915029746734,0.0,,no_gt_match_or_lower_confidence_on_same_gt,NMS8,1,1,190.0,465.0,109.0,90.0
nms,NMS,4928_0630318905_01_WRI-L2_M009.PNG,FP,0.0805395663779327,0.0,,no_gt_match_or_lower_confidence_on_same_gt,NMS9,14,14,42.0,807.0,28.0,90.0
nms,NMS,4928_0630318905_01_WRI-L2_M009.PNG,FP,0.06185083153228145,0.0,,no_gt_match_or_lower_confidence_on_same_gt,NMS10,12,12,210.0,440.0,91.0,90.0
nms,NMS,4928_0630318905_01_WRI-L2_M009.PNG,FP,0.04042831583178266,0.0,,no_gt_match_or_lower_confidence_on_same_gt,NMS11,5,5,55.0,345.0,52.0,90.0
nms,NMS,4928_0630318905_01_WRI-L2_M009.PNG,FP,0.033979120485344204,0.0,,no_gt_match_or_lower_confidence_on_same_gt,NMS12,8,8,52.0,706.0,52.0,90.0
nms,NMS,4928_0630318905_01_WRI-L2_M009.PNG,FP,0.02872837225337659,0.0,,no_gt_match_or_lower_confidence_on_same_gt,NMS13,11,11,181.0,302.0,91.0,90.0
nms,NMS,4928_0630318905_01_WRI-L2_M009.PNG,FP,0.002020508416474396,0.0,,no_gt_match_or_lower_confidence_on_same_gt,NMS14,15,15,56.0,597.0,31.0,90.0
nms,NMS,4936_0635336029_01_WRI-L1_F012.PNG,FP,0.9711820553660785,0.14595660399064847,0,no_gt_match_or_lower_confidence_on_same_gt,NMS1,2,"2,12",268.0,390.0,127.0,90.0
nms,NMS,4936_0635336029_01_WRI-L1_F012.PNG,TP,0.8861277897431149,0.5381721916508677,0,matched_gt_highest_confidence,NMS2,10,10,321.0,440.0,91.0,90.0
nms,NMS,4936_0635336029_01_WRI-L1_F012.PNG,FP,0.48061830379133164,0.0,,no_gt_match_or_lower_confidence_on_same_gt,NMS3,8,8,220.0,279.0,91.0,90.0
nms,NMS,4936_0635336029_01_WRI-L1_F012.PNG,FP,0.10969886505168758,0.0,,no_gt_match_or_lower_confidence_on_same_gt,NMS4,9,"9,4",332.0,226.0,91.0,90.0
nms,NMS,4936_0635336029_01_WRI-L1_F012.PNG,FP,0.05553254412611243,0.0,,no_gt_match_or_lower_confidence_on_same_gt,NMS5,5,5,158.0,662.0,17.0,90.0
nms,NMS,4936_0635336029_01_WRI-L1_F012.PNG,FP,0.039332839233786415,0.0,,no_gt_match_or_lower_confidence_on_same_gt,NMS6,6,6,208.0,490.0,3.0,90.0
nms,NMS,4936_0635336029_01_WRI-L1_F012.PNG,FP,0.019664853005204867,0.0,,no_gt_match_or_lower_confidence_on_same_gt,NMS7,3,3,222.0,300.0,116.0,90.0
nms,NMS,4936_0635336029_01_WRI-L1_F012.PNG,FP,0.008949345129206823,0.0,,no_gt_match_or_lower_confidence_on_same_gt,NMS8,7,7,330.0,340.0,92.0,90.0
nms,NMS,4936_0635336029_01_WRI-L1_F012.PNG,FP,0.0031612237648606656,0.0,,no_gt_match_or_lower_confidence_on_same_gt,NMS9,11,11,303.0,217.0,91.0,90.0
nms,NMS,4936_0635336029_01_WRI-L1_F012.PNG,FP,0.0007698110714483203,0.0,,no_gt_match_or_lower_confidence_on_same_gt,NMS10,1,1,257.0,295.0,142.0,100.0
nms,NMS,4949_0969499613_03_WRI-R2_M006.png,TP,0.44279296776609145,0.8750601478306551,0,matched_gt_highest_confidence,NMS1,7,7,259.0,295.0,113.0,90.0
nms,NMS,4949_0969499613_03_WRI-R2_M006.png,IGNORE,0.1294771292306579,0.3849270277901417,0,overlap_ge_ignore_iou_with_found_gt,NMS2,10,10,281.0,325.0,91.0,90.0
nms,NMS,4949_0969499613_03_WRI-R2_M006.png,FP,0.1273062083976253,0.0,,no_gt_match_or_lower_confidence_on_same_gt,NMS3,1,1,262.0,494.0,160.0,112.0
nms,NMS,4949_0969499613_03_WRI-R2_M006.png,FP,0.08318966508186722,0.2305841936067389,0,no_gt_match_or_lower_confidence_on_same_gt,NMS4,5,5,281.0,248.0,148.0,104.0
nms,NMS,4949_0969499613_03_WRI-R2_M006.png,FP,0.060701491711887094,0.0,,no_gt_match_or_lower_confidence_on_same_gt,NMS5,4,4,321.0,575.0,120.0,90.0
nms,NMS,4949_0969499613_03_WRI-R2_M006.png,FP,0.058156358652760864,0.0,,no_gt_match_or_lower_confidence_on_same_gt,NMS6,8,8,337.0,202.0,11.0,90.0
nms,NMS,4949_0969499613_03_WRI-R2_M006.png,FP,0.035948778842726466,0.010530592123475839,0,no_gt_match_or_lower_confidence_on_same_gt,NMS7,9,9,238.0,212.0,33.0,90.0
nms,NMS,4949_0969499613_03_WRI-R2_M006.png,FP,0.02247727759990532,0.0,,no_gt_match_or_lower_confidence_on_same_gt,NMS8,3,3,276.0,399.0,146.0,102.0
nms,NMS,4949_0969499613_03_WRI-R2_M006.png,FP,0.007949619133269099,0.0,,no_gt_match_or_lower_confidence_on_same_gt,NMS9,6,6,331.0,445.0,121.0,90.0
nms,NMS,4949_0969499613_03_WRI-R2_M006.png,FP,0.004546042628176957,0.0,,no_gt_match_or_lower_confidence_on_same_gt,NMS10,2,2,250.0,593.0,162.0,114.0
nms,NMS,4951_0422842172_04_WRI-R2_M015.PNG,FP,0.47029820017497975,0.25068925061412767,0,no_gt_match_or_lower_confidence_on_same_gt,NMS1,3,3,265.0,516.0,91.0,90.0
nms,NMS,4951_0422842172_04_WRI-R2_M015.PNG,FP,0.41952145255977435,0.0,,no_gt_match_or_lower_confidence_on_same_gt,NMS2,4,4,261.0,243.0,91.0,90.0
nms,NMS,4951_0422842172_04_WRI-R2_M015.PNG,TP,0.23062820134194695,0.6825177484194026,0,matched_gt_highest_confidence,NMS3,2,2,257.0,455.0,91.0,90.0
nms,NMS,4951_0422842172_04_WRI-R2_M015.PNG,FP,0.11625004553108621,0.0,,no_gt_match_or_lower_confidence_on_same_gt,NMS4,1,1,220.0,317.0,134.0,94.0
nms,NMS,4963_0373549808_02_WRI-L2_F006.png,TP,0.5485431352530142,0.5766722842593073,0,matched_gt_highest_confidence,NMS1,8,8,334.0,348.0,72.0,90.0
nms,NMS,4963_0373549808_02_WRI-L2_F006.png,FP,0.12458431327587212,0.08563364630834457,0,no_gt_match_or_lower_confidence_on_same_gt,NMS2,2,2,330.0,406.0,66.0,90.0
nms,NMS,4963_0373549808_02_WRI-L2_F006.png,FP,0.10193101208185344,0.19964883371962222,0,no_gt_match_or_lower_confidence_on_same_gt,NMS3,1,1,292.0,286.0,119.0,90.0
nms,NMS,4963_0373549808_02_WRI-L2_F006.png,FP,0.0896289674888491,0.0,,no_gt_match_or_lower_confidence_on_same_gt,NMS4,3,3,304.0,546.0,79.0,90.0
nms,NMS,4963_0373549808_02_WRI-L2_F006.png,FP,0.08348493479987072,0.0,,no_gt_match_or_lower_confidence_on_same_gt,NMS5,6,6,456.0,616.0,1.0,90.0
nms,NMS,4963_0373549808_02_WRI-L2_F006.png,FP,0.08189646579139945,0.0,,no_gt_match_or_lower_confidence_on_same_gt,NMS6,5,5,178.0,246.0,37.0,90.0
nms,NMS,4963_0373549808_02_WRI-L2_F006.png,FP,0.07556094507809318,0.0,,no_gt_match_or_lower_confidence_on_same_gt,NMS7,10,10,124.0,605.0,30.0,90.0
nms,NMS,4963_0373549808_02_WRI-L2_F006.png,FP,0.0426662211863495,0.0,,no_gt_match_or_lower_confidence_on_same_gt,NMS8,7,7,322.0,248.0,91.0,90.0
nms,NMS,4963_0373549808_02_WRI-L2_F006.png,FP,0.020588188770275257,0.0,,no_gt_match_or_lower_confidence_on_same_gt,NMS9,4,4,176.0,276.0,56.0,90.0
nms,NMS,4963_0373549808_02_WRI-L2_F006.png,FP,0.005344677700115382,0.0,,no_gt_match_or_lower_confidence_on_same_gt,NMS10,9,9,153.0,480.0,26.0,90.0
nms,NMS,4969_0206805790_03_WRI-L2_F010.PNG,TP,0.9704180070266637,0.5819344656083866,0,matched_gt_highest_confidence,NMS1,10,10,292.0,601.0,91.0,90.0
nms,NMS,4969_0206805790_03_WRI-L2_F010.PNG,IGNORE,0.8679827014721118,0.4798816900761267,0,overlap_ge_ignore_iou_with_found_gt,NMS2,3,3,265.0,645.0,119.0,90.0
nms,NMS,4969_0206805790_03_WRI-L2_F010.PNG,FP,0.5,0.0,,no_gt_match_or_lower_confidence_on_same_gt,NMS3,2,2,195.0,405.0,105.0,90.0
nms,NMS,4969_0206805790_03_WRI-L2_F010.PNG,FP,0.44121038955475544,0.0,,no_gt_match_or_lower_confidence_on_same_gt,NMS4,9,9,202.0,350.0,91.0,90.0
nms,NMS,4969_0206805790_03_WRI-L2_F010.PNG,FP,0.17113998136910782,0.0,,no_gt_match_or_lower_confidence_on_same_gt,NMS5,1,"1,8",225.0,515.0,114.0,90.0
nms,NMS,4969_0206805790_03_WRI-L2_F010.PNG,FP,0.1668517413893221,0.0,,no_gt_match_or_lower_confidence_on_same_gt,NMS6,5,5,265.0,481.0,91.0,90.0
nms,NMS,4969_0206805790_03_WRI-L2_F010.PNG,FP,0.07967886890032867,0.0,,no_gt_match_or_lower_confidence_on_same_gt,NMS7,4,4,286.0,878.0,7.0,90.0
nms,NMS,4969_0206805790_03_WRI-L2_F010.PNG,FP,0.060109902034985084,0.0,,no_gt_match_or_lower_confidence_on_same_gt,NMS8,6,6,408.0,879.0,12.0,90.0
nms,NMS,4969_0206805790_03_WRI-L2_F010.PNG,FP,0.03737242163340312,0.0,,no_gt_match_or_lower_confidence_on_same_gt,NMS9,7,7,326.0,376.0,19.0,90.0
nms,NMS,4977_0714310037_05_WRI-R2_F008.PNG,TP,0.8930609528599609,0.6836528942985048,0,matched_gt_highest_confidence,NMS1,6,6,215.0,376.0,79.0,90.0
nms,NMS,4977_0714310037_05_WRI-R2_F008.PNG,FP,0.7828020135802782,0.0,,no_gt_match_or_lower_confidence_on_same_gt,NMS2,1,1,186.0,275.0,118.0,90.0
nms,NMS,4977_0714310037_05_WRI-R2_F008.PNG,FP,0.10277337772466263,0.0,,no_gt_match_or_lower_confidence_on_same_gt,NMS3,3,3,232.0,535.0,89.0,90.0
nms,NMS,4977_0714310037_05_WRI-R2_F008.PNG,FP,0.0957483727507151,0.0,,no_gt_match_or_lower_confidence_on_same_gt,NMS4,5,5,201.0,232.0,93.0,90.0
nms,NMS,4977_0714310037_05_WRI-R2_F008.PNG,IGNORE,0.03570913574453937,0.30952609509842494,0,overlap_ge_ignore_iou_with_found_gt,NMS5,2,2,219.0,415.0,80.0,90.0
nms,NMS,4977_0714310037_05_WRI-R2_F008.PNG,FP,0.028884507095270393,0.0,,no_gt_match_or_lower_confidence_on_same_gt,NMS6,4,4,196.0,194.0,91.0,90.0
nms,NMS,5013_0267679637_04_WRI-L2_M007.png,FP,0.8340714142489538,0.0,,no_gt_match_or_lower_confidence_on_same_gt,NMS1,4,4,158.0,240.0,91.0,90.0
nms,NMS,5013_0267679637_04_WRI-L2_M007.png,TP,0.6893105488024255,0.5256731406150565,0,matched_gt_highest_confidence,NMS2,6,6,213.0,488.0,71.0,90.0
nms,NMS,5013_0267679637_04_WRI-L2_M007.png,FP,0.3171496093140939,0.0,,no_gt_match_or_lower_confidence_on_same_gt,NMS3,2,2,162.0,389.0,105.0,90.0
nms,NMS,5013_0267679637_04_WRI-L2_M007.png,FP,0.31510596777585276,0.0,,no_gt_match_or_lower_confidence_on_same_gt,NMS4,7,"7,5",195.0,357.0,91.0,90.0
nms,NMS,5013_0267679637_04_WRI-L2_M007.png,FP,0.21204132251184374,0.0,,no_gt_match_or_lower_confidence_on_same_gt,NMS5,1,1,172.0,261.0,93.0,146.0
nms,NMS,5013_0267679637_04_WRI-L2_M007.png,FP,0.05415080049780227,0.0,,no_gt_match_or_lower_confidence_on_same_gt,NMS6,8,8,315.0,243.0,7.0,90.0
nms,NMS,5013_0267679637_04_WRI-L2_M007.png,FP,0.002164063350785416,0.11098418787409202,0,no_gt_match_or_lower_confidence_on_same_gt,NMS7,3,3,220.0,533.0,65.0,142.0
nms,NMS,5048_0684397154_02_WRI-L2_F014.PNG,FP,0.5642416771607702,0.28493968570786604,0,no_gt_match_or_lower_confidence_on_same_gt,NMS1,8,8,342.0,395.0,108.0,90.0
nms,NMS,5048_0684397154_02_WRI-L2_F014.PNG,TP,0.34174698801055464,0.6075219694604235,0,matched_gt_highest_confidence,NMS2,1,1,258.0,379.0,175.0,122.0
nms,NMS,5048_0684397154_02_WRI-L2_F014.PNG,FP,0.33135384046166516,0.0,,no_gt_match_or_lower_confidence_on_same_gt,NMS3,16,16,383.0,776.0,91.0,90.0
nms,NMS,5048_0684397154_02_WRI-L2_F014.PNG,FP,0.23182826392659567,0.0,,no_gt_match_or_lower_confidence_on_same_gt,NMS4,6,6,307.0,895.0,126.0,90.0
nms,NMS,5048_0684397154_02_WRI-L2_F014.PNG,FP,0.13793989043626956,0.0,,no_gt_match_or_lower_confidence_on_same_gt,NMS5,13,13,396.0,676.0,91.0,90.0
nms,NMS,5048_0684397154_02_WRI-L2_F014.PNG,FP,0.0857260293070655,0.0,,no_gt_match_or_lower_confidence_on_same_gt,NMS6,9,9,510.0,883.0,7.0,90.0
nms,NMS,5048_0684397154_02_WRI-L2_F014.PNG,FP,0.08552614766656297,0.0,,no_gt_match_or_lower_confidence_on_same_gt,NMS7,10,10,286.0,912.0,2.0,90.0
nms,NMS,5048_0684397154_02_WRI-L2_F014.PNG,FP,0.08339661770135792,0.0,,no_gt_match_or_lower_confidence_on_same_gt,NMS8,12,12,275.0,742.0,17.0,90.0
nms,NMS,5048_0684397154_02_WRI-L2_F014.PNG,FP,0.08213594719301552,0.0,,no_gt_match_or_lower_confidence_on_same_gt,NMS9,11,11,268.0,1014.0,20.0,90.0
nms,NMS,5048_0684397154_02_WRI-L2_F014.PNG,FP,0.08082290451310549,0.0,,no_gt_match_or_lower_confidence_on_same_gt,NMS10,5,5,304.0,971.0,169.0,118.0
nms,NMS,5048_0684397154_02_WRI-L2_F014.PNG,FP,0.07961060495298494,0.15958676251384146,0,no_gt_match_or_lower_confidence_on_same_gt,NMS11,18,18,289.0,481.0,91.0,90.0
nms,NMS,5048_0684397154_02_WRI-L2_F014.PNG,FP,0.07865321863519777,0.0,,no_gt_match_or_lower_confidence_on_same_gt,NMS12,7,7,308.0,803.0,135.0,94.0
nms,NMS,5048_0684397154_02_WRI-L2_F014.PNG,FP,0.07163716952231937,0.0,,no_gt_match_or_lower_confidence_on_same_gt,NMS13,4,4,306.0,682.0,137.0,96.0
nms,NMS,5048_0684397154_02_WRI-L2_F014.PNG,FP,0.0686461567527227,0.16979594693897,0,no_gt_match_or_lower_confidence_on_same_gt,NMS14,3,3,289.0,483.0,164.0,114.0
nms,NMS,5048_0684397154_02_WRI-L2_F014.PNG,FP,0.06252747569977292,0.18260347304361202,0,no_gt_match_or_lower_confidence_on_same_gt,NMS15,14,14,285.0,368.0,91.0,90.0
nms,NMS,5048_0684397154_02_WRI-L2_F014.PNG,FP,0.011704550987499961,0.0,,no_gt_match_or_lower_confidence_on_same_gt,NMS16,2,2,304.0,588.0,149.0,104.0
nms,NMS,5048_0684397154_02_WRI-L2_F014.PNG,FP,0.009412099884948438,0.09872700037719116,0,no_gt_match_or_lower_confidence_on_same_gt,NMS17,15,15,371.0,480.0,91.0,90.0
nms,NMS,5048_0684397154_02_WRI-L2_F014.PNG,FP,0.007122452485578418,0.08094083859162882,0,no_gt_match_or_lower_confidence_on_same_gt,NMS18,17,17,359.0,351.0,91.0,90.0
nms,NMS,5066_1055147597_05_WRI-L1_M011.png,FP,0.6934227135146038,0.0892426435239144,0,no_gt_match_or_lower_confidence_on_same_gt,NMS1,1,"1,14",222.0,488.0,149.0,104.0
nms,NMS,5066_1055147597_05_WRI-L1_M011.png,FP,0.6352914859806901,0.386789660166805,0,no_gt_match_or_lower_confidence_on_same_gt,NMS2,12,"12,6",263.0,609.0,91.0,90.0
nms,NMS,5066_1055147597_05_WRI-L1_M011.png,FP,0.14076012030223473,0.11807225973679307,0,no_gt_match_or_lower_confidence_on_same_gt,NMS3,13,13,225.0,510.0,91.0,90.0
nms,NMS,5066_1055147597_05_WRI-L1_M011.png,FP,0.12148224248164075,0.0,,no_gt_match_or_lower_confidence_on_same_gt,NMS4,8,8,144.0,444.0,53.0,90.0
nms,NMS,5066_1055147597_05_WRI-L1_M011.png,FP,0.08167571267094859,0.0,,no_gt_match_or_lower_confidence_on_same_gt,NMS5,2,2,114.0,495.0,78.0,90.0
nms,NMS,5066_1055147597_05_WRI-L1_M011.png,FP,0.07463391741631291,0.0,,no_gt_match_or_lower_confidence_on_same_gt,NMS6,7,7,408.0,311.0,7.0,90.0
nms,NMS,5066_1055147597_05_WRI-L1_M011.png,FP,0.061735409858740445,0.0,,no_gt_match_or_lower_confidence_on_same_gt,NMS7,5,5,120.0,735.0,101.0,90.0
nms,NMS,5066_1055147597_05_WRI-L1_M011.png,FP,0.05525439823748085,0.3529400831586921,0,no_gt_match_or_lower_confidence_on_same_gt,NMS8,3,3,150.0,607.0,181.0,126.0
nms,NMS,5066_1055147597_05_WRI-L1_M011.png,FP,0.03250174112304696,0.0,,no_gt_match_or_lower_confidence_on_same_gt,NMS9,15,15,280.0,761.0,91.0,90.0
nms,NMS,5066_1055147597_05_WRI-L1_M011.png,FP,0.029929356887454756,0.0,,no_gt_match_or_lower_confidence_on_same_gt,NMS10,9,9,233.0,343.0,91.0,90.0
nms,NMS,5066_1055147597_05_WRI-L1_M011.png,FP,0.021189231510530152,0.0,,no_gt_match_or_lower_confidence_on_same_gt,NMS11,10,10,268.0,396.0,133.0,94.0
nms,NMS,5066_1055147597_05_WRI-L1_M011.png,FP,0.007179323517378872,0.0,,no_gt_match_or_lower_confidence_on_same_gt,NMS12,11,11,117.0,604.0,59.0,90.0
nms,NMS,5066_1055147597_05_WRI-L1_M011.png,FP,0.0036101297159987786,0.0,,no_gt_match_or_lower_confidence_on_same_gt,NMS13,4,4,130.0,737.0,181.0,126.0
nms,NMS,5067_1201935013_05_WRI-L1_M014.png,TP,0.9561104581991079,0.5942216928446974,0,matched_gt_highest_confidence,NMS1,2,2,260.0,439.0,175.0,122.0
nms,NMS,5067_1201935013_05_WRI-L1_M014.png,FP,0.5901846121374935,0.0,,no_gt_match_or_lower_confidence_on_same_gt,NMS2,6,6,186.0,315.0,115.0,90.0
nms,NMS,5067_1201935013_05_WRI-L1_M014.png,FP,0.40311188508798257,0.15480243822428194,0,no_gt_match_or_lower_confidence_on_same_gt,NMS3,8,8,115.0,442.0,166.0,116.0
nms,NMS,5067_1201935013_05_WRI-L1_M014.png,FP,0.4005743025398083,0.0,,no_gt_match_or_lower_confidence_on_same_gt,NMS4,9,9,121.0,544.0,130.0,92.0
nms,NMS,5067_1201935013_05_WRI-L1_M014.png,FP,0.11615769720950209,0.0,,no_gt_match_or_lower_confidence_on_same_gt,NMS5,10,10,260.0,675.0,158.0,110.0
nms,NMS,5067_1201935013_05_WRI-L1_M014.png,FP,0.07839445353638506,0.0,,no_gt_match_or_lower_confidence_on_same_gt,NMS6,11,11,419.0,277.0,7.0,90.0
nms,NMS,5067_1201935013_05_WRI-L1_M014.png,FP,0.07451176987514962,0.0,,no_gt_match_or_lower_confidence_on_same_gt,NMS7,14,14,116.0,355.0,7.0,90.0
nms,NMS,5067_1201935013_05_WRI-L1_M014.png,FP,0.042381856858115005,0.18583501716509485,0,no_gt_match_or_lower_confidence_on_same_gt,NMS8,12,12,233.0,399.0,91.0,90.0
nms,NMS,5067_1201935013_05_WRI-L1_M014.png,FP,0.040635623502418436,0.12221039063831117,0,no_gt_match_or_lower_confidence_on_same_gt,NMS9,13,13,352.0,381.0,91.0,90.0
nms,NMS,5067_1201935013_05_WRI-L1_M014.png,FP,0.019966747094461154,0.0,,no_gt_match_or_lower_confidence_on_same_gt,NMS10,7,7,109.0,654.0,132.0,92.0
nms,NMS,5067_1201935013_05_WRI-L1_M014.png,FP,0.015860166774365084,0.09784479866699555,0,no_gt_match_or_lower_confidence_on_same_gt,NMS11,4,4,170.0,507.0,181.0,126.0
nms,NMS,5067_1201935013_05_WRI-L1_M014.png,FP,0.007912278878960928,0.0,,no_gt_match_or_lower_confidence_on_same_gt,NMS12,15,15,128.0,455.0,91.0,90.0
nms,NMS,5067_1201935013_05_WRI-L1_M014.png,FP,0.002710215533578479,0.05413195679236796,0,no_gt_match_or_lower_confidence_on_same_gt,NMS13,3,3,290.0,355.0,129.0,90.0
nms,NMS,5067_1201935013_05_WRI-L1_M014.png,FP,0.0012555103767997048,0.0,,no_gt_match_or_lower_confidence_on_same_gt,NMS14,5,5,106.0,746.0,155.0,108.0
nms,NMS,5067_1201935013_05_WRI-L1_M014.png,FP,0.0008474552131962678,0.14708499119375226,0,no_gt_match_or_lower_confidence_on_same_gt,NMS15,1,1,237.0,373.0,134.0,94.0
nms,NMS,5084_0371666121_01_WRI-L2_M014.PNG,TP,0.9650817790914629,0.6973847541997293,0,matched_gt_highest_confidence,NMS1,1,1,168.0,449.0,147.0,102.0
nms,NMS,5084_0371666121_01_WRI-L2_M014.PNG,FP,0.25986491816147317,0.08738428530675638,0,no_gt_match_or_lower_confidence_on_same_gt,NMS2,11,11,185.0,536.0,91.0,90.0
nms,NMS,5084_0371666121_01_WRI-L2_M014.PNG,FP,0.16464885296005297,0.0,,no_gt_match_or_lower_confidence_on_same_gt,NMS3,3,3,231.0,265.0,112.0,90.0
nms,NMS,5084_0371666121_01_WRI-L2_M014.PNG,FP,0.0980198975977336,0.0,,no_gt_match_or_lower_confidence_on_same_gt,NMS4,6,6,174.0,675.0,94.0,90.0
nms,NMS,5084_0371666121_01_WRI-L2_M014.PNG,FP,0.0879131341757351,0.0,,no_gt_match_or_lower_confidence_on_same_gt,NMS5,2,2,175.0,575.0,100.0,90.0
nms,NMS,5084_0371666121_01_WRI-L2_M014.PNG,FP,0.0826195628306208,0.0,,no_gt_match_or_lower_confidence_on_same_gt,NMS6,7,7,212.0,251.0,3.0,90.0
nms,NMS,5084_0371666121_01_WRI-L2_M014.PNG,FP,0.0402879422657537,0.0,,no_gt_match_or_lower_confidence_on_same_gt,NMS7,5,"5,8",283.0,235.0,101.0,90.0
nms,NMS,5084_0371666121_01_WRI-L2_M014.PNG,FP,0.011614070698962925,0.22767103558679017,0,no_gt_match_or_lower_confidence_on_same_gt,NMS8,10,10,168.0,394.0,91.0,90.0
nms,NMS,5084_0371666121_01_WRI-L2_M014.PNG,FP,0.0018685330421071298,0.12483242662944544,0,no_gt_match_or_lower_confidence_on_same_gt,NMS9,4,4,197.0,365.0,127.0,90.0
nms,NMS,5084_0371666121_01_WRI-L2_M014.PNG,FP,9.269515172292866e-05,0.21490442996875986,0,no_gt_match_or_lower_confidence_on_same_gt,NMS10,9,9,230.0,396.0,91.0,90.0
nms,NMS,5097_0374478251_05_WRI-R2_M015.png,TP,0.9487087086158885,0.5200886869734324,0,matched_gt_highest_confidence,NMS1,2,2,312.0,496.0,155.0,108.0
nms,NMS,5097_0374478251_05_WRI-R2_M015.png,FP,0.6529953286428026,0.0,,no_gt_match_or_lower_confidence_on_same_gt,NMS2,9,9,228.0,287.0,91.0,90.0
nms,NMS,5097_0374478251_05_WRI-R2_M015.png,FP,0.3464507717347862,0.10872452027937406,0,no_gt_match_or_lower_confidence_on_same_gt,NMS3,10,10,379.0,468.0,91.0,90.0
nms,NMS,5097_0374478251_05_WRI-R2_M015.png,FP,0.30921163178868843,0.0,,no_gt_match_or_lower_confidence_on_same_gt,NMS4,1,"1,8",283.0,354.0,131.0,92.0
nms,NMS,5097_0374478251_05_WRI-R2_M015.png,FP,0.21500951877595087,0.0633227755994192,0,no_gt_match_or_lower_confidence_on_same_gt,NMS5,3,3,330.0,615.0,117.0,90.0
nms,NMS,5097_0374478251_05_WRI-R2_M015.png,FP,0.16410156216890753,0.0,,no_gt_match_or_lower_confidence_on_same_gt,NMS6,4,4,230.0,315.0,97.0,90.0
nms,NMS,5097_0374478251_05_WRI-R2_M015.png,FP,0.05431906204361681,0.0,,no_gt_match_or_lower_confidence_on_same_gt,NMS7,6,6,326.0,785.0,120.0,90.0
nms,NMS,5097_0374478251_05_WRI-R2_M015.png,FP,0.01889130567276558,0.0,,no_gt_match_or_lower_confidence_on_same_gt,NMS8,5,5,323.0,715.0,124.0,90.0
nms,NMS,5097_0374478251_05_WRI-R2_M015.png,FP,0.017552817215430255,0.0,,no_gt_match_or_lower_confidence_on_same_gt,NMS9,7,7,296.0,380.0,91.0,90.0
nms,NMS,5121_0676540097_02_WRI-R1_M011.PNG,FP,0.8271854038585982,0.0,,no_gt_match_or_lower_confidence_on_same_gt,NMS1,9,9,318.0,455.0,72.0,90.0
nms,NMS,5121_0676540097_02_WRI-R1_M011.PNG,TP,0.8227782383930429,0.7574803764764984,0,matched_gt_highest_confidence,NMS2,5,5,120.0,407.0,152.0,106.0
nms,NMS,5121_0676540097_02_WRI-R1_M011.PNG,FP,0.6469676190887678,0.0,,no_gt_match_or_lower_confidence_on_same_gt,NMS3,7,7,37.0,643.0,134.0,94.0
nms,NMS,5121_0676540097_02_WRI-R1_M011.PNG,FP,0.3708545953716098,0.0,,no_gt_match_or_lower_confidence_on_same_gt,NMS4,6,6,327.0,555.0,75.0,90.0
nms,NMS,5121_0676540097_02_WRI-R1_M011.PNG,FP,0.17174685492846803,0.0,,no_gt_match_or_lower_confidence_on_same_gt,NMS5,3,3,310.0,675.0,99.0,90.0
nms,NMS,5121_0676540097_02_WRI-R1_M011.PNG,FP,0.08767271983235923,0.0,,no_gt_match_or_lower_confidence_on_same_gt,NMS6,15,15,347.0,645.0,91.0,90.0
nms,NMS,5121_0676540097_02_WRI-R1_M011.PNG,FP,0.0780209912522458,0.0,,no_gt_match_or_lower_confidence_on_same_gt,NMS7,12,12,74.0,403.0,8.0,90.0
nms,NMS,5121_0676540097_02_WRI-R1_M011.PNG,FP,0.07382102290621223,0.0,,no_gt_match_or_lower_confidence_on_same_gt,NMS8,18,18,50.0,273.0,13.0,90.0
nms,NMS,5121_0676540097_02_WRI-R1_M011.PNG,FP,0.07139164277572606,0.0,,no_gt_match_or_lower_confidence_on_same_gt,NMS9,10,10,90.0,677.0,181.0,126.0
nms,NMS,5121_0676540097_02_WRI-R1_M011.PNG,FP,0.07090379287524186,0.0,,no_gt_match_or_lower_confidence_on_same_gt,NMS10,17,17,117.0,227.0,91.0,90.0
nms,NMS,5121_0676540097_02_WRI-R1_M011.PNG,FP,0.06384600916514503,0.0,,no_gt_match_or_lower_confidence_on_same_gt,NMS11,19,19,329.0,254.0,7.0,90.0
nms,NMS,5121_0676540097_02_WRI-R1_M011.PNG,FP,0.06006628689139579,0.0,,no_gt_match_or_lower_confidence_on_same_gt,NMS12,20,20,291.0,352.0,85.0,90.0
nms,NMS,5121_0676540097_02_WRI-R1_M011.PNG,FP,0.05995280190917409,0.0,,no_gt_match_or_lower_confidence_on_same_gt,NMS13,13,13,320.0,426.0,91.0,90.0
nms,NMS,5121_0676540097_02_WRI-R1_M011.PNG,FP,0.04212972804144314,0.0,,no_gt_match_or_lower_confidence_on_same_gt,NMS14,2,2,51.0,305.0,120.0,90.0
nms,NMS,5121_0676540097_02_WRI-R1_M011.PNG,FP,0.036381561464133426,0.0,,no_gt_match_or_lower_confidence_on_same_gt,NMS15,1,1,0.0,370.0,38.0,140.0
nms,NMS,5121_0676540097_02_WRI-R1_M011.PNG,FP,0.027115626813470767,0.0,,no_gt_match_or_lower_confidence_on_same_gt,NMS16,16,16,231.0,636.0,91.0,90.0
nms,NMS,5121_0676540097_02_WRI-R1_M011.PNG,FP,0.013550201950988015,0.0,,no_gt_match_or_lower_confidence_on_same_gt,NMS17,14,14,224.0,529.0,91.0,90.0
nms,NMS,5121_0676540097_02_WRI-R1_M011.PNG,FP,0.005821700094239991,0.0,,no_gt_match_or_lower_confidence_on_same_gt,NMS18,8,8,220.0,657.0,181.0,126.0
nms,NMS,5121_0676540097_02_WRI-R1_M011.PNG,FP,0.0027489441571591925,0.0,,no_gt_match_or_lower_confidence_on_same_gt,NMS19,4,4,26.0,485.0,38.0,90.0
nms,NMS,5121_0676540097_02_WRI-R1_M011.PNG,FP,0.0009407354696372749,0.0,,no_gt_match_or_lower_confidence_on_same_gt,NMS20,11,11,307.0,325.0,67.0,90.0
nms,NMS,5123_1014618536_01_WRI-L2_M005.png,TP,0.9352569766211906,0.5745242720606794,0,matched_gt_highest_confidence,NMS1,4,4,188.0,368.0,65.0,90.0
nms,NMS,5123_1014618536_01_WRI-L2_M005.png,IGNORE,0.857621023829788,0.39992619612583363,0,overlap_ge_ignore_iou_with_found_gt,NMS2,1,1,163.0,325.0,96.0,90.0
nms,NMS,5123_1014618536_01_WRI-L2_M005.png,FP,0.04870198338186113,0.0,,no_gt_match_or_lower_confidence_on_same_gt,NMS3,2,2,189.0,261.0,77.0,90.0
nms,NMS,5123_1014618536_01_WRI-L2_M005.png,FP,0.018263969778927764,0.0,,no_gt_match_or_lower_confidence_on_same_gt,NMS4,3,3,210.0,195.0,58.0,90.0
nms,NMS,5144_0421025634_01_WRI-R2_M013.PNG,TP,0.9866911678100473,0.6349504546113308,0,matched_gt_highest_confidence,NMS1,2,2,227.0,478.0,148.0,104.0
nms,NMS,5144_0421025634_01_WRI-R2_M013.PNG,FP,0.45379914507695296,0.02516946763071928,0,no_gt_match_or_lower_confidence_on_same_gt,NMS2,6,6,251.0,595.0,93.0,90.0
nms,NMS,5144_0421025634_01_WRI-R2_M013.PNG,FP,0.2331117904500353,0.0,,no_gt_match_or_lower_confidence_on_same_gt,NMS3,3,3,233.0,300.0,144.0,100.0
nms,NMS,5144_0421025634_01_WRI-R2_M013.PNG,IGNORE,0.21777571432158488,0.3953975423995883,0,overlap_ge_ignore_iou_with_found_gt,NMS4,11,11,258.0,520.0,91.0,90.0
nms,NMS,5144_0421025634_01_WRI-R2_M013.PNG,FP,0.14550178889727008,0.0,,no_gt_match_or_lower_confidence_on_same_gt,NMS5,5,5,260.0,695.0,82.0,90.0
nms,NMS,5144_0421025634_01_WRI-R2_M013.PNG,FP,0.031619474001229275,0.15116477704169554,0,no_gt_match_or_lower_confidence_on_same_gt,NMS6,10,10,234.0,442.0,91.0,90.0
nms,NMS,5144_0421025634_01_WRI-R2_M013.PNG,FP,0.024786459992467827,0.0,,no_gt_match_or_lower_confidence_on_same_gt,NMS7,9,9,255.0,334.0,73.0,90.0
nms,NMS,5144_0421025634_01_WRI-R2_M013.PNG,FP,0.024393842479748618,0.0,,no_gt_match_or_lower_confidence_on_same_gt,NMS8,8,8,372.0,660.0,7.0,90.0
nms,NMS,5144_0421025634_01_WRI-R2_M013.PNG,FP,0.014913841703663786,0.0,,no_gt_match_or_lower_confidence_on_same_gt,NMS9,4,"4,7",180.0,285.0,118.0,90.0
nms,NMS,5144_0421025634_01_WRI-R2_M013.PNG,FP,0.008698736226954764,0.078247613986173,0,no_gt_match_or_lower_confidence_on_same_gt,NMS10,12,12,294.0,425.0,91.0,90.0
nms,NMS,5144_0421025634_01_WRI-R2_M013.PNG,FP,0.0020468140637189465,0.0,,no_gt_match_or_lower_confidence_on_same_gt,NMS11,1,1,231.0,389.0,146.0,102.0
nms,NMS,5162_0861552938_02_WRI-L2_M009.png,TP,0.9567617915326921,0.7461171629334331,0,matched_gt_highest_confidence,NMS1,2,2,221.0,565.0,104.0,90.0
nms,NMS,5162_0861552938_02_WRI-L2_M009.png,FP,0.9217942207380092,0.0,,no_gt_match_or_lower_confidence_on_same_gt,NMS2,1,1,229.0,450.0,144.0,100.0
nms,NMS,5162_0861552938_02_WRI-L2_M009.png,FP,0.035384801191024357,0.0,,no_gt_match_or_lower_confidence_on_same_gt,NMS3,5,5,235.0,413.0,91.0,90.0
nms,NMS,5162_0861552938_02_WRI-L2_M009.png,FP,0.0037899177822321058,0.0,,no_gt_match_or_lower_confidence_on_same_gt,NMS4,3,3,308.0,325.0,64.0,90.0
nms,NMS,5162_0861552938_02_WRI-L2_M009.png,FP,0.0018438035757736661,0.0,,no_gt_match_or_lower_confidence_on_same_gt,NMS5,4,4,288.0,430.0,91.0,90.0
nms,NMS,5168_0338948778_01_WRI-R2_M007.PNG,TP,0.9916827781885291,0.5328254110940289,0,matched_gt_highest_confidence,NMS1,7,7,201.0,454.0,53.0,90.0
nms,NMS,5168_0338948778_01_WRI-R2_M007.PNG,FP,0.9680864498121511,0.0,,no_gt_match_or_lower_confidence_on_same_gt,NMS2,2,2,185.0,365.0,95.0,90.0
nms,NMS,5168_0338948778_01_WRI-R2_M007.PNG,FP,0.13231118267336858,0.2924611781657192,0,no_gt_match_or_lower_confidence_on_same_gt,NMS3,3,3,196.0,505.0,61.0,90.0
nms,NMS,5168_0338948778_01_WRI-R2_M007.PNG,FP,0.07129187803428087,0.0,,no_gt_match_or_lower_confidence_on_same_gt,NMS4,5,5,176.0,303.0,91.0,90.0
nms,NMS,5168_0338948778_01_WRI-R2_M007.PNG,FP,0.00994268042375151,0.0,,no_gt_match_or_lower_confidence_on_same_gt,NMS5,4,4,182.0,605.0,71.0,90.0
nms,NMS,5168_0338948778_01_WRI-R2_M007.PNG,FP,0.006574891793381848,0.0,,no_gt_match_or_lower_confidence_on_same_gt,NMS6,1,1,194.0,265.0,56.0,90.0
nms,NMS,5168_0338948778_01_WRI-R2_M007.PNG,FP,0.003360561092280261,0.0,,no_gt_match_or_lower_confidence_on_same_gt,NMS7,6,6,180.0,225.0,81.0,90.0
nms,NMS,5168_0340721647_04_WRI-R2_M007.PNG,TP,0.9831917962624139,0.6559972676425927,0,matched_gt_highest_confidence,NMS1,2,2,142.0,465.0,77.0,90.0
nms,NMS,5168_0340721647_04_WRI-R2_M007.PNG,FP,0.7164014165104571,0.0,,no_gt_match_or_lower_confidence_on_same_gt,NMS2,1,1,135.0,375.0,94.0,90.0
nms,NMS,5168_0340721647_04_WRI-R2_M007.PNG,FP,0.09011838025907745,0.0,,no_gt_match_or_lower_confidence_on_same_gt,NMS3,4,4,135.0,300.0,91.0,90.0
nms,NMS,5168_0340721647_04_WRI-R2_M007.PNG,FP,0.008058808723961775,0.0,,no_gt_match_or_lower_confidence_on_same_gt,NMS4,3,3,147.0,169.0,81.0,90.0
nms,NMS,5168_0340721647_04_WRI-R2_M007.PNG,FP,0.002250786012651667,0.0,,no_gt_match_or_lower_confidence_on_same_gt,NMS5,5,5,120.0,324.0,91.0,90.0
nms,NMS,5201_0616435065_02_WRI-L2_M006.PNG,TP,0.9161362998889134,0.5422518835981126,0,matched_gt_highest_confidence,NMS1,7,7,170.0,573.0,77.0,90.0
nms,NMS,5201_0616435065_02_WRI-L2_M006.PNG,FP,0.15785849371942073,0.0,,no_gt_match_or_lower_confidence_on_same_gt,NMS2,3,3,191.0,335.0,103.0,90.0
nms,NMS,5201_0616435065_02_WRI-L2_M006.PNG,FP,0.11882416913169552,0.21477238422860054,0,no_gt_match_or_lower_confidence_on_same_gt,NMS3,1,1,141.0,515.0,117.0,90.0
nms,NMS,5201_0616435065_02_WRI-L2_M006.PNG,FP,0.04809793159448777,0.0,,no_gt_match_or_lower_confidence_on_same_gt,NMS4,6,6,385.0,295.0,10.0,90.0
nms,NMS,5201_0616435065_02_WRI-L2_M006.PNG,FP,0.035570505315645554,0.0,,no_gt_match_or_lower_confidence_on_same_gt,NMS5,2,2,173.0,865.0,68.0,90.0
nms,NMS,5201_0616435065_02_WRI-L2_M006.PNG,FP,0.0271173925013066,0.0,,no_gt_match_or_lower_confidence_on_same_gt,NMS6,5,5,178.0,386.0,57.0,90.0
nms,NMS,5201_0616435065_02_WRI-L2_M006.PNG,FP,0.007257246549918996,0.0,,no_gt_match_or_lower_confidence_on_same_gt,NMS7,4,4,175.0,471.0,91.0,90.0
nms,NMS,5227_0411829511_01_WRI-L2_M011.png,TP,0.9212710199671612,0.7540547021333623,0,matched_gt_highest_confidence,NMS1,1,1,137.0,445.0,93.0,90.0
nms,NMS,5227_0411829511_01_WRI-L2_M011.png,FP,0.6359793976453296,0.0,,no_gt_match_or_lower_confidence_on_same_gt,NMS2,2,2,121.0,324.0,160.0,112.0
nms,NMS,5227_0411829511_01_WRI-L2_M011.png,FP,0.19316910197638115,0.0,,no_gt_match_or_lower_confidence_on_same_gt,NMS3,7,7,146.0,555.0,74.0,90.0
nms,NMS,5227_0411829511_01_WRI-L2_M011.png,FP,0.14053371056472486,0.0,,no_gt_match_or_lower_confidence_on_same_gt,NMS4,6,6,12.0,445.0,56.0,90.0
nms,NMS,5227_0411829511_01_WRI-L2_M011.png,FP,0.10969675328353186,0.0,,no_gt_match_or_lower_confidence_on_same_gt,NMS5,8,8,142.0,825.0,80.0,90.0
nms,NMS,5227_0411829511_01_WRI-L2_M011.png,FP,0.084287107501054,0.0,,no_gt_match_or_lower_confidence_on_same_gt,NMS6,5,5,17.0,345.0,60.0,90.0
nms,NMS,5227_0411829511_01_WRI-L2_M011.png,FP,0.08280908200409876,0.0,,no_gt_match_or_lower_confidence_on_same_gt,NMS7,10,10,146.0,715.0,74.0,90.0
nms,NMS,5227_0411829511_01_WRI-L2_M011.png,FP,0.08015413884166313,0.0,,no_gt_match_or_lower_confidence_on_same_gt,NMS8,17,17,280.0,509.0,1.0,90.0
nms,NMS,5227_0411829511_01_WRI-L2_M011.png,FP,0.07319931354275115,0.0,,no_gt_match_or_lower_confidence_on_same_gt,NMS9,9,9,12.0,635.0,57.0,90.0
nms,NMS,5227_0411829511_01_WRI-L2_M011.png,FP,0.06468795553699998,0.0,,no_gt_match_or_lower_confidence_on_same_gt,NMS10,13,13,90.0,319.0,13.0,90.0
nms,NMS,5227_0411829511_01_WRI-L2_M011.png,FP,0.0602822497444759,0.0,,no_gt_match_or_lower_confidence_on_same_gt,NMS11,14,14,74.0,854.0,15.0,90.0
nms,NMS,5227_0411829511_01_WRI-L2_M011.png,FP,0.05403121595367551,0.0,,no_gt_match_or_lower_confidence_on_same_gt,NMS12,11,"11,15",15.0,545.0,115.0,90.0
nms,NMS,5227_0411829511_01_WRI-L2_M011.png,FP,0.03045786017886915,0.0,,no_gt_match_or_lower_confidence_on_same_gt,NMS13,12,12,276.0,495.0,42.0,90.0
nms,NMS,5227_0411829511_01_WRI-L2_M011.png,FP,0.030303727712530218,0.001783986446003586,0,no_gt_match_or_lower_confidence_on_same_gt,NMS14,4,4,200.0,342.0,136.0,96.0
nms,NMS,5227_0411829511_01_WRI-L2_M011.png,FP,0.029052487973475826,0.0,,no_gt_match_or_lower_confidence_on_same_gt,NMS15,16,16,297.0,403.0,31.0,90.0
nms,NMS,5227_0411829511_01_WRI-L2_M011.png,FP,0.028735032394910657,0.0,,no_gt_match_or_lower_confidence_on_same_gt,NMS16,18,18,9.0,740.0,85.0,90.0
nms,NMS,5227_0411829511_01_WRI-L2_M011.png,FP,0.01234586066897134,0.0,,no_gt_match_or_lower_confidence_on_same_gt,NMS17,20,20,12.0,414.0,45.0,90.0
nms,NMS,5227_0411829511_01_WRI-L2_M011.png,FP,0.00980684620776568,0.0,,no_gt_match_or_lower_confidence_on_same_gt,NMS18,19,19,246.0,292.0,91.0,90.0
nms,NMS,5227_0411829511_01_WRI-L2_M011.png,FP,0.002261612558426615,0.0,,no_gt_match_or_lower_confidence_on_same_gt,NMS19,3,3,6.0,785.0,51.0,90.0
nms,NMS,5229_1076706016_04_WRI-R1_M008.png,IGNORE,0.9331922029539332,0.4120771557080754,0,overlap_ge_ignore_iou_with_found_gt,NMS1,13,13,229.0,531.0,91.0,90.0
nms,NMS,5229_1076706016_04_WRI-R1_M008.png,TP,0.9292243045369556,0.8488800976469756,0,matched_gt_highest_confidence,NMS2,2,2,167.0,525.0,156.0,110.0
nms,NMS,5229_1076706016_04_WRI-R1_M008.png,FP,0.6112835683982424,0.0,,no_gt_match_or_lower_confidence_on_same_gt,NMS3,12,12,218.0,777.0,86.0,90.0
nms,NMS,5229_1076706016_04_WRI-R1_M008.png,FP,0.5651036177443112,0.0,,no_gt_match_or_lower_confidence_on_same_gt,NMS4,11,11,383.0,541.0,68.0,90.0
nms,NMS,5229_1076706016_04_WRI-R1_M008.png,FP,0.36078012355422434,0.0620099056419721,0,no_gt_match_or_lower_confidence_on_same_gt,NMS5,3,3,200.0,635.0,108.0,90.0
nms,NMS,5229_1076706016_04_WRI-R1_M008.png,FP,0.22987906214291137,0.0,,no_gt_match_or_lower_confidence_on_same_gt,NMS6,1,1,501.0,335.0,52.0,90.0
nms,NMS,5229_1076706016_04_WRI-R1_M008.png,FP,0.08450889472242944,0.0,,no_gt_match_or_lower_confidence_on_same_gt,NMS7,6,6,368.0,441.0,10.0,90.0
nms,NMS,5229_1076706016_04_WRI-R1_M008.png,FP,0.07718396203808241,0.0,,no_gt_match_or_lower_confidence_on_same_gt,NMS8,9,9,357.0,777.0,4.0,90.0
nms,NMS,5229_1076706016_04_WRI-R1_M008.png,FP,0.05598046501866991,0.0,,no_gt_match_or_lower_confidence_on_same_gt,NMS9,4,4,500.0,331.0,20.0,122.0
nms,NMS,5229_1076706016_04_WRI-R1_M008.png,FP,0.04839801207234137,0.0,,no_gt_match_or_lower_confidence_on_same_gt,NMS10,7,7,317.0,311.0,8.0,90.0
nms,NMS,5229_1076706016_04_WRI-R1_M008.png,FP,0.019284478786031397,0.0,,no_gt_match_or_lower_confidence_on_same_gt,NMS11,10,10,98.0,266.0,91.0,90.0
nms,NMS,5229_1076706016_04_WRI-R1_M008.png,FP,0.010292417467098159,0.016477822659650507,0,no_gt_match_or_lower_confidence_on_same_gt,NMS12,8,8,180.0,441.0,91.0,90.0
nms,NMS,5229_1076706016_04_WRI-R1_M008.png,FP,0.003028268812000103,0.0,,no_gt_match_or_lower_confidence_on_same_gt,NMS13,5,5,211.0,338.0,75.0,90.0
nms,NMS,5230_0288804781_01_WRI-L2_M010.png,TP,0.8532670813016494,0.6478872947949836,0,matched_gt_highest_confidence,NMS1,8,8,236.0,538.0,87.0,90.0
nms,NMS,5230_0288804781_01_WRI-L2_M010.png,FP,0.1946690992030444,0.0,,no_gt_match_or_lower_confidence_on_same_gt,NMS2,1,"1,4",239.0,424.0,131.0,92.0
nms,NMS,5230_0288804781_01_WRI-L2_M010.png,FP,0.14461019526512722,0.0,,no_gt_match_or_lower_confidence_on_same_gt,NMS3,2,2,182.0,905.0,105.0,90.0
nms,NMS,5230_0288804781_01_WRI-L2_M010.png,FP,0.06001297970642019,0.0,,no_gt_match_or_lower_confidence_on_same_gt,NMS4,5,"5,6",274.0,339.0,91.0,90.0
nms,NMS,5230_0288804781_01_WRI-L2_M010.png,FP,0.03732610392450553,0.0,,no_gt_match_or_lower_confidence_on_same_gt,NMS5,3,3,319.0,1004.0,19.0,90.0
nms,NMS,5230_0288804781_01_WRI-L2_M010.png,FP,0.0036001958378728337,0.0,,no_gt_match_or_lower_confidence_on_same_gt,NMS6,7,7,270.0,448.0,91.0,90.0
nms,NMS,5238_0561586292_02_WRI-L2_F006.PNG,FP,0.45073610860147045,0.040399549924895216,0,no_gt_match_or_lower_confidence_on_same_gt,NMS1,4,4,174.0,334.0,107.0,90.0
nms,NMS,5238_0561586292_02_WRI-L2_F006.PNG,TP,0.2148775783939701,0.5755671212839966,0,matched_gt_highest_confidence,NMS2,1,1,164.0,434.0,91.0,90.0
nms,NMS,5238_0561586292_02_WRI-L2_F006.PNG,FP,0.11025159066914711,0.0,,no_gt_match_or_lower_confidence_on_same_gt,NMS3,8,8,204.0,200.0,91.0,90.0
nms,NMS,5238_0561586292_02_WRI-L2_F006.PNG,FP,0.09146631556571554,0.0,,no_gt_match_or_lower_confidence_on_same_gt,NMS4,6,6,260.0,539.0,11.0,90.0
nms,NMS,5238_0561586292_02_WRI-L2_F006.PNG,FP,0.06221260535202285,0.0,,no_gt_match_or_lower_confidence_on_same_gt,NMS5,5,5,308.0,253.0,8.0,90.0
nms,NMS,5238_0561586292_02_WRI-L2_F006.PNG,FP,0.05761702929070414,0.0,,no_gt_match_or_lower_confidence_on_same_gt,NMS6,2,2,155.0,544.0,70.0,90.0
nms,NMS,5238_0561586292_02_WRI-L2_F006.PNG,FP,0.04374138170419354,0.0,,no_gt_match_or_lower_confidence_on_same_gt,NMS7,7,7,301.0,378.0,7.0,90.0
nms,NMS,5238_0561586292_02_WRI-L2_F006.PNG,FP,0.02777619320356168,0.0,,no_gt_match_or_lower_confidence_on_same_gt,NMS8,9,9,180.0,305.0,91.0,90.0
nms,NMS,5238_0561586292_02_WRI-L2_F006.PNG,FP,0.026503099373698654,0.0,,no_gt_match_or_lower_confidence_on_same_gt,NMS9,3,3,242.0,584.0,26.0,90.0
nms,NMS,5247_0625408586_02_WRI-L2_F008.png,TP,0.929439388092607,0.5218789327954276,0,matched_gt_highest_confidence,NMS1,2,2,157.0,645.0,116.0,90.0
nms,NMS,5247_0625408586_02_WRI-L2_F008.png,FP,0.8352912405735303,0.5533925319089176,0,no_gt_match_or_lower_confidence_on_same_gt,NMS2,25,25,185.0,665.0,91.0,90.0
nms,NMS,5247_0625408586_02_WRI-L2_F008.png,FP,0.4105007451696686,0.0,,no_gt_match_or_lower_confidence_on_same_gt,NMS3,18,18,377.0,397.0,85.0,90.0
nms,NMS,5247_0625408586_02_WRI-L2_F008.png,FP,0.341162360504816,0.0,,no_gt_match_or_lower_confidence_on_same_gt,NMS4,4,4,387.0,445.0,66.0,90.0
nms,NMS,5247_0625408586_02_WRI-L2_F008.png,FP,0.20380089547601699,0.0,,no_gt_match_or_lower_confidence_on_same_gt,NMS5,8,8,31.0,1075.0,28.0,90.0
nms,NMS,5247_0625408586_02_WRI-L2_F008.png,FP,0.20367284643651418,0.0,,no_gt_match_or_lower_confidence_on_same_gt,NMS6,26,26,198.0,973.0,84.0,90.0
nms,NMS,5247_0625408586_02_WRI-L2_F008.png,FP,0.14509745669597746,0.0,,no_gt_match_or_lower_confidence_on_same_gt,NMS7,3,3,194.0,435.0,88.0,90.0
nms,NMS,5247_0625408586_02_WRI-L2_F008.png,FP,0.10832058652592472,0.0,,no_gt_match_or_lower_confidence_on_same_gt,NMS8,9,"9,17",313.0,1065.0,95.0,90.0
nms,NMS,5247_0625408586_02_WRI-L2_F008.png,FP,0.09178779274297114,0.0,,no_gt_match_or_lower_confidence_on_same_gt,NMS9,19,19,373.0,534.0,73.0,90.0
nms,NMS,5247_0625408586_02_WRI-L2_F008.png,FP,0.08920063141703534,0.0,,no_gt_match_or_lower_confidence_on_same_gt,NMS10,20,"20,11",44.0,929.0,21.0,90.0
nms,NMS,5247_0625408586_02_WRI-L2_F008.png,FP,0.07290461852802707,0.0,,no_gt_match_or_lower_confidence_on_same_gt,NMS11,7,7,393.0,565.0,55.0,90.0
nms,NMS,5247_0625408586_02_WRI-L2_F008.png,FP,0.07004518541468073,0.0,,no_gt_match_or_lower_confidence_on_same_gt,NMS12,12,12,322.0,980.0,10.0,90.0
nms,NMS,5247_0625408586_02_WRI-L2_F008.png,FP,0.06400758433354302,0.0,,no_gt_match_or_lower_confidence_on_same_gt,NMS13,15,15,142.0,1079.0,22.0,90.0
nms,NMS,5247_0625408586_02_WRI-L2_F008.png,FP,0.06079105876106423,0.0,,no_gt_match_or_lower_confidence_on_same_gt,NMS14,21,21,388.0,905.0,19.0,90.0
nms,NMS,5247_0625408586_02_WRI-L2_F008.png,FP,0.05733203564585481,0.0,,no_gt_match_or_lower_confidence_on_same_gt,NMS15,16,16,432.0,702.0,7.0,90.0
nms,NMS,5247_0625408586_02_WRI-L2_F008.png,FP,0.029169572855829887,0.0,,no_gt_match_or_lower_confidence_on_same_gt,NMS16,23,23,167.0,483.0,89.0,90.0
nms,NMS,5247_0625408586_02_WRI-L2_F008.png,FP,0.02468360496033742,0.0,,no_gt_match_or_lower_confidence_on_same_gt,NMS17,13,13,66.0,589.0,22.0,90.0
nms,NMS,5247_0625408586_02_WRI-L2_F008.png,FP,0.021812904539811547,0.0,,no_gt_match_or_lower_confidence_on_same_gt,NMS18,22,22,100.0,378.0,30.0,90.0
nms,NMS,5247_0625408586_02_WRI-L2_F008.png,FP,0.017426756595175594,0.0,,no_gt_match_or_lower_confidence_on_same_gt,NMS19,10,10,361.0,965.0,55.0,90.0
nms,NMS,5247_0625408586_02_WRI-L2_F008.png,FP,0.0158816077983953,0.0,,no_gt_match_or_lower_confidence_on_same_gt,NMS20,14,14,278.0,460.0,58.0,90.0
nms,NMS,5247_0625408586_02_WRI-L2_F008.png,FP,0.012966328803933929,0.0,,no_gt_match_or_lower_confidence_on_same_gt,NMS21,6,6,278.0,485.0,71.0,90.0
nms,NMS,5247_0625408586_02_WRI-L2_F008.png,FP,0.01170402554488255,0.0,,no_gt_match_or_lower_confidence_on_same_gt,NMS22,24,24,191.0,579.0,91.0,90.0
nms,NMS,5247_0625408586_02_WRI-L2_F008.png,FP,0.010940286930039287,0.0,,no_gt_match_or_lower_confidence_on_same_gt,NMS23,5,5,90.0,465.0,35.0,90.0
nms,NMS,5247_0625408586_02_WRI-L2_F008.png,FP,0.002593827151288404,0.0,,no_gt_match_or_lower_confidence_on_same_gt,NMS24,1,1,168.0,545.0,101.0,90.0
nms,NMS,5247_0627787842_05_WRI-L2_F008.png,TP,0.9655341196719796,0.5642039572375006,0,matched_gt_highest_confidence,NMS1,3,3,237.0,607.0,85.0,90.0
nms,NMS,5247_0627787842_05_WRI-L2_F008.png,FP,0.37620296229372246,0.0,,no_gt_match_or_lower_confidence_on_same_gt,NMS2,1,1,236.0,717.0,113.0,90.0
nms,NMS,5247_0627787842_05_WRI-L2_F008.png,FP,0.17406441876225054,0.2747222854100481,0,no_gt_match_or_lower_confidence_on_same_gt,NMS3,9,9,238.0,637.0,78.0,90.0
nms,NMS,5247_0627787842_05_WRI-L2_F008.png,FP,0.11404203277269222,0.0,,no_gt_match_or_lower_confidence_on_same_gt,NMS4,2,2,370.0,759.0,181.0,126.0
nms,NMS,5247_0627787842_05_WRI-L2_F008.png,FP,0.07519392867565035,0.019515065571514074,0,no_gt_match_or_lower_confidence_on_same_gt,NMS5,6,6,252.0,545.0,7.0,90.0
nms,NMS,5247_0627787842_05_WRI-L2_F008.png,FP,0.06107651842605925,0.0,,no_gt_match_or_lower_confidence_on_same_gt,NMS6,8,8,212.0,761.0,10.0,90.0
nms,NMS,5247_0627787842_05_WRI-L2_F008.png,FP,0.06014266995285297,0.0,,no_gt_match_or_lower_confidence_on_same_gt,NMS7,5,5,480.0,665.0,13.0,90.0
nms,NMS,5247_0627787842_05_WRI-L2_F008.png,FP,0.04083333606148982,0.0,,no_gt_match_or_lower_confidence_on_same_gt,NMS8,7,7,399.0,745.0,92.0,90.0
nms,NMS,5247_0627787842_05_WRI-L2_F008.png,FP,0.040212219187230065,0.0,,no_gt_match_or_lower_confidence_on_same_gt,NMS9,10,10,122.0,432.0,12.0,90.0
nms,NMS,5247_0627787842_05_WRI-L2_F008.png,FP,0.013517794212550971,0.0,,no_gt_match_or_lower_confidence_on_same_gt,NMS10,12,12,510.0,731.0,61.0,90.0
nms,NMS,5247_0627787842_05_WRI-L2_F008.png,FP,0.012951096400170456,0.0,,no_gt_match_or_lower_confidence_on_same_gt,NMS11,11,11,57.0,711.0,22.0,90.0
nms,NMS,5247_0627787842_05_WRI-L2_F008.png,FP,0.0009033562363808415,0.0,,no_gt_match_or_lower_confidence_on_same_gt,NMS12,4,4,44.0,757.0,33.0,90.0
nms,NMS,5247_0628996773_06_WRI-L2_F009.png,TP,0.9886424246636141,0.5767335647441948,0,matched_gt_highest_confidence,NMS1,1,1,200.0,410.0,122.0,90.0
nms,NMS,5247_0628996773_06_WRI-L2_F009.png,FP,0.09452313298969127,0.0,,no_gt_match_or_lower_confidence_on_same_gt,NMS2,5,5,199.0,636.0,79.0,90.0
nms,NMS,5247_0628996773_06_WRI-L2_F009.png,FP,0.070821911674336,0.0,,no_gt_match_or_lower_confidence_on_same_gt,NMS3,4,4,339.0,560.0,11.0,90.0
nms,NMS,5247_0628996773_06_WRI-L2_F009.png,FP,0.07020480579391132,0.0,,no_gt_match_or_lower_confidence_on_same_gt,NMS4,7,7,295.0,255.0,91.0,90.0
nms,NMS,5247_0628996773_06_WRI-L2_F009.png,FP,0.06522056981012293,0.0,,no_gt_match_or_lower_confidence_on_same_gt,NMS5,3,3,377.0,357.0,1.0,90.0
nms,NMS,5247_0628996773_06_WRI-L2_F009.png,FP,0.03178244140794866,0.007480993464443145,0,no_gt_match_or_lower_confidence_on_same_gt,NMS6,6,6,185.0,343.0,91.0,90.0
nms,NMS,5247_0628996773_06_WRI-L2_F009.png,FP,0.01591058274058673,0.0,,no_gt_match_or_lower_confidence_on_same_gt,NMS7,2,2,213.0,610.0,70.0,90.0
nms,NMS,5271_0280502789_01_WRI-L2_F004.PNG,TP,0.713909680463988,0.6060624774996475,0,matched_gt_highest_confidence,NMS1,3,3,175.0,275.0,115.0,90.0
nms,NMS,5271_0280502789_01_WRI-L2_F004.PNG,FP,0.5883278853148762,0.0,,no_gt_match_or_lower_confidence_on_same_gt,NMS2,2,2,117.0,455.0,119.0,90.0
nms,NMS,5271_0280502789_01_WRI-L2_F004.PNG,FP,0.5393404609231478,0.15598767932960478,0,no_gt_match_or_lower_confidence_on_same_gt,NMS3,1,1,144.0,335.0,102.0,90.0
nms,NMS,5271_0280502789_01_WRI-L2_F004.PNG,FP,0.06273672386660814,0.1900054502547443,0,no_gt_match_or_lower_confidence_on_same_gt,NMS4,6,6,160.0,239.0,91.0,90.0
nms,NMS,5271_0280502789_01_WRI-L2_F004.PNG,FP,0.05525364191082813,0.0,,no_gt_match_or_lower_confidence_on_same_gt,NMS5,4,4,302.0,272.0,16.0,90.0
nms,NMS,5271_0280502789_01_WRI-L2_F004.PNG,FP,0.018694571995714074,0.0,,no_gt_match_or_lower_confidence_on_same_gt,NMS6,5,5,226.0,397.0,91.0,90.0
nms,NMS,5277_0502084754_04_WRI-R2_M014.png,TP,0.9276350059825765,0.6139424025708952,0,matched_gt_highest_confidence,NMS1,1,"1,5",219.0,375.0,100.0,90.0
nms,NMS,5277_0502084754_04_WRI-R2_M014.png,FP,0.0908811922745744,0.0,,no_gt_match_or_lower_confidence_on_same_gt,NMS2,2,2,228.0,475.0,83.0,90.0
nms,NMS,5277_0502084754_04_WRI-R2_M014.png,FP,0.08344266393737461,0.0,,no_gt_match_or_lower_confidence_on_same_gt,NMS3,3,3,312.0,276.0,5.0,90.0
nms,NMS,5277_0502084754_04_WRI-R2_M014.png,FP,0.005340999391498662,0.04874976338526713,0,no_gt_match_or_lower_confidence_on_same_gt,NMS4,4,4,216.0,300.0,91.0,90.0
nms,NMS,5281_0647811461_02_WRI-L2_F006.PNG,FP,0.9806361531729078,0.0,,no_gt_match_or_lower_confidence_on_same_gt,NMS1,1,1,205.0,295.0,129.0,90.0
nms,NMS,5281_0647811461_02_WRI-L2_F006.PNG,FP,0.818760860334044,0.0,,no_gt_match_or_lower_confidence_on_same_gt,NMS2,4,4,250.0,247.0,91.0,90.0
nms,NMS,5281_0647811461_02_WRI-L2_F006.PNG,FP,0.6911491848047926,0.0,,no_gt_match_or_lower_confidence_on_same_gt,NMS3,5,5,229.0,265.0,91.0,90.0
nms,NMS,5281_0647811461_02_WRI-L2_F006.PNG,TP,0.5141004686590054,0.5531628931458592,0,matched_gt_highest_confidence,NMS4,6,6,187.0,378.0,91.0,90.0
nms,NMS,5281_0647811461_02_WRI-L2_F006.PNG,FP,0.39317125526983937,0.24186253680510886,0,no_gt_match_or_lower_confidence_on_same_gt,NMS5,2,2,181.0,425.0,80.0,90.0
nms,NMS,5281_0647811461_02_WRI-L2_F006.PNG,FP,0.012448852187360122,0.0,,no_gt_match_or_lower_confidence_on_same_gt,NMS6,3,3,168.0,565.0,63.0,90.0
nms,NMS,5287_0484979563_04_WRI-L2_F009.png,TP,0.7047652434804521,0.6364769716799148,0,matched_gt_highest_confidence,NMS1,1,1,405.0,445.0,114.0,90.0
nms,NMS,5287_0484979563_04_WRI-L2_F009.png,FP,0.22487992403336612,0.0,,no_gt_match_or_lower_confidence_on_same_gt,NMS2,2,"2,5",405.0,285.0,125.0,90.0
nms,NMS,5287_0484979563_04_WRI-L2_F009.png,FP,0.010987377145965586,0.10324520768258666,0,no_gt_match_or_lower_confidence_on_same_gt,NMS3,4,"4,3",419.0,370.0,91.0,90.0
nms,NMS,5289_0680957054_03_WRI-L2_M009.PNG,TP,0.8733138178500256,0.5456338070179055,0,matched_gt_highest_confidence,NMS1,2,2,167.0,344.0,145.0,102.0
nms,NMS,5289_0680957054_03_WRI-L2_M009.PNG,FP,0.07641366639474416,0.026494683364465765,0,no_gt_match_or_lower_confidence_on_same_gt,NMS2,10,10,298.0,366.0,5.0,90.0
nms,NMS,5289_0680957054_03_WRI-L2_M009.PNG,FP,0.07408851085204933,0.0,,no_gt_match_or_lower_confidence_on_same_gt,NMS3,11,11,405.0,258.0,11.0,90.0
nms,NMS,5289_0680957054_03_WRI-L2_M009.PNG,FP,0.02684895784086324,0.29068319828413913,0,no_gt_match_or_lower_confidence_on_same_gt,NMS4,4,4,99.0,386.0,139.0,98.0
nms,NMS,5289_0680957054_03_WRI-L2_M009.PNG,FP,0.01744519177798761,0.0,,no_gt_match_or_lower_confidence_on_same_gt,NMS5,6,6,157.0,560.0,127.0,90.0
nms,NMS,5289_0680957054_03_WRI-L2_M009.PNG,FP,0.016667701840154616,0.0,,no_gt_match_or_lower_confidence_on_same_gt,NMS6,9,9,71.0,634.0,147.0,102.0
nms,NMS,5289_0680957054_03_WRI-L2_M009.PNG,FP,0.014019667086780558,0.0,,no_gt_match_or_lower_confidence_on_same_gt,NMS7,8,8,84.0,510.0,124.0,90.0
nms,NMS,5289_0680957054_03_WRI-L2_M009.PNG,FP,0.008970473748387822,0.0,,no_gt_match_or_lower_confidence_on_same_gt,NMS8,5,5,137.0,650.0,157.0,110.0
nms,NMS,5289_0680957054_03_WRI-L2_M009.PNG,FP,0.007467663572195078,0.04470405779929802,0,no_gt_match_or_lower_confidence_on_same_gt,NMS9,3,3,127.0,463.0,148.0,104.0
nms,NMS,5289_0680957054_03_WRI-L2_M009.PNG,FP,0.0014088060816742117,0.05283026929467971,0,no_gt_match_or_lower_confidence_on_same_gt,NMS10,1,1,113.0,264.0,175.0,122.0
nms,NMS,5289_0680957054_03_WRI-L2_M009.PNG,FP,0.0005915312734456903,0.0,,no_gt_match_or_lower_confidence_on_same_gt,NMS11,7,7,257.0,270.0,124.0,90.0
nms,NMS,5303_0992053123_02_WRI-R2_F014.PNG,TP,0.9970801582175919,0.5673671376440831,0,matched_gt_highest_confidence,NMS1,3,3,224.0,442.0,136.0,96.0
nms,NMS,5303_0992053123_02_WRI-R2_F014.PNG,FP,0.7103573251286555,0.0,,no_gt_match_or_lower_confidence_on_same_gt,NMS2,7,7,165.0,198.0,91.0,90.0
nms,NMS,5303_0992053123_02_WRI-R2_F014.PNG,FP,0.1937616630305331,0.0,,no_gt_match_or_lower_confidence_on_same_gt,NMS3,2,2,198.0,252.0,137.0,96.0
nms,NMS,5303_0992053123_02_WRI-R2_F014.PNG,FP,0.1865498062010543,0.0,,no_gt_match_or_lower_confidence_on_same_gt,NMS4,4,4,152.0,232.0,137.0,96.0
nms,NMS,5303_0992053123_02_WRI-R2_F014.PNG,FP,0.17208006187723007,0.0,,no_gt_match_or_lower_confidence_on_same_gt,NMS5,8,8,265.0,211.0,91.0,90.0
nms,NMS,5303_0992053123_02_WRI-R2_F014.PNG,FP,0.08129578114427598,0.0,,no_gt_match_or_lower_confidence_on_same_gt,NMS6,5,5,204.0,596.0,3.0,90.0
nms,NMS,5303_0992053123_02_WRI-R2_F014.PNG,FP,0.00985211174479495,0.0,,no_gt_match_or_lower_confidence_on_same_gt,NMS7,10,"10,9",224.0,314.0,91.0,90.0
nms,NMS,5303_0992053123_02_WRI-R2_F014.PNG,FP,0.009102899086599201,0.03111470182631077,0,no_gt_match_or_lower_confidence_on_same_gt,NMS8,6,6,361.0,496.0,14.0,90.0
nms,NMS,5303_0992053123_02_WRI-R2_F014.PNG,FP,0.00752635375019577,0.0,,no_gt_match_or_lower_confidence_on_same_gt,NMS9,1,1,209.0,351.0,140.0,98.0
nms,NMS,5314_0269274371_04_WRI-R2_F010.PNG,FP,0.8391553051859219,0.0,,no_gt_match_or_lower_confidence_on_same_gt,NMS1,10,10,278.0,566.0,91.0,90.0
nms,NMS,5314_0269274371_04_WRI-R2_F010.PNG,IGNORE,0.7570650454241029,0.4316504912062588,0,overlap_ge_ignore_iou_with_found_gt,NMS2,16,16,227.0,471.0,91.0,90.0
nms,NMS,5314_0269274371_04_WRI-R2_F010.PNG,TP,0.5536438891375083,0.8145804800168348,0,matched_gt_highest_confidence,NMS3,4,4,235.0,457.0,152.0,106.0
nms,NMS,5314_0269274371_04_WRI-R2_F010.PNG,FP,0.5509528606717556,0.0,,no_gt_match_or_lower_confidence_on_same_gt,NMS4,14,14,300.0,754.0,91.0,90.0
nms,NMS,5314_0269274371_04_WRI-R2_F010.PNG,FP,0.3469377082379453,0.05447501440954477,0,no_gt_match_or_lower_confidence_on_same_gt,NMS5,2,2,234.0,546.0,153.0,108.0
nms,NMS,5314_0269274371_04_WRI-R2_F010.PNG,FP,0.297265869484037,0.0,,no_gt_match_or_lower_confidence_on_same_gt,NMS6,15,15,278.0,371.0,91.0,90.0
nms,NMS,5314_0269274371_04_WRI-R2_F010.PNG,FP,0.11288534873778332,0.0,,no_gt_match_or_lower_confidence_on_same_gt,NMS7,18,18,201.0,798.0,65.0,90.0
nms,NMS,5314_0269274371_04_WRI-R2_F010.PNG,FP,0.10710662640007469,0.0,,no_gt_match_or_lower_confidence_on_same_gt,NMS8,9,9,159.0,355.0,27.0,90.0
nms,NMS,5314_0269274371_04_WRI-R2_F010.PNG,FP,0.10284048456097786,0.0,,no_gt_match_or_lower_confidence_on_same_gt,NMS9,6,6,310.0,935.0,117.0,90.0
nms,NMS,5314_0269274371_04_WRI-R2_F010.PNG,FP,0.0704323200464656,0.0,,no_gt_match_or_lower_confidence_on_same_gt,NMS10,13,13,216.0,656.0,7.0,90.0
nms,NMS,5314_0269274371_04_WRI-R2_F010.PNG,FP,0.05539831647713408,0.0,,no_gt_match_or_lower_confidence_on_same_gt,NMS11,12,12,162.0,379.0,11.0,90.0
nms,NMS,5314_0269274371_04_WRI-R2_F010.PNG,FP,0.05391998799175186,0.0,,no_gt_match_or_lower_confidence_on_same_gt,NMS12,11,11,197.0,923.0,13.0,90.0
nms,NMS,5314_0269274371_04_WRI-R2_F010.PNG,FP,0.04111099523159804,0.0,,no_gt_match_or_lower_confidence_on_same_gt,NMS13,5,5,219.0,775.0,69.0,90.0
nms,NMS,5314_0269274371_04_WRI-R2_F010.PNG,FP,0.03345903263990412,0.0,,no_gt_match_or_lower_confidence_on_same_gt,NMS14,8,8,456.0,915.0,102.0,90.0
nms,NMS,5314_0269274371_04_WRI-R2_F010.PNG,FP,0.029784503744344906,0.0,,no_gt_match_or_lower_confidence_on_same_gt,NMS15,7,7,406.0,385.0,112.0,90.0
nms,NMS,5314_0269274371_04_WRI-R2_F010.PNG,FP,0.013485885494077364,0.0,,no_gt_match_or_lower_confidence_on_same_gt,NMS16,3,3,266.0,657.0,151.0,106.0
nms,NMS,5314_0269274371_04_WRI-R2_F010.PNG,FP,0.010339602240291158,0.0,,no_gt_match_or_lower_confidence_on_same_gt,NMS17,17,17,422.0,487.0,91.0,90.0
nms,NMS,5314_0269274371_04_WRI-R2_F010.PNG,FP,0.0073165556290858995,0.11057121951379495,0,no_gt_match_or_lower_confidence_on_same_gt,NMS18,1,1,278.0,367.0,179.0,126.0
nms,NMS,5325_0444985290_01_WRI-R2_F005.png,TP,0.5707913869823369,0.565874925423981,0,matched_gt_highest_confidence,NMS1,1,1,261.0,419.0,91.0,90.0
nms,NMS,5325_0444985290_01_WRI-R2_F005.png,FP,0.03350212158549605,0.0,,no_gt_match_or_lower_confidence_on_same_gt,NMS2,3,3,227.0,230.0,74.0,90.0
nms,NMS,5325_0444985290_01_WRI-R2_F005.png,FP,0.002385634511307082,0.0,,no_gt_match_or_lower_confidence_on_same_gt,NMS3,2,2,306.0,569.0,58.0,90.0
nms,NMS,5325_0444985290_01_WRI-R2_F005.png,FP,0.001434765431061847,0.1317586559123299,0,no_gt_match_or_lower_confidence_on_same_gt,NMS4,4,4,247.0,352.0,75.0,90.0
nms,NMS,5332_0567714023_02_WRI-L2_F011.PNG,FP,0.5942981130526298,0.0,,no_gt_match_or_lower_confidence_on_same_gt,NMS1,2,2,244.0,461.0,136.0,96.0
nms,NMS,5332_0567714023_02_WRI-L2_F011.PNG,FP,0.17060340029656357,0.0,,no_gt_match_or_lower_confidence_on_same_gt,NMS2,1,1,284.0,344.0,117.0,90.0
nms,NMS,5332_0567714023_02_WRI-L2_F011.PNG,FP,0.08589635706304818,0.0,,no_gt_match_or_lower_confidence_on_same_gt,NMS3,9,9,282.0,292.0,91.0,90.0
nms,NMS,5332_0567714023_02_WRI-L2_F011.PNG,FP,0.06065704313577162,0.0,,no_gt_match_or_lower_confidence_on_same_gt,NMS4,4,4,252.0,713.0,130.0,92.0
nms,NMS,5332_0567714023_02_WRI-L2_F011.PNG,FP,0.04147195243486911,0.0,,no_gt_match_or_lower_confidence_on_same_gt,NMS5,8,8,413.0,297.0,41.0,90.0
nms,NMS,5332_0567714023_02_WRI-L2_F011.PNG,TP,0.007613359692577415,0.5350051216635029,0,matched_gt_highest_confidence,NMS6,3,3,244.0,604.0,120.0,90.0
nms,NMS,5332_0567714023_02_WRI-L2_F011.PNG,FP,0.006003730100966218,0.0,,no_gt_match_or_lower_confidence_on_same_gt,NMS7,6,6,282.0,379.0,91.0,90.0
nms,NMS,5332_0567714023_02_WRI-L2_F011.PNG,FP,0.005701658327287853,0.0,,no_gt_match_or_lower_confidence_on_same_gt,NMS8,5,5,254.0,804.0,120.0,90.0
nms,NMS,5332_0567714023_02_WRI-L2_F011.PNG,FP,0.0017306834935652503,0.0,,no_gt_match_or_lower_confidence_on_same_gt,NMS9,7,7,256.0,401.0,91.0,90.0
nms,NMS,5333_1015227899_01_WRI-R2_F010.PNG,TP,0.9999979999075042,0.7308347426842444,0,matched_gt_highest_confidence,NMS1,1,"1,3",218.0,355.0,96.0,90.0
nms,NMS,5333_1015227899_01_WRI-R2_F010.PNG,FP,0.009214287736087984,0.0,,no_gt_match_or_lower_confidence_on_same_gt,NMS2,2,2,226.0,475.0,78.0,90.0
nms,NMS,5337_0874269007_02_WRI-R2_F012.PNG,FP,0.855771205833212,0.08602548309259522,0,no_gt_match_or_lower_confidence_on_same_gt,NMS1,9,9,223.0,631.0,91.0,90.0
nms,NMS,5337_0874269007_02_WRI-R2_F012.PNG,TP,0.7990292756184395,0.5262593667232927,0,matched_gt_highest_confidence,NMS2,12,12,229.0,574.0,91.0,90.0
nms,NMS,5337_0874269007_02_WRI-R2_F012.PNG,FP,0.14064132719660496,0.0,,no_gt_match_or_lower_confidence_on_same_gt,NMS3,2,2,197.0,444.0,134.0,94.0
nms,NMS,5337_0874269007_02_WRI-R2_F012.PNG,FP,0.08153361821147845,0.0,,no_gt_match_or_lower_confidence_on_same_gt,NMS4,13,13,226.0,305.0,91.0,90.0
nms,NMS,5337_0874269007_02_WRI-R2_F012.PNG,FP,0.07865420474333414,0.0,,no_gt_match_or_lower_confidence_on_same_gt,NMS5,8,8,188.0,782.0,7.0,90.0
nms,NMS,5337_0874269007_02_WRI-R2_F012.PNG,FP,0.068379777616272,0.0,,no_gt_match_or_lower_confidence_on_same_gt,NMS6,7,7,369.0,862.0,14.0,90.0
nms,NMS,5337_0874269007_02_WRI-R2_F012.PNG,FP,0.05441317105982609,0.0,,no_gt_match_or_lower_confidence_on_same_gt,NMS7,6,6,182.0,536.0,7.0,90.0
nms,NMS,5337_0874269007_02_WRI-R2_F012.PNG,FP,0.02900660267892455,0.0,,no_gt_match_or_lower_confidence_on_same_gt,NMS8,4,4,147.0,332.0,170.0,118.0
nms,NMS,5337_0874269007_02_WRI-R2_F012.PNG,FP,0.017581377068559147,0.0,,no_gt_match_or_lower_confidence_on_same_gt,NMS9,3,3,197.0,714.0,134.0,94.0
nms,NMS,5337_0874269007_02_WRI-R2_F012.PNG,FP,0.007322015167876929,0.0,,no_gt_match_or_lower_confidence_on_same_gt,NMS10,11,11,181.0,427.0,91.0,90.0
nms,NMS,5337_0874269007_02_WRI-R2_F012.PNG,FP,0.005718934595114855,0.0,,no_gt_match_or_lower_confidence_on_same_gt,NMS11,10,10,219.0,421.0,91.0,90.0
nms,NMS,5337_0874269007_02_WRI-R2_F012.PNG,FP,0.0020723298988901853,0.0,,no_gt_match_or_lower_confidence_on_same_gt,NMS12,5,5,197.0,800.0,145.0,102.0
nms,NMS,5337_0874269007_02_WRI-R2_F012.PNG,FP,0.0006994053508059269,0.0,,no_gt_match_or_lower_confidence_on_same_gt,NMS13,1,1,192.0,896.0,156.0,110.0
nms,NMS,5355_0294185816_01_WRI-L2_M009.png,TP,0.9878408024465669,0.6895177008754315,0,matched_gt_highest_confidence,NMS1,5,5,179.0,724.0,118.0,90.0
nms,NMS,5355_0294185816_01_WRI-L2_M009.png,IGNORE,0.9809281846053045,0.5944926716685113,0,overlap_ge_ignore_iou_with_found_gt,NMS2,11,11,208.0,701.0,91.0,90.0
nms,NMS,5355_0294185816_01_WRI-L2_M009.png,FP,0.7001118911894718,0.0,,no_gt_match_or_lower_confidence_on_same_gt,NMS3,3,3,174.0,456.0,152.0,106.0
nms,NMS,5355_0294185816_01_WRI-L2_M009.png,FP,0.4429357261043697,0.0,,no_gt_match_or_lower_confidence_on_same_gt,NMS4,2,"2,9",169.0,348.0,146.0,102.0
nms,NMS,5355_0294185816_01_WRI-L2_M009.png,FP,0.22573906919083922,0.0,,no_gt_match_or_lower_confidence_on_same_gt,NMS5,4,4,244.0,316.0,181.0,126.0
nms,NMS,5355_0294185816_01_WRI-L2_M009.png,FP,0.06825032615354391,0.0,,no_gt_match_or_lower_confidence_on_same_gt,NMS6,1,1,163.0,570.0,141.0,98.0
nms,NMS,5355_0294185816_01_WRI-L2_M009.png,FP,0.04697915220432414,0.0,,no_gt_match_or_lower_confidence_on_same_gt,NMS7,7,7,383.0,409.0,7.0,90.0
nms,NMS,5355_0294185816_01_WRI-L2_M009.png,FP,0.019792122011561115,0.0,,no_gt_match_or_lower_confidence_on_same_gt,NMS8,6,6,172.0,824.0,96.0,90.0
nms,NMS,5355_0294185816_01_WRI-L2_M009.png,FP,0.013085759236805172,0.0,,no_gt_match_or_lower_confidence_on_same_gt,NMS9,8,"8,10",202.0,517.0,91.0,90.0
nms,NMS,5357_0717952874_05_WRI-R2_M013.PNG,FP,0.6186816265170917,0.0,,no_gt_match_or_lower_confidence_on_same_gt,NMS1,11,11,340.0,727.0,156.0,110.0
nms,NMS,5357_0717952874_05_WRI-R2_M013.PNG,FP,0.42876349879862613,0.0,,no_gt_match_or_lower_confidence_on_same_gt,NMS2,12,12,360.0,614.0,137.0,96.0
nms,NMS,5357_0717952874_05_WRI-R2_M013.PNG,TP,0.347991446936859,0.5040434474058044,0,matched_gt_highest_confidence,NMS3,5,5,180.0,429.0,181.0,126.0
nms,NMS,5357_0717952874_05_WRI-R2_M013.PNG,IGNORE,0.28692895397536394,0.4748929132554676,0,overlap_ge_ignore_iou_with_found_gt,NMS4,15,15,290.0,449.0,181.0,126.0
nms,NMS,5357_0717952874_05_WRI-R2_M013.PNG,FP,0.23493454597455754,0.0,,no_gt_match_or_lower_confidence_on_same_gt,NMS5,2,2,83.0,737.0,118.0,90.0
nms,NMS,5357_0717952874_05_WRI-R2_M013.PNG,FP,0.1537123738647121,0.0,,no_gt_match_or_lower_confidence_on_same_gt,NMS6,14,14,150.0,639.0,181.0,126.0
nms,NMS,5357_0717952874_05_WRI-R2_M013.PNG,FP,0.08301367306204178,0.0,,no_gt_match_or_lower_confidence_on_same_gt,NMS7,19,19,98.0,365.0,11.0,90.0
nms,NMS,5357_0717952874_05_WRI-R2_M013.PNG,FP,0.07782580999195234,0.0,,no_gt_match_or_lower_confidence_on_same_gt,NMS8,10,10,160.0,309.0,181.0,126.0
nms,NMS,5357_0717952874_05_WRI-R2_M013.PNG,FP,0.07513227388133968,0.1445735368370738,0,no_gt_match_or_lower_confidence_on_same_gt,NMS9,7,7,200.0,539.0,181.0,126.0
nms,NMS,5357_0717952874_05_WRI-R2_M013.PNG,FP,0.06360890634963147,0.0030012997902247552,0,no_gt_match_or_lower_confidence_on_same_gt,NMS10,22,22,409.0,569.0,91.0,90.0
nms,NMS,5357_0717952874_05_WRI-R2_M013.PNG,FP,0.0487972217249742,0.0,,no_gt_match_or_lower_confidence_on_same_gt,NMS11,3,3,92.0,293.0,139.0,98.0
nms,NMS,5357_0717952874_05_WRI-R2_M013.PNG,FP,0.04748198078831843,0.0,,no_gt_match_or_lower_confidence_on_same_gt,NMS12,24,24,411.0,680.0,91.0,90.0
nms,NMS,5357_0717952874_05_WRI-R2_M013.PNG,FP,0.04153763350855365,0.0,,no_gt_match_or_lower_confidence_on_same_gt,NMS13,6,6,260.0,309.0,181.0,126.0
nms,NMS,5357_0717952874_05_WRI-R2_M013.PNG,FP,0.03781013742551609,0.0,,no_gt_match_or_lower_confidence_on_same_gt,NMS14,18,18,72.0,461.0,7.0,90.0
nms,NMS,5357_0717952874_05_WRI-R2_M013.PNG,FP,0.03590687843308475,0.10353591413017485,0,no_gt_match_or_lower_confidence_on_same_gt,NMS15,9,9,380.0,482.0,143.0,100.0
nms,NMS,5357_0717952874_05_WRI-R2_M013.PNG,FP,0.03451656070006552,0.0,,no_gt_match_or_lower_confidence_on_same_gt,NMS16,8,8,230.0,729.0,181.0,126.0
nms,NMS,5357_0717952874_05_WRI-R2_M013.PNG,FP,0.02922240835511812,0.0,,no_gt_match_or_lower_confidence_on_same_gt,NMS17,13,13,130.0,729.0,181.0,126.0
nms,NMS,5357_0717952874_05_WRI-R2_M013.PNG,FP,0.0131638905607814,0.0,,no_gt_match_or_lower_confidence_on_same_gt,NMS18,17,17,19.0,787.0,39.0,90.0
nms,NMS,5357_0717952874_05_WRI-R2_M013.PNG,FP,0.012928178419462736,0.0,,no_gt_match_or_lower_confidence_on_same_gt,NMS19,23,23,79.0,251.0,91.0,90.0
nms,NMS,5357_0717952874_05_WRI-R2_M013.PNG,FP,0.010465775312636151,0.0,,no_gt_match_or_lower_confidence_on_same_gt,NMS20,4,4,370.0,331.0,147.0,102.0
nms,NMS,5357_0717952874_05_WRI-R2_M013.PNG,FP,0.006256995016580274,0.0,,no_gt_match_or_lower_confidence_on_same_gt,NMS21,16,16,61.0,517.0,120.0,90.0
nms,NMS,5357_0717952874_05_WRI-R2_M013.PNG,FP,0.005843022144116723,0.0,,no_gt_match_or_lower_confidence_on_same_gt,NMS22,21,21,423.0,274.0,91.0,90.0
nms,NMS,5357_0717952874_05_WRI-R2_M013.PNG,FP,0.002596453003159263,0.0,,no_gt_match_or_lower_confidence_on_same_gt,NMS23,20,20,38.0,704.0,131.0,92.0
nms,NMS,5357_0717952874_05_WRI-R2_M013.PNG,FP,0.000621038113447212,0.0,,no_gt_match_or_lower_confidence_on_same_gt,NMS24,1,1,50.0,619.0,151.0,106.0
nms,NMS,5369_0843630267_04_WRI-L2_M005.PNG,TP,0.9751620132747175,0.6175055499338942,0,matched_gt_highest_confidence,NMS1,6,6,187.0,402.0,91.0,90.0
nms,NMS,5369_0843630267_04_WRI-L2_M005.PNG,FP,0.5151218279766415,0.18717757929727194,0,no_gt_match_or_lower_confidence_on_same_gt,NMS2,3,"3,7",153.0,345.0,103.0,90.0
nms,NMS,5369_0843630267_04_WRI-L2_M005.PNG,IGNORE,0.19360977737802856,0.46025544691413617,0,overlap_ge_ignore_iou_with_found_gt,NMS3,1,1,167.0,445.0,106.0,90.0
nms,NMS,5369_0843630267_04_WRI-L2_M005.PNG,FP,0.039009504651020786,0.0,,no_gt_match_or_lower_confidence_on_same_gt,NMS4,2,2,165.0,545.0,83.0,90.0
nms,NMS,5369_0843630267_04_WRI-L2_M005.PNG,FP,0.006378843442593922,0.0,,no_gt_match_or_lower_confidence_on_same_gt,NMS5,5,"5,4",179.0,255.0,91.0,90.0
nms,NMS,5373_0602157892_03_WRI-L2_F009.png,TP,0.9540237199829393,0.6107388867853354,0,matched_gt_highest_confidence,NMS1,6,6,216.0,315.0,91.0,90.0
nms,NMS,5373_0602157892_03_WRI-L2_F009.png,FP,0.18602332945331732,0.0,,no_gt_match_or_lower_confidence_on_same_gt,NMS2,1,1,196.0,475.0,102.0,90.0
nms,NMS,5373_0602157892_03_WRI-L2_F009.png,FP,0.1694155094102917,0.1399124390112626,0,no_gt_match_or_lower_confidence_on_same_gt,NMS3,2,2,209.0,365.0,95.0,90.0
nms,NMS,5373_0602157892_03_WRI-L2_F009.png,FP,0.03509654785430596,0.0,,no_gt_match_or_lower_confidence_on_same_gt,NMS4,3,3,234.0,189.0,146.0,102.0
nms,NMS,5373_0602157892_03_WRI-L2_F009.png,FP,0.0020503430428652123,0.0,,no_gt_match_or_lower_confidence_on_same_gt,NMS5,5,5,288.0,161.0,91.0,90.0
nms,NMS,5373_0602157892_03_WRI-L2_F009.png,FP,0.0017706468780122144,0.0,,no_gt_match_or_lower_confidence_on_same_gt,NMS6,4,4,246.0,168.0,91.0,90.0
nms,NMS,5376_1092312623_01_WRI-L1_M008.PNG,TP,0.6770159677438908,0.5250161925145664,0,matched_gt_highest_confidence,NMS1,1,1,249.0,321.0,134.0,94.0
nms,NMS,5376_1092312623_01_WRI-L1_M008.PNG,FP,0.07849569441364863,0.0,,no_gt_match_or_lower_confidence_on_same_gt,NMS2,3,3,180.0,325.0,2.0,90.0
nms,NMS,5376_1092312623_01_WRI-L1_M008.PNG,FP,0.06275075558992174,0.0,,no_gt_match_or_lower_confidence_on_same_gt,NMS3,4,4,272.0,269.0,66.0,90.0
nms,NMS,5376_1092312623_01_WRI-L1_M008.PNG,FP,0.01557161797593869,0.0,,no_gt_match_or_lower_confidence_on_same_gt,NMS4,2,2,122.0,434.0,14.0,90.0
nms,NMS,5376_1092312623_01_WRI-L1_M008.PNG,FP,0.0009043438761586986,0.0,,no_gt_match_or_lower_confidence_on_same_gt,NMS5,5,5,310.0,225.0,59.0,90.0
nms,NMS,5379_0388426289_02_WRI-L2_M009.png,IGNORE,0.9507086781721843,0.45138826249107167,0,overlap_ge_ignore_iou_with_found_gt,NMS1,8,8,239.0,473.0,91.0,90.0
nms,NMS,5379_0388426289_02_WRI-L2_M009.png,TP,0.7072828066388521,0.6609020570060065,0,matched_gt_highest_confidence,NMS2,11,11,220.0,503.0,91.0,90.0
nms,NMS,5379_0388426289_02_WRI-L2_M009.png,FP,0.3292789206563678,0.11995970879126823,0,no_gt_match_or_lower_confidence_on_same_gt,NMS3,1,1,209.0,425.0,133.0,94.0
nms,NMS,5379_0388426289_02_WRI-L2_M009.png,FP,0.07649641156314459,0.0,,no_gt_match_or_lower_confidence_on_same_gt,NMS4,6,6,352.0,915.0,22.0,90.0
nms,NMS,5379_0388426289_02_WRI-L2_M009.png,FP,0.07229015225116797,0.0,,no_gt_match_or_lower_confidence_on_same_gt,NMS5,9,9,227.0,860.0,91.0,90.0
nms,NMS,5379_0388426289_02_WRI-L2_M009.png,FP,0.03641915846413507,0.0,,no_gt_match_or_lower_confidence_on_same_gt,NMS6,13,13,177.0,955.0,91.0,90.0
nms,NMS,5379_0388426289_02_WRI-L2_M009.png,FP,0.027349738351371885,0.0,,no_gt_match_or_lower_confidence_on_same_gt,NMS7,7,"7,3",235.0,627.0,93.0,90.0
nms,NMS,5379_0388426289_02_WRI-L2_M009.png,FP,0.020398752540941496,0.0,,no_gt_match_or_lower_confidence_on_same_gt,NMS8,5,5,230.0,837.0,107.0,90.0
nms,NMS,5379_0388426289_02_WRI-L2_M009.png,FP,0.013676681523811877,0.0,,no_gt_match_or_lower_confidence_on_same_gt,NMS9,2,2,236.0,747.0,102.0,90.0
nms,NMS,5379_0388426289_02_WRI-L2_M009.png,FP,0.009091959478240746,0.0,,no_gt_match_or_lower_confidence_on_same_gt,NMS10,12,12,244.0,370.0,91.0,90.0
nms,NMS,5379_0388426289_02_WRI-L2_M009.png,FP,0.002722051860922204,0.0,,no_gt_match_or_lower_confidence_on_same_gt,NMS11,10,10,213.0,343.0,91.0,90.0
nms,NMS,5379_0388426289_02_WRI-L2_M009.png,FP,0.0008830950315888868,0.0,,no_gt_match_or_lower_confidence_on_same_gt,NMS12,4,4,197.0,955.0,133.0,94.0
nms,NMS,5381_0723559946_01_WRI-L1_F008.PNG,TP,0.6680750367911659,0.5246772627725264,0,matched_gt_highest_confidence,NMS1,1,1,245.0,291.0,115.0,90.0
nms,NMS,5381_0723559946_01_WRI-L1_F008.PNG,FP,0.11426693477158231,0.0,,no_gt_match_or_lower_confidence_on_same_gt,NMS2,2,2,149.0,821.0,61.0,90.0
nms,NMS,5381_0723559946_01_WRI-L1_F008.PNG,FP,0.10213313336783791,0.0,,no_gt_match_or_lower_confidence_on_same_gt,NMS3,5,5,373.0,782.0,13.0,90.0
nms,NMS,5381_0723559946_01_WRI-L1_F008.PNG,FP,0.041269628260708194,0.0,,no_gt_match_or_lower_confidence_on_same_gt,NMS4,4,4,168.0,358.0,34.0,90.0
nms,NMS,5381_0723559946_01_WRI-L1_F008.PNG,FP,0.003317309944240498,0.0,,no_gt_match_or_lower_confidence_on_same_gt,NMS5,3,3,263.0,831.0,107.0,90.0
nms,NMS,5382_1158198931_01_WRI-R1_M012.png,FP,0.6474832683287683,0.0,,no_gt_match_or_lower_confidence_on_same_gt,NMS1,5,5,157.0,310.0,144.0,100.0
nms,NMS,5382_1158198931_01_WRI-R1_M012.png,FP,0.5629465698236632,0.13835492112891373,0,no_gt_match_or_lower_confidence_on_same_gt,NMS2,2,2,240.0,517.0,181.0,126.0
nms,NMS,5382_1158198931_01_WRI-R1_M012.png,FP,0.4202704739561183,0.11926861442458943,0,no_gt_match_or_lower_confidence_on_same_gt,NMS3,4,4,194.0,535.0,117.0,90.0
nms,NMS,5382_1158198931_01_WRI-R1_M012.png,FP,0.059907688838253675,0.0,,no_gt_match_or_lower_confidence_on_same_gt,NMS4,12,12,158.0,300.0,91.0,90.0
nms,NMS,5382_1158198931_01_WRI-R1_M012.png,FP,0.051033255159965596,0.0,,no_gt_match_or_lower_confidence_on_same_gt,NMS5,8,8,360.0,595.0,122.0,90.0
nms,NMS,5382_1158198931_01_WRI-R1_M012.png,TP,0.035583044913261266,0.5594871515219939,0,matched_gt_highest_confidence,NMS6,9,9,204.0,605.0,91.0,90.0
nms,NMS,5382_1158198931_01_WRI-R1_M012.png,FP,0.033966844040082225,0.0,,no_gt_match_or_lower_confidence_on_same_gt,NMS7,10,10,451.0,427.0,27.0,90.0
nms,NMS,5382_1158198931_01_WRI-R1_M012.png,FP,0.02460799017382759,0.0,,no_gt_match_or_lower_confidence_on_same_gt,NMS8,13,13,192.0,752.0,91.0,90.0
nms,NMS,5382_1158198931_01_WRI-R1_M012.png,FP,0.019097783147720662,0.0,,no_gt_match_or_lower_confidence_on_same_gt,NMS9,11,11,353.0,277.0,91.0,90.0
nms,NMS,5382_1158198931_01_WRI-R1_M012.png,FP,0.010400905574461949,0.0,,no_gt_match_or_lower_confidence_on_same_gt,NMS10,1,1,180.0,437.0,181.0,126.0
nms,NMS,5382_1158198931_01_WRI-R1_M012.png,FP,0.00868216885939699,0.0,,no_gt_match_or_lower_confidence_on_same_gt,NMS11,6,6,240.0,307.0,181.0,126.0
nms,NMS,5382_1158198931_01_WRI-R1_M012.png,FP,0.007892797181608808,0.0,,no_gt_match_or_lower_confidence_on_same_gt,NMS12,7,7,390.0,745.0,98.0,90.0
nms,NMS,5382_1158198931_01_WRI-R1_M012.png,FP,0.0004571817587910242,0.0,,no_gt_match_or_lower_confidence_on_same_gt,NMS13,3,3,290.0,437.0,181.0,126.0
nms,NMS,5456_0603427972_01_WRI-L1_M011.png,TP,0.9039845451349431,0.5571748739610171,0,matched_gt_highest_confidence,NMS1,3,3,360.0,602.0,138.0,96.0
nms,NMS,5456_0603427972_01_WRI-L1_M011.png,FP,0.8826025344095545,0.0,,no_gt_match_or_lower_confidence_on_same_gt,NMS2,4,4,370.0,375.0,115.0,90.0
nms,NMS,5456_0603427972_01_WRI-L1_M011.png,FP,0.6067878673095349,0.0,,no_gt_match_or_lower_confidence_on_same_gt,NMS3,6,6,255.0,765.0,106.0,90.0
nms,NMS,5456_0603427972_01_WRI-L1_M011.png,FP,0.38087392435684203,0.04107215231986498,0,no_gt_match_or_lower_confidence_on_same_gt,NMS4,5,5,237.0,625.0,124.0,90.0
nms,NMS,5456_0603427972_01_WRI-L1_M011.png,FP,0.17152115595862796,0.0,,no_gt_match_or_lower_confidence_on_same_gt,NMS5,16,16,408.0,691.0,91.0,90.0
nms,NMS,5456_0603427972_01_WRI-L1_M011.png,FP,0.1577857592836011,0.0,,no_gt_match_or_lower_confidence_on_same_gt,NMS6,9,"9,15",390.0,835.0,123.0,90.0
nms,NMS,5456_0603427972_01_WRI-L1_M011.png,FP,0.13654475462021212,0.0,,no_gt_match_or_lower_confidence_on_same_gt,NMS7,10,10,228.0,522.0,13.0,90.0
nms,NMS,5456_0603427972_01_WRI-L1_M011.png,FP,0.05721120004692901,0.0,,no_gt_match_or_lower_confidence_on_same_gt,NMS8,12,12,217.0,323.0,16.0,90.0
nms,NMS,5456_0603427972_01_WRI-L1_M011.png,FP,0.056381892953421844,0.0,,no_gt_match_or_lower_confidence_on_same_gt,NMS9,8,8,230.0,425.0,101.0,90.0
nms,NMS,5456_0603427972_01_WRI-L1_M011.png,FP,0.04369179215225035,0.0,,no_gt_match_or_lower_confidence_on_same_gt,NMS10,14,14,437.0,325.0,91.0,90.0
nms,NMS,5456_0603427972_01_WRI-L1_M011.png,FP,0.03881598730430452,0.0,,no_gt_match_or_lower_confidence_on_same_gt,NMS11,11,11,366.0,419.0,91.0,90.0
nms,NMS,5456_0603427972_01_WRI-L1_M011.png,FP,0.025603970852163798,0.1940331457686991,0,no_gt_match_or_lower_confidence_on_same_gt,NMS12,1,1,270.0,527.0,181.0,126.0
nms,NMS,5456_0603427972_01_WRI-L1_M011.png,FP,0.02038406675970377,0.08938382528538039,0,no_gt_match_or_lower_confidence_on_same_gt,NMS13,13,13,418.0,531.0,91.0,90.0
nms,NMS,5456_0603427972_01_WRI-L1_M011.png,FP,0.010737823465743842,0.0,,no_gt_match_or_lower_confidence_on_same_gt,NMS14,17,17,442.0,940.0,91.0,90.0
nms,NMS,5456_0603427972_01_WRI-L1_M011.png,FP,0.004396263604774062,0.0,,no_gt_match_or_lower_confidence_on_same_gt,NMS15,7,7,340.0,722.0,166.0,116.0
nms,NMS,5456_0603427972_01_WRI-L1_M011.png,FP,0.0007340788988910171,0.0,,no_gt_match_or_lower_confidence_on_same_gt,NMS16,2,2,350.0,477.0,151.0,106.0
nms,NMS,5456_0603428013_02_WRI-L2_M011.PNG,TP,0.9205528455922091,0.5442645718738973,0,matched_gt_highest_confidence,NMS1,3,3,175.0,605.0,107.0,90.0
nms,NMS,5456_0603428013_02_WRI-L2_M011.PNG,FP,0.16867197464539113,0.0,,no_gt_match_or_lower_confidence_on_same_gt,NMS2,4,4,187.0,725.0,72.0,90.0
nms,NMS,5456_0603428013_02_WRI-L2_M011.PNG,FP,0.12966990571563794,0.0,,no_gt_match_or_lower_confidence_on_same_gt,NMS3,2,2,192.0,371.0,139.0,98.0
nms,NMS,5456_0603428013_02_WRI-L2_M011.PNG,FP,0.07721375434356077,0.0,,no_gt_match_or_lower_confidence_on_same_gt,NMS4,8,8,303.0,921.0,7.0,90.0
nms,NMS,5456_0603428013_02_WRI-L2_M011.PNG,FP,0.0753712506012374,0.0,,no_gt_match_or_lower_confidence_on_same_gt,NMS5,10,10,333.0,340.0,91.0,90.0
nms,NMS,5456_0603428013_02_WRI-L2_M011.PNG,FP,0.0267210591652795,0.0,,no_gt_match_or_lower_confidence_on_same_gt,NMS6,5,5,188.0,925.0,67.0,90.0
nms,NMS,5456_0603428013_02_WRI-L2_M011.PNG,FP,0.01694851470967501,0.0,,no_gt_match_or_lower_confidence_on_same_gt,NMS7,1,"1,7",171.0,505.0,120.0,90.0
nms,NMS,5456_0603428013_02_WRI-L2_M011.PNG,FP,0.016845711761706367,0.0,,no_gt_match_or_lower_confidence_on_same_gt,NMS8,6,6,210.0,398.0,92.0,90.0
nms,NMS,5456_0603428013_02_WRI-L2_M011.PNG,FP,0.00042806503894182274,0.089381084629251,0,no_gt_match_or_lower_confidence_on_same_gt,NMS9,9,9,208.0,527.0,91.0,90.0
nms,NMS,5466_1178121802_02_WRI-L2_M013.png,FP,0.8795027174898864,0.0,,no_gt_match_or_lower_confidence_on_same_gt,NMS1,5,5,212.0,265.0,119.0,90.0
nms,NMS,5466_1178121802_02_WRI-L2_M013.png,TP,0.8381430952101652,0.5290342366225296,0,matched_gt_highest_confidence,NMS2,12,12,212.0,620.0,91.0,90.0
nms,NMS,5466_1178121802_02_WRI-L2_M013.png,FP,0.6799626641738515,0.04071599454263,0,no_gt_match_or_lower_confidence_on_same_gt,NMS3,3,3,200.0,521.0,141.0,98.0
nms,NMS,5466_1178121802_02_WRI-L2_M013.png,FP,0.4143817720993749,0.27187570505536346,0,no_gt_match_or_lower_confidence_on_same_gt,NMS4,2,2,196.0,655.0,103.0,90.0
nms,NMS,5466_1178121802_02_WRI-L2_M013.png,FP,0.08079596727984367,0.0,,no_gt_match_or_lower_confidence_on_same_gt,NMS5,8,8,180.0,430.0,3.0,90.0
nms,NMS,5466_1178121802_02_WRI-L2_M013.png,FP,0.07185727131910526,0.0,,no_gt_match_or_lower_confidence_on_same_gt,NMS6,9,9,417.0,325.0,7.0,90.0
nms,NMS,5466_1178121802_02_WRI-L2_M013.png,FP,0.06064611541366702,0.0,,no_gt_match_or_lower_confidence_on_same_gt,NMS7,7,7,235.0,335.0,14.0,90.0
nms,NMS,5466_1178121802_02_WRI-L2_M013.png,FP,0.05511878554594535,0.0,,no_gt_match_or_lower_confidence_on_same_gt,NMS8,4,4,250.0,254.0,159.0,112.0
nms,NMS,5466_1178121802_02_WRI-L2_M013.png,FP,0.05110179834588435,0.07239651837139437,0,no_gt_match_or_lower_confidence_on_same_gt,NMS9,11,11,192.0,537.0,91.0,90.0
nms,NMS,5466_1178121802_02_WRI-L2_M013.png,FP,0.0073461406498558455,0.0,,no_gt_match_or_lower_confidence_on_same_gt,NMS10,1,1,212.0,428.0,148.0,104.0
nms,NMS,5466_1178121802_02_WRI-L2_M013.png,FP,0.007159687735561493,0.0,,no_gt_match_or_lower_confidence_on_same_gt,NMS11,10,10,278.0,448.0,91.0,90.0
nms,NMS,5466_1178121802_02_WRI-L2_M013.png,FP,0.006597845020666187,0.0,,no_gt_match_or_lower_confidence_on_same_gt,NMS12,6,6,174.0,425.0,97.0,90.0
nms,NMS,5474_0834280982_01_WRI-L2_M003.PNG,TP,0.9671246367218768,0.5269799038221771,0,matched_gt_highest_confidence,NMS1,15,15,174.0,584.0,91.0,90.0
nms,NMS,5474_0834280982_01_WRI-L2_M003.PNG,FP,0.7528857539899481,0.07135441041857682,0,no_gt_match_or_lower_confidence_on_same_gt,NMS2,3,3,134.0,545.0,122.0,90.0
nms,NMS,5474_0834280982_01_WRI-L2_M003.PNG,FP,0.5628831836623239,0.0,,no_gt_match_or_lower_confidence_on_same_gt,NMS3,9,9,114.0,425.0,97.0,90.0
nms,NMS,5474_0834280982_01_WRI-L2_M003.PNG,FP,0.5531193841185769,0.0,,no_gt_match_or_lower_confidence_on_same_gt,NMS4,6,6,60.0,535.0,59.0,90.0
nms,NMS,5474_0834280982_01_WRI-L2_M003.PNG,FP,0.12403923774030975,0.17010440972493635,0,no_gt_match_or_lower_confidence_on_same_gt,NMS5,1,1,71.0,614.0,160.0,112.0
nms,NMS,5474_0834280982_01_WRI-L2_M003.PNG,FP,0.09548089988056305,0.0,,no_gt_match_or_lower_confidence_on_same_gt,NMS6,2,2,61.0,717.0,150.0,106.0
nms,NMS,5474_0834280982_01_WRI-L2_M003.PNG,FP,0.09392318483172332,0.0,,no_gt_match_or_lower_confidence_on_same_gt,NMS7,5,5,99.0,305.0,122.0,90.0
nms,NMS,5474_0834280982_01_WRI-L2_M003.PNG,FP,0.08134021806306395,0.0,,no_gt_match_or_lower_confidence_on_same_gt,NMS8,11,11,91.0,469.0,9.0,90.0
nms,NMS,5474_0834280982_01_WRI-L2_M003.PNG,FP,0.055428554604668695,0.0,,no_gt_match_or_lower_confidence_on_same_gt,NMS9,10,10,269.0,715.0,12.0,90.0
nms,NMS,5474_0834280982_01_WRI-L2_M003.PNG,FP,0.046170563302831036,0.0,,no_gt_match_or_lower_confidence_on_same_gt,NMS10,14,14,241.0,395.0,91.0,90.0
nms,NMS,5474_0834280982_01_WRI-L2_M003.PNG,FP,0.04480933736834757,0.0,,no_gt_match_or_lower_confidence_on_same_gt,NMS11,7,7,33.0,315.0,30.0,90.0
nms,NMS,5474_0834280982_01_WRI-L2_M003.PNG,FP,0.004621589358857788,0.0,,no_gt_match_or_lower_confidence_on_same_gt,NMS12,4,4,130.0,784.0,130.0,92.0
nms,NMS,5474_0834280982_01_WRI-L2_M003.PNG,FP,0.004519549380933602,0.0,,no_gt_match_or_lower_confidence_on_same_gt,NMS13,16,16,171.0,818.0,91.0,90.0
nms,NMS,5474_0834280982_01_WRI-L2_M003.PNG,FP,0.003094986209025366,0.0,,no_gt_match_or_lower_confidence_on_same_gt,NMS14,8,8,283.0,715.0,48.0,90.0
nms,NMS,5474_0834280982_01_WRI-L2_M003.PNG,FP,0.0018333260132652382,0.0,,no_gt_match_or_lower_confidence_on_same_gt,NMS15,12,12,45.0,361.0,44.0,90.0
nms,NMS,5474_0834280982_01_WRI-L2_M003.PNG,FP,0.0011398227612221356,0.0,,no_gt_match_or_lower_confidence_on_same_gt,NMS16,13,13,176.0,477.0,91.0,90.0
nms,NMS,5474_0836354168_04_WRI-L2_M003.png,FP,0.6463697006427582,0.34813892623529474,0,no_gt_match_or_lower_confidence_on_same_gt,NMS1,1,"1,6",169.0,385.0,94.0,90.0
nms,NMS,5474_0836354168_04_WRI-L2_M003.png,FP,0.1175034227883948,0.0,,no_gt_match_or_lower_confidence_on_same_gt,NMS2,3,3,143.0,615.0,114.0,90.0
nms,NMS,5474_0836354168_04_WRI-L2_M003.png,FP,0.09329213912696631,1.573908109111187e-07,0,no_gt_match_or_lower_confidence_on_same_gt,NMS3,2,2,154.0,515.0,109.0,90.0
nms,NMS,5474_0836354168_04_WRI-L2_M003.png,FP,0.04968086527728513,0.0,,no_gt_match_or_lower_confidence_on_same_gt,NMS4,4,4,143.0,281.0,7.0,90.0
nms,NMS,5474_0836354168_04_WRI-L2_M003.png,FP,0.001976096444854044,0.0,,no_gt_match_or_lower_confidence_on_same_gt,NMS5,5,5,180.0,296.0,87.0,90.0
nms,NMS,5474_0881416362_05_WRI-R2_M005.PNG,IGNORE,0.9846473076251397,0.47935525596032463,0,overlap_ge_ignore_iou_with_found_gt,NMS1,3,3,208.0,385.0,80.0,90.0
nms,NMS,5474_0881416362_05_WRI-R2_M005.PNG,TP,0.8546104094230363,0.5948309952155064,0,matched_gt_highest_confidence,NMS2,7,7,213.0,410.0,58.0,90.0
nms,NMS,5474_0881416362_05_WRI-R2_M005.PNG,FP,0.44274934861710763,0.0,,no_gt_match_or_lower_confidence_on_same_gt,NMS3,5,5,462.0,679.0,30.0,90.0
nms,NMS,5474_0881416362_05_WRI-R2_M005.PNG,FP,0.24613983776084128,0.0,,no_gt_match_or_lower_confidence_on_same_gt,NMS4,1,1,455.0,693.0,38.0,114.0
nms,NMS,5474_0881416362_05_WRI-R2_M005.PNG,FP,0.11469762575637314,0.0,,no_gt_match_or_lower_confidence_on_same_gt,NMS5,6,6,205.0,295.0,70.0,90.0
nms,NMS,5474_0881416362_05_WRI-R2_M005.PNG,FP,0.04839788128225845,0.0,,no_gt_match_or_lower_confidence_on_same_gt,NMS6,4,4,206.0,645.0,77.0,90.0
nms,NMS,5474_0881416362_05_WRI-R2_M005.PNG,FP,0.00637255165810568,0.027633401152959973,0,no_gt_match_or_lower_confidence_on_same_gt,NMS7,2,2,210.0,487.0,65.0,166.0
nms,NMS,5476_0960726583_01_WRI-R1_M009.png,TP,0.7745474840475168,0.5179714031361939,0,matched_gt_highest_confidence,NMS1,12,12,203.0,527.0,91.0,90.0
nms,NMS,5476_0960726583_01_WRI-R1_M009.png,FP,0.40751008673448313,0.0,,no_gt_match_or_lower_confidence_on_same_gt,NMS2,4,4,339.0,455.0,97.0,90.0
nms,NMS,5476_0960726583_01_WRI-R1_M009.png,FP,0.12082620477787602,0.0,,no_gt_match_or_lower_confidence_on_same_gt,NMS3,3,"3,6",158.0,281.0,139.0,98.0
nms,NMS,5476_0960726583_01_WRI-R1_M009.png,FP,0.06354832495841602,0.0,,no_gt_match_or_lower_confidence_on_same_gt,NMS4,10,10,150.0,352.0,91.0,90.0
nms,NMS,5476_0960726583_01_WRI-R1_M009.png,FP,0.05324835122534051,0.0,,no_gt_match_or_lower_confidence_on_same_gt,NMS5,9,9,343.0,268.0,42.0,90.0
nms,NMS,5476_0960726583_01_WRI-R1_M009.png,FP,0.035682854429907124,0.0,,no_gt_match_or_lower_confidence_on_same_gt,NMS6,5,"5,8",376.0,675.0,62.0,90.0
nms,NMS,5476_0960726583_01_WRI-R1_M009.png,FP,0.03442179717234925,0.0,,no_gt_match_or_lower_confidence_on_same_gt,NMS7,13,13,135.0,226.0,20.0,90.0
nms,NMS,5476_0960726583_01_WRI-R1_M009.png,FP,0.00827545656834888,0.0,,no_gt_match_or_lower_confidence_on_same_gt,NMS8,1,"1,2",218.0,405.0,98.0,90.0
nms,NMS,5476_0960726583_01_WRI-R1_M009.png,FP,0.007618687289641776,0.0,,no_gt_match_or_lower_confidence_on_same_gt,NMS9,7,"7,11",334.0,427.0,91.0,90.0
nms,NMS,5489_0628153015_04_WRI-R2_M006.png,TP,0.9810694243101795,0.5476673055019426,0,matched_gt_highest_confidence,NMS1,6,6,178.0,447.0,70.0,90.0
nms,NMS,5489_0628153015_04_WRI-R2_M006.png,FP,0.1875898934064597,0.19745819082670832,0,no_gt_match_or_lower_confidence_on_same_gt,NMS2,1,1,185.0,375.0,109.0,90.0
nms,NMS,5489_0628153015_04_WRI-R2_M006.png,FP,0.07746441695663983,0.0,,no_gt_match_or_lower_confidence_on_same_gt,NMS3,5,5,211.0,218.0,91.0,90.0
nms,NMS,5489_0628153015_04_WRI-R2_M006.png,FP,0.07005628953447066,0.0,,no_gt_match_or_lower_confidence_on_same_gt,NMS4,2,2,173.0,545.0,65.0,90.0
nms,NMS,5489_0628153015_04_WRI-R2_M006.png,FP,0.022097489780690312,0.027786320267874465,0,no_gt_match_or_lower_confidence_on_same_gt,NMS5,4,4,206.0,346.0,91.0,90.0
nms,NMS,5489_0628153015_04_WRI-R2_M006.png,FP,0.00795649535404001,0.0,,no_gt_match_or_lower_confidence_on_same_gt,NMS6,3,3,201.0,252.0,91.0,90.0
nms,NMS,5533_1116362310_04_WRI-R2_F010.png,TP,0.6775991448535402,0.5478707734491868,0,matched_gt_highest_confidence,NMS1,13,13,339.0,468.0,91.0,90.0
nms,NMS,5533_1116362310_04_WRI-R2_F010.png,FP,0.45974359536160075,0.0,,no_gt_match_or_lower_confidence_on_same_gt,NMS2,2,2,224.0,721.0,141.0,98.0
nms,NMS,5533_1116362310_04_WRI-R2_F010.png,FP,0.3890530499646797,0.0,,no_gt_match_or_lower_confidence_on_same_gt,NMS3,5,5,325.0,565.0,74.0,90.0
nms,NMS,5533_1116362310_04_WRI-R2_F010.png,IGNORE,0.3616534494015977,0.48238294469895326,0,overlap_ge_ignore_iou_with_found_gt,NMS4,15,15,314.0,455.0,91.0,90.0
nms,NMS,5533_1116362310_04_WRI-R2_F010.png,FP,0.32279373724649246,0.0,,no_gt_match_or_lower_confidence_on_same_gt,NMS5,9,9,497.0,369.0,63.0,90.0
nms,NMS,5533_1116362310_04_WRI-R2_F010.png,FP,0.07372488007351231,0.0,,no_gt_match_or_lower_confidence_on_same_gt,NMS6,7,7,493.0,267.0,7.0,90.0
nms,NMS,5533_1116362310_04_WRI-R2_F010.png,FP,0.07053895887621368,0.0,,no_gt_match_or_lower_confidence_on_same_gt,NMS7,3,3,497.0,305.0,53.0,90.0
nms,NMS,5533_1116362310_04_WRI-R2_F010.png,FP,0.06701287872331861,0.0,,no_gt_match_or_lower_confidence_on_same_gt,NMS8,12,12,186.0,770.0,91.0,90.0
nms,NMS,5533_1116362310_04_WRI-R2_F010.png,FP,0.0439514514935599,0.0,,no_gt_match_or_lower_confidence_on_same_gt,NMS9,8,8,394.0,715.0,23.0,90.0
nms,NMS,5533_1116362310_04_WRI-R2_F010.png,FP,0.027517137141085092,0.0,,no_gt_match_or_lower_confidence_on_same_gt,NMS10,6,6,315.0,775.0,69.0,90.0
nms,NMS,5533_1116362310_04_WRI-R2_F010.png,FP,0.023202091222003497,0.0,,no_gt_match_or_lower_confidence_on_same_gt,NMS11,4,"4,16",322.0,685.0,68.0,90.0
nms,NMS,5533_1116362310_04_WRI-R2_F010.png,FP,0.020477021641386758,0.0,,no_gt_match_or_lower_confidence_on_same_gt,NMS12,1,"1,10",317.0,344.0,130.0,92.0
nms,NMS,5533_1116362310_04_WRI-R2_F010.png,FP,0.006890661885547342,0.0,,no_gt_match_or_lower_confidence_on_same_gt,NMS13,14,14,516.0,741.0,47.0,90.0
nms,NMS,5533_1116362310_04_WRI-R2_F010.png,FP,0.00020679710031308975,0.0,,no_gt_match_or_lower_confidence_on_same_gt,NMS14,11,11,196.0,669.0,64.0,90.0
nms,NMS,5534_1110536297_02_WRI-L2_M012.PNG,TP,0.5287037809332426,0.5557261314690507,0,matched_gt_highest_confidence,NMS1,8,8,211.0,421.0,91.0,90.0
nms,NMS,5534_1110536297_02_WRI-L2_M012.PNG,FP,0.489465906168898,0.029695144875321367,0,no_gt_match_or_lower_confidence_on_same_gt,NMS2,2,2,194.0,504.0,86.0,90.0
nms,NMS,5534_1110536297_02_WRI-L2_M012.PNG,FP,0.48850554087467163,0.0,,no_gt_match_or_lower_confidence_on_same_gt,NMS3,3,3,221.0,252.0,163.0,114.0
nms,NMS,5534_1110536297_02_WRI-L2_M012.PNG,FP,0.20253180427164752,0.0,,no_gt_match_or_lower_confidence_on_same_gt,NMS4,7,7,219.0,233.0,91.0,90.0
nms,NMS,5534_1110536297_02_WRI-L2_M012.PNG,FP,0.17073343490613402,0.0,,no_gt_match_or_lower_confidence_on_same_gt,NMS5,4,4,194.0,644.0,71.0,90.0
nms,NMS,5534_1110536297_02_WRI-L2_M012.PNG,FP,0.09539860358567881,2.243634027472079e-06,0,no_gt_match_or_lower_confidence_on_same_gt,NMS6,1,"1,5",189.0,340.0,139.0,98.0
nms,NMS,5534_1110536297_02_WRI-L2_M012.PNG,FP,0.08236134840177234,0.0,,no_gt_match_or_lower_confidence_on_same_gt,NMS7,6,6,230.0,307.0,91.0,90.0
nms,NMS,5534_1110536297_02_WRI-L2_M012.PNG,FP,0.0058994926708339805,0.0,,no_gt_match_or_lower_confidence_on_same_gt,NMS8,9,9,296.0,224.0,91.0,90.0
nms,NMS,5537_0386455412_01_WRI-R2_F006.PNG,TP,0.9826358956559714,0.5060828434247169,0,matched_gt_highest_confidence,NMS1,5,5,221.0,409.0,66.0,90.0
nms,NMS,5537_0386455412_01_WRI-R2_F006.PNG,FP,0.9749659197620951,0.5317690026150923,0,no_gt_match_or_lower_confidence_on_same_gt,NMS2,2,2,212.0,385.0,87.0,90.0
nms,NMS,5537_0386455412_01_WRI-R2_F006.PNG,FP,0.035731394140009365,0.0,,no_gt_match_or_lower_confidence_on_same_gt,NMS3,4,4,241.0,255.0,28.0,90.0
nms,NMS,5537_0386455412_01_WRI-R2_F006.PNG,FP,0.011244377068180397,0.0,,no_gt_match_or_lower_confidence_on_same_gt,NMS4,3,3,236.0,525.0,61.0,90.0
nms,NMS,5537_0386455412_01_WRI-R2_F006.PNG,FP,0.0027611476299121886,0.0,,no_gt_match_or_lower_confidence_on_same_gt,NMS5,1,1,212.0,295.0,76.0,90.0
nms,NMS,5552_0231280543_01_WRI-R2_M005.PNG,TP,0.8205811741988677,0.6165663050181195,0,matched_gt_highest_confidence,NMS1,4,4,101.0,372.0,91.0,90.0
nms,NMS,5552_0231280543_01_WRI-R2_M005.PNG,FP,0.37050853523479943,0.1671950833248935,0,no_gt_match_or_lower_confidence_on_same_gt,NMS2,1,1,110.0,423.0,135.0,94.0
nms,NMS,5552_0231280543_01_WRI-R2_M005.PNG,FP,0.2659146293851285,0.0,,no_gt_match_or_lower_confidence_on_same_gt,NMS3,2,2,117.0,265.0,108.0,90.0
nms,NMS,5552_0231280543_01_WRI-R2_M005.PNG,FP,0.017014388015649477,0.0,,no_gt_match_or_lower_confidence_on_same_gt,NMS4,3,3,132.0,169.0,91.0,90.0
nms,NMS,5552_0231280543_01_WRI-R2_M005.PNG,FP,0.0013353177887884757,0.0,,no_gt_match_or_lower_confidence_on_same_gt,NMS5,5,5,170.0,169.0,91.0,90.0
nms,NMS,5613_0925004359_01_WRI-R2_F012.PNG,TP,0.9900685866167502,0.5801447714096902,0,matched_gt_highest_confidence,NMS1,1,"1,11",144.0,475.0,116.0,90.0
nms,NMS,5613_0925004359_01_WRI-R2_F012.PNG,FP,0.3178113977052525,0.0,,no_gt_match_or_lower_confidence_on_same_gt,NMS2,10,10,172.0,231.0,78.0,90.0
nms,NMS,5613_0925004359_01_WRI-R2_F012.PNG,FP,0.14446823452714516,0.0,,no_gt_match_or_lower_confidence_on_same_gt,NMS3,3,3,156.0,645.0,75.0,90.0
nms,NMS,5613_0925004359_01_WRI-R2_F012.PNG,FP,0.09306807750718303,0.0,,no_gt_match_or_lower_confidence_on_same_gt,NMS4,9,9,133.0,385.0,91.0,90.0
nms,NMS,5613_0925004359_01_WRI-R2_F012.PNG,FP,0.06124901014431042,0.0,,no_gt_match_or_lower_confidence_on_same_gt,NMS5,7,"7,2",197.0,358.0,35.0,90.0
nms,NMS,5613_0925004359_01_WRI-R2_F012.PNG,FP,0.0601530784293157,0.0,,no_gt_match_or_lower_confidence_on_same_gt,NMS6,6,6,265.0,695.0,1.0,90.0
nms,NMS,5613_0925004359_01_WRI-R2_F012.PNG,FP,0.05405620480839573,0.0,,no_gt_match_or_lower_confidence_on_same_gt,NMS7,8,8,116.0,251.0,17.0,90.0
nms,NMS,5613_0925004359_01_WRI-R2_F012.PNG,FP,0.023029572503107776,0.0,,no_gt_match_or_lower_confidence_on_same_gt,NMS8,5,5,78.0,245.0,59.0,90.0
nms,NMS,5613_0925004359_01_WRI-R2_F012.PNG,FP,0.005830073199275625,0.0,,no_gt_match_or_lower_confidence_on_same_gt,NMS9,4,4,177.0,285.0,77.0,90.0
nms,NMS,5614_0382067224_01_WRI-L2_F010.png,TP,0.6641984211057497,0.5697031325813505,0,matched_gt_highest_confidence,NMS1,3,3,294.0,489.0,126.0,90.0
nms,NMS,5614_0382067224_01_WRI-L2_F010.png,FP,0.590295572296236,0.0927529409249152,0,no_gt_match_or_lower_confidence_on_same_gt,NMS2,5,5,286.0,609.0,124.0,90.0
nms,NMS,5614_0382067224_01_WRI-L2_F010.png,FP,0.22025972917274686,0.0,,no_gt_match_or_lower_confidence_on_same_gt,NMS3,1,1,326.0,359.0,94.0,90.0
nms,NMS,5614_0382067224_01_WRI-L2_F010.png,FP,0.16354165132158485,0.0,,no_gt_match_or_lower_confidence_on_same_gt,NMS4,8,8,329.0,318.0,91.0,90.0
nms,NMS,5614_0382067224_01_WRI-L2_F010.png,TP,0.14931309219042152,0.5141642329792232,1,matched_gt_highest_confidence,NMS5,10,10,346.0,515.0,91.0,90.0
nms,NMS,5614_0382067224_01_WRI-L2_F010.png,FP,0.14745706324952645,0.0,,no_gt_match_or_lower_confidence_on_same_gt,NMS6,7,7,385.0,287.0,91.0,90.0
nms,NMS,5614_0382067224_01_WRI-L2_F010.png,FP,0.06116329533222558,0.0,,no_gt_match_or_lower_confidence_on_same_gt,NMS7,4,4,268.0,728.0,132.0,92.0
nms,NMS,5614_0382067224_01_WRI-L2_F010.png,FP,0.01853303017402682,0.0,,no_gt_match_or_lower_confidence_on_same_gt,NMS8,2,2,269.0,829.0,121.0,90.0
nms,NMS,5614_0382067224_01_WRI-L2_F010.png,FP,0.00333669301956669,0.0,,no_gt_match_or_lower_confidence_on_same_gt,NMS9,6,"6,9",313.0,402.0,91.0,90.0
nms,NMS,5626_0900518003_02_WRI-R2_F006.PNG,TP,0.896245394420578,0.6090739922528571,0,matched_gt_highest_confidence,NMS1,1,1,189.0,375.0,108.0,90.0
nms,NMS,5626_0900518003_02_WRI-R2_F006.PNG,FP,0.14267207383144845,0.07174507884107538,0,no_gt_match_or_lower_confidence_on_same_gt,NMS2,2,2,186.0,324.0,89.0,90.0
nms,NMS,5626_0900518003_02_WRI-R2_F006.PNG,FP,0.09866229950002549,0.0,,no_gt_match_or_lower_confidence_on_same_gt,NMS3,3,3,147.0,182.0,91.0,90.0
nms,NMS,5626_0900518003_02_WRI-R2_F006.PNG,FP,0.07320184315525673,0.0,,no_gt_match_or_lower_confidence_on_same_gt,NMS4,4,4,197.0,205.0,91.0,90.0
nms,NMS,5642_0300991869_04_WRI-R1_M010.PNG,TP,0.7934292205295376,0.6937765730744382,0,matched_gt_highest_confidence,NMS1,1,1,157.0,503.0,166.0,116.0
nms,NMS,5642_0300991869_04_WRI-R1_M010.PNG,FP,0.1269942851110313,0.0,,no_gt_match_or_lower_confidence_on_same_gt,NMS2,2,2,354.0,526.0,54.0,90.0
nms,NMS,5642_0300991869_04_WRI-R1_M010.PNG,FP,0.010437520029330235,0.0,,no_gt_match_or_lower_confidence_on_same_gt,NMS3,5,5,347.0,479.0,67.0,90.0
nms,NMS,5642_0300991869_04_WRI-R1_M010.PNG,FP,0.005869512035328073,0.19728162124362908,0,no_gt_match_or_lower_confidence_on_same_gt,NMS4,4,4,185.0,481.0,91.0,90.0
nms,NMS,5642_0300991869_04_WRI-R1_M010.PNG,FP,0.0009585266914334564,0.07210358821334502,0,no_gt_match_or_lower_confidence_on_same_gt,NMS5,3,3,222.0,452.0,91.0,90.0
nms,NMS,5643_0898771639_01_WRI-R1_M016.PNG,FP,0.6803865718506612,0.0,,no_gt_match_or_lower_confidence_on_same_gt,NMS1,2,2,262.0,464.0,132.0,92.0
nms,NMS,5643_0898771639_01_WRI-R1_M016.PNG,TP,0.30338671939576145,0.5772218321627092,0,matched_gt_highest_confidence,NMS2,3,3,277.0,632.0,136.0,96.0
nms,NMS,5643_0898771639_01_WRI-R1_M016.PNG,FP,0.2186181468434018,0.0,,no_gt_match_or_lower_confidence_on_same_gt,NMS3,4,4,306.0,755.0,98.0,90.0
nms,NMS,5643_0898771639_01_WRI-R1_M016.PNG,FP,0.16552518065734215,0.2831185137487153,0,no_gt_match_or_lower_confidence_on_same_gt,NMS4,8,8,353.0,579.0,91.0,90.0
nms,NMS,5643_0898771639_01_WRI-R1_M016.PNG,FP,0.1374977835217077,0.0,,no_gt_match_or_lower_confidence_on_same_gt,NMS5,5,5,308.0,875.0,94.0,90.0
nms,NMS,5643_0898771639_01_WRI-R1_M016.PNG,FP,0.07029844164521765,0.0,,no_gt_match_or_lower_confidence_on_same_gt,NMS6,6,6,266.0,361.0,7.0,90.0
nms,NMS,5643_0898771639_01_WRI-R1_M016.PNG,FP,0.06781717164693965,0.0,,no_gt_match_or_lower_confidence_on_same_gt,NMS7,10,10,382.0,311.0,91.0,90.0
nms,NMS,5643_0898771639_01_WRI-R1_M016.PNG,FP,0.034570703584833044,0.0,,no_gt_match_or_lower_confidence_on_same_gt,NMS8,9,9,305.0,439.0,91.0,90.0
nms,NMS,5643_0898771639_01_WRI-R1_M016.PNG,FP,0.01749472705131977,0.0,,no_gt_match_or_lower_confidence_on_same_gt,NMS9,1,1,231.0,310.0,172.0,120.0
nms,NMS,5643_0898771639_01_WRI-R1_M016.PNG,FP,0.010979028766501064,0.02836128464235703,0,no_gt_match_or_lower_confidence_on_same_gt,NMS10,7,7,288.0,516.0,91.0,90.0
nms,NMS,5655_0803422185_01_WRI-R2_F010.png,TP,0.5292351546038027,0.6324057611623872,0,matched_gt_highest_confidence,NMS1,1,1,291.0,325.0,83.0,90.0
nms,NMS,5655_0803422185_01_WRI-R2_F010.png,FP,0.05021654231172699,0.18537897417171292,0,no_gt_match_or_lower_confidence_on_same_gt,NMS2,5,5,310.0,364.0,85.0,90.0
nms,NMS,5655_0803422185_01_WRI-R2_F010.png,FP,0.024192638266507284,0.0,,no_gt_match_or_lower_confidence_on_same_gt,NMS3,3,3,324.0,445.0,78.0,90.0
nms,NMS,5655_0803422185_01_WRI-R2_F010.png,FP,0.013902607065418706,0.0,,no_gt_match_or_lower_confidence_on_same_gt,NMS4,4,4,349.0,635.0,78.0,90.0
nms,NMS,5655_0803422185_01_WRI-R2_F010.png,FP,0.007244991966055685,0.0,,no_gt_match_or_lower_confidence_on_same_gt,NMS5,2,2,367.0,795.0,85.0,90.0
nms,NMS,5664_1006579341_01_WRI-L2_F006.png,FP,0.8153359415646302,0.16540026757209644,0,no_gt_match_or_lower_confidence_on_same_gt,NMS1,1,1,122.0,375.0,94.0,90.0
nms,NMS,5664_1006579341_01_WRI-L2_F006.png,TP,0.47451718353014366,0.5548462979473207,0,matched_gt_highest_confidence,NMS2,7,7,144.0,440.0,61.0,90.0
nms,NMS,5664_1006579341_01_WRI-L2_F006.png,FP,0.08644142560428598,0.0,,no_gt_match_or_lower_confidence_on_same_gt,NMS3,4,"4,8",153.0,255.0,126.0,90.0
nms,NMS,5664_1006579341_01_WRI-L2_F006.png,FP,0.05145595164549618,0.0,,no_gt_match_or_lower_confidence_on_same_gt,NMS4,5,5,141.0,340.0,77.0,90.0
nms,NMS,5664_1006579341_01_WRI-L2_F006.png,FP,0.04801107885569357,0.0,,no_gt_match_or_lower_confidence_on_same_gt,NMS5,3,3,146.0,555.0,60.0,90.0
nms,NMS,5664_1006579341_01_WRI-L2_F006.png,FP,0.019958992309573816,0.0,,no_gt_match_or_lower_confidence_on_same_gt,NMS6,2,2,142.0,695.0,65.0,90.0
nms,NMS,5664_1006579341_01_WRI-L2_F006.png,FP,0.018395783075322313,0.0,,no_gt_match_or_lower_confidence_on_same_gt,NMS7,6,6,155.0,232.0,91.0,90.0
nms,NMS,5733_0388429441_01_WRI-L2_M015.png,IGNORE,0.9814142582629924,0.30039698996084147,0,overlap_ge_ignore_iou_with_found_gt,NMS1,14,14,250.0,423.0,91.0,90.0
nms,NMS,5733_0388429441_01_WRI-L2_M015.png,TP,0.4699916582247958,0.5100426786189034,0,matched_gt_highest_confidence,NMS2,2,2,264.0,407.0,181.0,126.0
nms,NMS,5733_0388429441_01_WRI-L2_M015.png,FP,0.1389285826688914,0.18014603725355277,0,no_gt_match_or_lower_confidence_on_same_gt,NMS3,7,7,333.0,353.0,91.0,90.0
nms,NMS,5733_0388429441_01_WRI-L2_M015.png,FP,0.13529993324693085,0.0,,no_gt_match_or_lower_confidence_on_same_gt,NMS4,6,"6,10",308.0,715.0,88.0,90.0
nms,NMS,5733_0388429441_01_WRI-L2_M015.png,FP,0.08638796049563469,0.05880573560710191,0,no_gt_match_or_lower_confidence_on_same_gt,NMS5,3,3,280.0,499.0,175.0,122.0
nms,NMS,5733_0388429441_01_WRI-L2_M015.png,FP,0.06795911138357001,0.0,,no_gt_match_or_lower_confidence_on_same_gt,NMS6,8,8,519.0,764.0,9.0,90.0
nms,NMS,5733_0388429441_01_WRI-L2_M015.png,FP,0.0631356668310236,0.0,,no_gt_match_or_lower_confidence_on_same_gt,NMS7,9,9,507.0,507.0,9.0,90.0
nms,NMS,5733_0388429441_01_WRI-L2_M015.png,FP,0.05325518062808588,0.0,,no_gt_match_or_lower_confidence_on_same_gt,NMS8,5,"5,12",334.0,605.0,117.0,90.0
nms,NMS,5733_0388429441_01_WRI-L2_M015.png,FP,0.03720749713494941,0.1684285070392313,0,no_gt_match_or_lower_confidence_on_same_gt,NMS9,1,1,254.0,321.0,141.0,98.0
nms,NMS,5733_0388429441_01_WRI-L2_M015.png,FP,0.02052020178453375,0.12195822393535592,0,no_gt_match_or_lower_confidence_on_same_gt,NMS10,4,4,364.0,427.0,150.0,106.0
nms,NMS,5733_0388429441_01_WRI-L2_M015.png,FP,0.01713512700310734,0.0,,no_gt_match_or_lower_confidence_on_same_gt,NMS11,11,11,456.0,319.0,64.0,90.0
nms,NMS,5733_0388429441_01_WRI-L2_M015.png,FP,0.005968296330126599,0.0,,no_gt_match_or_lower_confidence_on_same_gt,NMS12,13,13,264.0,284.0,91.0,90.0
nms,NMS,5743_0963537164_04_WRI-R2_M009.PNG,TP,0.3805052502222806,0.6666059105166888,0,matched_gt_highest_confidence,NMS1,7,7,198.0,347.0,91.0,90.0
nms,NMS,5743_0963537164_04_WRI-R2_M009.PNG,FP,0.219260092200444,0.09304214503074637,0,no_gt_match_or_lower_confidence_on_same_gt,NMS2,1,1,197.0,285.0,122.0,90.0
nms,NMS,5743_0963537164_04_WRI-R2_M009.PNG,FP,0.09453598146937951,0.0,,no_gt_match_or_lower_confidence_on_same_gt,NMS3,2,2,276.0,665.0,123.0,90.0
nms,NMS,5743_0963537164_04_WRI-R2_M009.PNG,FP,0.024865593524033794,0.0,,no_gt_match_or_lower_confidence_on_same_gt,NMS4,6,"6,5",188.0,242.0,91.0,90.0
nms,NMS,5743_0963537164_04_WRI-R2_M009.PNG,FP,0.020786393824023315,0.0,,no_gt_match_or_lower_confidence_on_same_gt,NMS5,4,4,257.0,575.0,118.0,90.0
nms,NMS,5743_0963537164_04_WRI-R2_M009.PNG,FP,0.00719149883135767,0.0,,no_gt_match_or_lower_confidence_on_same_gt,NMS6,3,3,228.0,455.0,117.0,90.0
nms,NMS,5764_0922296377_02_WRI-L2_M008.png,TP,0.9746986677719855,0.5891782472122336,0,matched_gt_highest_confidence,NMS1,9,9,298.0,593.0,81.0,90.0
nms,NMS,5764_0922296377_02_WRI-L2_M008.png,FP,0.9593927153677592,0.0,,no_gt_match_or_lower_confidence_on_same_gt,NMS2,1,1,276.0,495.0,116.0,90.0
nms,NMS,5764_0922296377_02_WRI-L2_M008.png,FP,0.8061147027442499,0.0,,no_gt_match_or_lower_confidence_on_same_gt,NMS3,4,4,347.0,272.0,138.0,96.0
nms,NMS,5764_0922296377_02_WRI-L2_M008.png,FP,0.27805858419226476,0.0,,no_gt_match_or_lower_confidence_on_same_gt,NMS4,2,2,276.0,283.0,162.0,114.0
nms,NMS,5764_0922296377_02_WRI-L2_M008.png,FP,0.14959067556593067,0.12754532625311937,0,no_gt_match_or_lower_confidence_on_same_gt,NMS5,3,"3,10",300.0,645.0,61.0,90.0
nms,NMS,5764_0922296377_02_WRI-L2_M008.png,FP,0.08266771924937795,0.0,,no_gt_match_or_lower_confidence_on_same_gt,NMS6,7,7,257.0,235.0,1.0,90.0
nms,NMS,5764_0922296377_02_WRI-L2_M008.png,FP,0.07751811440501588,0.0,,no_gt_match_or_lower_confidence_on_same_gt,NMS7,14,14,162.0,562.0,19.0,90.0
nms,NMS,5764_0922296377_02_WRI-L2_M008.png,FP,0.07296458628825311,0.0,,no_gt_match_or_lower_confidence_on_same_gt,NMS8,12,12,173.0,361.0,21.0,90.0
nms,NMS,5764_0922296377_02_WRI-L2_M008.png,FP,0.054096186540205565,0.0,,no_gt_match_or_lower_confidence_on_same_gt,NMS9,11,11,442.0,659.0,18.0,90.0
nms,NMS,5764_0922296377_02_WRI-L2_M008.png,FP,0.02933625003584079,0.0,,no_gt_match_or_lower_confidence_on_same_gt,NMS10,8,8,388.0,339.0,30.0,90.0
nms,NMS,5764_0922296377_02_WRI-L2_M008.png,FP,0.01790624230133854,0.0,,no_gt_match_or_lower_confidence_on_same_gt,NMS11,5,5,385.0,625.0,53.0,90.0
nms,NMS,5764_0922296377_02_WRI-L2_M008.png,FP,0.006823552495845681,0.0,,no_gt_match_or_lower_confidence_on_same_gt,NMS12,13,13,305.0,458.0,86.0,90.0
nms,NMS,5764_0922296377_02_WRI-L2_M008.png,FP,0.00580081519582428,0.0,,no_gt_match_or_lower_confidence_on_same_gt,NMS13,6,6,176.0,255.0,41.0,90.0
nms,NMS,5814_0407544765_01_WRI-L1_M016.PNG,IGNORE,0.8673139440707859,0.38056199990089445,0,overlap_ge_ignore_iou_with_found_gt,NMS1,14,14,409.0,539.0,91.0,90.0
nms,NMS,5814_0407544765_01_WRI-L1_M016.PNG,TP,0.7677965276284447,0.6432202844735548,0,matched_gt_highest_confidence,NMS2,2,"2,15",357.0,504.0,132.0,92.0
nms,NMS,5814_0407544765_01_WRI-L1_M016.PNG,FP,0.2234970083948212,0.0,,no_gt_match_or_lower_confidence_on_same_gt,NMS3,11,11,268.0,848.0,59.0,90.0
nms,NMS,5814_0407544765_01_WRI-L1_M016.PNG,FP,0.10072273894365193,0.0,,no_gt_match_or_lower_confidence_on_same_gt,NMS4,13,13,350.0,1239.0,91.0,90.0
nms,NMS,5814_0407544765_01_WRI-L1_M016.PNG,FP,0.0911211326461417,0.0,,no_gt_match_or_lower_confidence_on_same_gt,NMS5,7,7,267.0,905.0,91.0,90.0
nms,NMS,5814_0407544765_01_WRI-L1_M016.PNG,FP,0.08550554884036535,0.0,,no_gt_match_or_lower_confidence_on_same_gt,NMS6,4,4,294.0,755.0,41.0,90.0
nms,NMS,5814_0407544765_01_WRI-L1_M016.PNG,FP,0.08287305394052395,0.0,,no_gt_match_or_lower_confidence_on_same_gt,NMS7,8,8,357.0,1009.0,91.0,90.0
nms,NMS,5814_0407544765_01_WRI-L1_M016.PNG,FP,0.07880485893815753,0.0,,no_gt_match_or_lower_confidence_on_same_gt,NMS8,9,9,151.0,956.0,91.0,90.0
nms,NMS,5814_0407544765_01_WRI-L1_M016.PNG,FP,0.07465221965925736,0.0,,no_gt_match_or_lower_confidence_on_same_gt,NMS9,3,3,194.0,635.0,70.0,90.0
nms,NMS,5814_0407544765_01_WRI-L1_M016.PNG,FP,0.064260479792811,0.021331724742978127,1,no_gt_match_or_lower_confidence_on_same_gt,NMS10,10,10,298.0,436.0,7.0,90.0
nms,NMS,5814_0407544765_01_WRI-L1_M016.PNG,FP,0.050338941337386395,0.055836364904218776,1,no_gt_match_or_lower_confidence_on_same_gt,NMS11,12,12,179.0,484.0,8.0,90.0
nms,NMS,5814_0407544765_01_WRI-L1_M016.PNG,FP,0.04002806251331782,0.0,,no_gt_match_or_lower_confidence_on_same_gt,NMS12,6,6,325.0,757.0,13.0,90.0
nms,NMS,5814_0407544765_01_WRI-L1_M016.PNG,TP,0.037603700970543726,0.5421213337190698,1,matched_gt_highest_confidence,NMS13,1,1,218.0,485.0,79.0,90.0
nms,NMS,5814_0407544765_01_WRI-L1_M016.PNG,FP,0.022332023259302905,0.0,,no_gt_match_or_lower_confidence_on_same_gt,NMS14,5,5,284.0,1224.0,159.0,112.0
nms,NMS,5818_0746899911_02_WRI-L2_M014.PNG,TP,0.7323775397036508,0.5601234138323837,0,matched_gt_highest_confidence,NMS1,7,7,150.0,487.0,181.0,126.0
nms,NMS,5818_0746899911_02_WRI-L2_M014.PNG,FP,0.5290011763266417,0.0,,no_gt_match_or_lower_confidence_on_same_gt,NMS2,2,2,31.0,475.0,110.0,90.0
nms,NMS,5818_0746899911_02_WRI-L2_M014.PNG,FP,0.19533674685234084,0.0,,no_gt_match_or_lower_confidence_on_same_gt,NMS3,15,15,70.0,254.0,91.0,90.0
nms,NMS,5818_0746899911_02_WRI-L2_M014.PNG,FP,0.18670359483347052,0.06912076132163317,0,no_gt_match_or_lower_confidence_on_same_gt,NMS4,4,4,86.0,552.0,165.0,116.0
nms,NMS,5818_0746899911_02_WRI-L2_M014.PNG,IGNORE,0.15188541389243446,0.30666913990281214,0,overlap_ge_ignore_iou_with_found_gt,NMS5,8,8,260.0,465.0,99.0,90.0
nms,NMS,5818_0746899911_02_WRI-L2_M014.PNG,FP,0.10834709704074065,0.0,,no_gt_match_or_lower_confidence_on_same_gt,NMS6,5,5,52.0,315.0,109.0,90.0
nms,NMS,5818_0746899911_02_WRI-L2_M014.PNG,FP,0.09590865063753705,0.0,,no_gt_match_or_lower_confidence_on_same_gt,NMS7,11,11,155.0,729.0,146.0,102.0
nms,NMS,5818_0746899911_02_WRI-L2_M014.PNG,FP,0.042699646926403434,0.0,,no_gt_match_or_lower_confidence_on_same_gt,NMS8,12,12,125.0,585.0,91.0,90.0
nms,NMS,5818_0746899911_02_WRI-L2_M014.PNG,FP,0.028631619214127327,0.0,,no_gt_match_or_lower_confidence_on_same_gt,NMS9,14,14,56.0,374.0,91.0,90.0
nms,NMS,5818_0746899911_02_WRI-L2_M014.PNG,FP,0.012620211941751046,0.0,,no_gt_match_or_lower_confidence_on_same_gt,NMS10,9,9,170.0,257.0,181.0,126.0
nms,NMS,5818_0746899911_02_WRI-L2_M014.PNG,FP,0.009421951576824898,0.0,,no_gt_match_or_lower_confidence_on_same_gt,NMS11,10,10,220.0,734.0,130.0,92.0
nms,NMS,5818_0746899911_02_WRI-L2_M014.PNG,FP,0.005772450458480025,0.06256925781072117,0,no_gt_match_or_lower_confidence_on_same_gt,NMS12,6,6,160.0,347.0,181.0,126.0
nms,NMS,5818_0746899911_02_WRI-L2_M014.PNG,FP,0.0050954159140683825,0.0,,no_gt_match_or_lower_confidence_on_same_gt,NMS13,3,3,16.0,705.0,32.0,90.0
nms,NMS,5818_0746899911_02_WRI-L2_M014.PNG,FP,0.0012736802316288456,0.0,,no_gt_match_or_lower_confidence_on_same_gt,NMS14,13,13,328.0,299.0,109.0,90.0
nms,NMS,5818_0746899911_02_WRI-L2_M014.PNG,FP,0.0007040043418418443,0.0,,no_gt_match_or_lower_confidence_on_same_gt,NMS15,1,1,24.0,585.0,40.0,90.0
nms,NMS,5843_0796713227_01_WRI-L2_F012.png,FP,0.9815050185266797,0.27369379042443864,0,no_gt_match_or_lower_confidence_on_same_gt,NMS1,1,1,264.0,481.0,127.0,90.0
nms,NMS,5843_0796713227_01_WRI-L2_F012.png,TP,0.5728091692311446,0.6162197469931161,0,matched_gt_highest_confidence,NMS2,10,10,291.0,525.0,91.0,90.0
nms,NMS,5843_0796713227_01_WRI-L2_F012.png,FP,0.11559142819198474,0.0,,no_gt_match_or_lower_confidence_on_same_gt,NMS3,2,2,240.0,207.0,168.0,118.0
nms,NMS,5843_0796713227_01_WRI-L2_F012.png,FP,0.08673546362571241,0.0,,no_gt_match_or_lower_confidence_on_same_gt,NMS4,5,5,250.0,328.0,11.0,90.0
nms,NMS,5843_0796713227_01_WRI-L2_F012.png,FP,0.06724498270270561,0.0,,no_gt_match_or_lower_confidence_on_same_gt,NMS5,6,6,346.0,353.0,13.0,90.0
nms,NMS,5843_0796713227_01_WRI-L2_F012.png,FP,0.040360897335151066,0.0,,no_gt_match_or_lower_confidence_on_same_gt,NMS6,7,7,232.0,177.0,91.0,90.0
nms,NMS,5843_0796713227_01_WRI-L2_F012.png,FP,0.01911664055857326,0.0,,no_gt_match_or_lower_confidence_on_same_gt,NMS7,9,9,346.0,244.0,33.0,90.0
nms,NMS,5843_0796713227_01_WRI-L2_F012.png,FP,0.014848795886835936,0.0,,no_gt_match_or_lower_confidence_on_same_gt,NMS8,4,4,317.0,211.0,100.0,90.0
nms,NMS,5843_0796713227_01_WRI-L2_F012.png,FP,0.007463600561380391,0.0,,no_gt_match_or_lower_confidence_on_same_gt,NMS9,3,3,289.0,351.0,38.0,90.0
nms,NMS,5843_0796713227_01_WRI-L2_F012.png,FP,0.00019191356271226962,0.0,,no_gt_match_or_lower_confidence_on_same_gt,NMS10,8,8,286.0,425.0,91.0,90.0
nms,NMS,5845_1129334892_04_WRI-R2_F010.png,TP,0.9392516649012461,0.5544366799821796,0,matched_gt_highest_confidence,NMS1,8,8,266.0,472.0,91.0,90.0
nms,NMS,5845_1129334892_04_WRI-R2_F010.png,FP,0.8534048227363097,0.07920526059301047,0,no_gt_match_or_lower_confidence_on_same_gt,NMS2,1,1,277.0,425.0,94.0,90.0
nms,NMS,5845_1129334892_04_WRI-R2_F010.png,IGNORE,0.6377654765533075,0.395662112824352,0,overlap_ge_ignore_iou_with_found_gt,NMS3,2,2,266.0,525.0,89.0,90.0
nms,NMS,5845_1129334892_04_WRI-R2_F010.png,FP,0.33206202271947166,0.0,,no_gt_match_or_lower_confidence_on_same_gt,NMS4,7,7,257.0,594.0,72.0,90.0
nms,NMS,5845_1129334892_04_WRI-R2_F010.png,FP,0.14445128770413487,0.0,,no_gt_match_or_lower_confidence_on_same_gt,NMS5,3,3,274.0,315.0,96.0,90.0
nms,NMS,5845_1129334892_04_WRI-R2_F010.png,FP,0.1023518750652346,0.0,,no_gt_match_or_lower_confidence_on_same_gt,NMS6,5,5,254.0,655.0,72.0,90.0
nms,NMS,5845_1129334892_04_WRI-R2_F010.png,FP,0.024974540997159827,0.0,,no_gt_match_or_lower_confidence_on_same_gt,NMS7,6,6,286.0,280.0,56.0,90.0
nms,NMS,5845_1129334892_04_WRI-R2_F010.png,FP,0.02326844774134875,0.0,,no_gt_match_or_lower_confidence_on_same_gt,NMS8,4,4,250.0,745.0,71.0,90.0
nms,NMS,5865_0983089944_07_WRI-L1_F005.png,TP,0.9474854298085683,0.7783048139994819,0,matched_gt_highest_confidence,NMS1,2,"2,6",164.0,461.0,99.0,90.0
nms,NMS,5865_0983089944_07_WRI-L1_F005.png,FP,0.3754281948648387,0.06013078237614157,0,no_gt_match_or_lower_confidence_on_same_gt,NMS2,1,1,169.0,551.0,73.0,90.0
nms,NMS,5865_0983089944_07_WRI-L1_F005.png,FP,0.2158680992027952,0.052073236651965525,0,no_gt_match_or_lower_confidence_on_same_gt,NMS3,7,7,183.0,379.0,91.0,90.0
nms,NMS,5865_0983089944_07_WRI-L1_F005.png,FP,0.1266610107477126,0.0,,no_gt_match_or_lower_confidence_on_same_gt,NMS4,3,3,96.0,471.0,43.0,90.0
nms,NMS,5865_0983089944_07_WRI-L1_F005.png,FP,0.008702441275661105,0.0,,no_gt_match_or_lower_confidence_on_same_gt,NMS5,4,4,177.0,284.0,65.0,90.0
nms,NMS,5865_0983089944_07_WRI-L1_F005.png,FP,0.0018470508709814992,0.0,,no_gt_match_or_lower_confidence_on_same_gt,NMS6,5,5,93.0,330.0,57.0,90.0
nms,NMS,5874_0879009645_04_WRI-L2_M013.png,TP,0.9999987911706285,0.64160654257725,0,matched_gt_highest_confidence,NMS1,7,"7,8",236.0,513.0,91.0,90.0
nms,NMS,5874_0879009645_04_WRI-L2_M013.png,FP,0.14691197335707593,0.0,,no_gt_match_or_lower_confidence_on_same_gt,NMS2,3,3,223.0,615.0,88.0,90.0
nms,NMS,5874_0879009645_04_WRI-L2_M013.png,FP,0.1395901016857705,0.0,,no_gt_match_or_lower_confidence_on_same_gt,NMS3,4,4,202.0,855.0,87.0,90.0
nms,NMS,5874_0879009645_04_WRI-L2_M013.png,FP,0.08388397147675937,0.0,,no_gt_match_or_lower_confidence_on_same_gt,NMS4,1,"1,6",189.0,363.0,134.0,94.0
nms,NMS,5874_0879009645_04_WRI-L2_M013.png,FP,0.0740111274977008,0.21386189947395337,0,no_gt_match_or_lower_confidence_on_same_gt,NMS5,2,2,202.0,455.0,110.0,90.0
nms,NMS,5874_0879009645_04_WRI-L2_M013.png,FP,0.037993163599322116,0.0,,no_gt_match_or_lower_confidence_on_same_gt,NMS6,5,5,226.0,300.0,91.0,90.0
nms,NMS,5915_0972188803_01_WRI-L1_M011.png,TP,0.9636588217279268,0.504481811313296,0,matched_gt_highest_confidence,NMS1,2,2,268.0,510.0,115.0,90.0
nms,NMS,5915_0972188803_01_WRI-L1_M011.png,FP,0.8001877091113612,0.20321216010197432,0,no_gt_match_or_lower_confidence_on_same_gt,NMS2,8,8,298.0,433.0,91.0,90.0
nms,NMS,5915_0972188803_01_WRI-L1_M011.png,FP,0.3466418019370815,0.06666551835182728,0,no_gt_match_or_lower_confidence_on_same_gt,NMS3,7,7,265.0,411.0,74.0,90.0
nms,NMS,5915_0972188803_01_WRI-L1_M011.png,FP,0.20943033176692913,0.0,,no_gt_match_or_lower_confidence_on_same_gt,NMS4,1,1,235.0,370.0,156.0,110.0
nms,NMS,5915_0972188803_01_WRI-L1_M011.png,FP,0.09840871319177108,0.0,,no_gt_match_or_lower_confidence_on_same_gt,NMS5,5,5,211.0,806.0,17.0,90.0
nms,NMS,5915_0972188803_01_WRI-L1_M011.png,FP,0.05144210392614521,0.0,,no_gt_match_or_lower_confidence_on_same_gt,NMS6,3,3,79.0,810.0,75.0,90.0
nms,NMS,5915_0972188803_01_WRI-L1_M011.png,FP,0.03845402959617567,0.0,,no_gt_match_or_lower_confidence_on_same_gt,NMS7,4,4,111.0,478.0,9.0,90.0
nms,NMS,5915_0972188803_01_WRI-L1_M011.png,FP,0.030191227870896366,0.0,,no_gt_match_or_lower_confidence_on_same_gt,NMS8,6,6,276.0,318.0,62.0,90.0
nms,NMS,5922_0905499124_02_WRI-L2_F012.png,TP,0.9375347373212047,0.66543700959562,0,matched_gt_highest_confidence,NMS1,1,"1,8",208.0,435.0,120.0,90.0
nms,NMS,5922_0905499124_02_WRI-L2_F012.png,FP,0.8902606586972003,0.0,,no_gt_match_or_lower_confidence_on_same_gt,NMS2,3,3,232.0,305.0,116.0,90.0
nms,NMS,5922_0905499124_02_WRI-L2_F012.png,FP,0.8418353682842921,0.0,,no_gt_match_or_lower_confidence_on_same_gt,NMS3,2,2,216.0,525.0,95.0,90.0
nms,NMS,5922_0905499124_02_WRI-L2_F012.png,IGNORE,0.212742799846545,0.36644916767920266,0,overlap_ge_ignore_iou_with_found_gt,NMS4,7,7,253.0,417.0,91.0,90.0
nms,NMS,5922_0905499124_02_WRI-L2_F012.png,FP,0.19938102071991318,0.0,,no_gt_match_or_lower_confidence_on_same_gt,NMS5,5,5,254.0,329.0,82.0,90.0
nms,NMS,5922_0905499124_02_WRI-L2_F012.png,FP,0.1825246119456328,0.0,,no_gt_match_or_lower_confidence_on_same_gt,NMS6,4,4,218.0,695.0,98.0,90.0
nms,NMS,5922_0905499124_02_WRI-L2_F012.png,FP,0.03189549414330854,0.0,,no_gt_match_or_lower_confidence_on_same_gt,NMS7,6,6,350.0,231.0,35.0,90.0
nms,NMS,5931_0732587357_02_WRI-R2_M014.PNG,TP,0.959722158076134,0.6154467959482409,0,matched_gt_highest_confidence,NMS1,12,12,295.0,584.0,91.0,90.0
nms,NMS,5931_0732587357_02_WRI-R2_M014.PNG,FP,0.8380701732962954,0.0,,no_gt_match_or_lower_confidence_on_same_gt,NMS2,10,10,461.0,385.0,99.0,90.0
nms,NMS,5931_0732587357_02_WRI-R2_M014.PNG,FP,0.6895998481716011,0.0,,no_gt_match_or_lower_confidence_on_same_gt,NMS3,5,5,401.0,912.0,138.0,96.0
nms,NMS,5931_0732587357_02_WRI-R2_M014.PNG,FP,0.3716357452471046,0.0,,no_gt_match_or_lower_confidence_on_same_gt,NMS4,4,4,391.0,819.0,147.0,102.0
nms,NMS,5931_0732587357_02_WRI-R2_M014.PNG,FP,0.23457907904839823,0.0,,no_gt_match_or_lower_confidence_on_same_gt,NMS5,3,3,371.0,720.0,171.0,120.0
nms,NMS,5931_0732587357_02_WRI-R2_M014.PNG,FP,0.1914761780755532,0.0,,no_gt_match_or_lower_confidence_on_same_gt,NMS6,1,1,302.0,394.0,160.0,112.0
nms,NMS,5931_0732587357_02_WRI-R2_M014.PNG,FP,0.19075728932439961,0.24180511715464503,0,no_gt_match_or_lower_confidence_on_same_gt,NMS7,6,6,280.0,637.0,152.0,106.0
nms,NMS,5931_0732587357_02_WRI-R2_M014.PNG,FP,0.06111473082451577,0.0,,no_gt_match_or_lower_confidence_on_same_gt,NMS8,7,7,259.0,879.0,173.0,122.0
nms,NMS,5931_0732587357_02_WRI-R2_M014.PNG,FP,0.03801480999338769,0.0,,no_gt_match_or_lower_confidence_on_same_gt,NMS9,13,13,446.0,931.0,91.0,90.0
nms,NMS,5931_0732587357_02_WRI-R2_M014.PNG,FP,0.025638308483768496,0.0,,no_gt_match_or_lower_confidence_on_same_gt,NMS10,2,2,371.0,377.0,181.0,126.0
nms,NMS,5931_0732587357_02_WRI-R2_M014.PNG,FP,0.015168366640559408,0.0,,no_gt_match_or_lower_confidence_on_same_gt,NMS11,9,9,271.0,787.0,181.0,126.0
nms,NMS,5931_0732587357_02_WRI-R2_M014.PNG,FP,0.014850069792174216,0.08558698876590827,0,no_gt_match_or_lower_confidence_on_same_gt,NMS12,8,8,361.0,557.0,181.0,126.0
nms,NMS,5931_0732587357_02_WRI-R2_M014.PNG,FP,0.003020384078521121,0.0,,no_gt_match_or_lower_confidence_on_same_gt,NMS13,11,11,349.0,335.0,91.0,90.0
nms,NMS,5934_1088190587_01_WRI-R2_F006.png,FP,0.7856563259953048,0.13019614835082227,0,no_gt_match_or_lower_confidence_on_same_gt,NMS1,2,2,283.0,533.0,82.0,90.0
nms,NMS,5934_1088190587_01_WRI-R2_F006.png,FP,0.3976362291701252,0.0,,no_gt_match_or_lower_confidence_on_same_gt,NMS2,8,8,236.0,752.0,91.0,90.0
nms,NMS,5934_1088190587_01_WRI-R2_F006.png,FP,0.2902802930532988,0.0,,no_gt_match_or_lower_confidence_on_same_gt,NMS3,4,4,227.0,333.0,117.0,90.0
nms,NMS,5934_1088190587_01_WRI-R2_F006.png,TP,0.2885191413092192,0.509206047696568,0,matched_gt_highest_confidence,NMS4,7,7,294.0,574.0,91.0,90.0
nms,NMS,5934_1088190587_01_WRI-R2_F006.png,FP,0.1791427448600482,0.0,,no_gt_match_or_lower_confidence_on_same_gt,NMS5,9,9,263.0,301.0,83.0,90.0
nms,NMS,5934_1088190587_01_WRI-R2_F006.png,FP,0.11563695638585636,0.0,,no_gt_match_or_lower_confidence_on_same_gt,NMS6,1,"1,13",258.0,453.0,105.0,90.0
nms,NMS,5934_1088190587_01_WRI-R2_F006.png,FP,0.062405815560186206,0.0,,no_gt_match_or_lower_confidence_on_same_gt,NMS7,12,12,158.0,286.0,31.0,90.0
nms,NMS,5934_1088190587_01_WRI-R2_F006.png,FP,0.054699081979921176,0.0,,no_gt_match_or_lower_confidence_on_same_gt,NMS8,6,6,254.0,594.0,17.0,90.0
nms,NMS,5934_1088190587_01_WRI-R2_F006.png,FP,0.038778886487342026,0.0,,no_gt_match_or_lower_confidence_on_same_gt,NMS9,10,10,298.0,687.0,76.0,90.0
nms,NMS,5934_1088190587_01_WRI-R2_F006.png,FP,0.028545046677000255,0.0,,no_gt_match_or_lower_confidence_on_same_gt,NMS10,14,14,342.0,828.0,91.0,90.0
nms,NMS,5934_1088190587_01_WRI-R2_F006.png,FP,0.017798773461897732,0.0,,no_gt_match_or_lower_confidence_on_same_gt,NMS11,5,5,297.0,791.0,133.0,94.0
nms,NMS,5934_1088190587_01_WRI-R2_F006.png,FP,0.012637310347403929,0.0,,no_gt_match_or_lower_confidence_on_same_gt,NMS12,11,11,282.0,394.0,91.0,90.0
nms,NMS,5934_1088190587_01_WRI-R2_F006.png,FP,0.007331554277490396,0.09909837247889157,0,no_gt_match_or_lower_confidence_on_same_gt,NMS13,3,3,303.0,663.0,91.0,90.0
nms,NMS,5953_1118750249_01_WRI-L2_F013.png,TP,0.999995850884237,0.5896651322211616,0,matched_gt_highest_confidence,NMS1,1,1,199.0,446.0,143.0,100.0
nms,NMS,5953_1118750249_01_WRI-L2_F013.png,FP,0.14289113665187994,0.19896490479649198,0,no_gt_match_or_lower_confidence_on_same_gt,NMS2,9,9,195.0,428.0,91.0,90.0
nms,NMS,5953_1118750249_01_WRI-L2_F013.png,FP,0.11107309630263636,0.0,,no_gt_match_or_lower_confidence_on_same_gt,NMS3,4,4,265.0,701.0,79.0,90.0
nms,NMS,5953_1118750249_01_WRI-L2_F013.png,FP,0.09019017229140468,0.0,,no_gt_match_or_lower_confidence_on_same_gt,NMS4,6,6,238.0,707.0,22.0,90.0
nms,NMS,5953_1118750249_01_WRI-L2_F013.png,FP,0.0854295596221967,0.0,,no_gt_match_or_lower_confidence_on_same_gt,NMS5,3,3,249.0,601.0,88.0,90.0
nms,NMS,5953_1118750249_01_WRI-L2_F013.png,FP,0.04104175428180389,0.0,,no_gt_match_or_lower_confidence_on_same_gt,NMS6,5,5,224.0,609.0,12.0,90.0
nms,NMS,5953_1118750249_01_WRI-L2_F013.png,FP,0.015986171693120735,0.0,,no_gt_match_or_lower_confidence_on_same_gt,NMS7,8,8,215.0,316.0,91.0,90.0
nms,NMS,5953_1118750249_01_WRI-L2_F013.png,FP,0.012280113410782742,0.0,,no_gt_match_or_lower_confidence_on_same_gt,NMS8,2,2,211.0,341.0,126.0,90.0
nms,NMS,5953_1118750249_01_WRI-L2_F013.png,FP,0.008183233410608984,0.0,,no_gt_match_or_lower_confidence_on_same_gt,NMS9,7,7,216.0,266.0,91.0,90.0
nms,NMS,5980_0995828173_01_WRI-L1_M011.png,FP,0.686768110164392,0.11013518978143333,0,no_gt_match_or_lower_confidence_on_same_gt,NMS1,10,10,231.0,415.0,91.0,90.0
nms,NMS,5980_0995828173_01_WRI-L1_M011.png,TP,0.5868622582422055,0.5735836963920176,0,matched_gt_highest_confidence,NMS2,1,1,221.0,354.0,131.0,92.0
nms,NMS,5980_0995828173_01_WRI-L1_M011.png,FP,0.31021571854389,0.0,,no_gt_match_or_lower_confidence_on_same_gt,NMS3,2,2,246.0,515.0,94.0,90.0
nms,NMS,5980_0995828173_01_WRI-L1_M011.png,FP,0.1356935545316339,0.0,,no_gt_match_or_lower_confidence_on_same_gt,NMS4,6,6,253.0,645.0,78.0,90.0
nms,NMS,5980_0995828173_01_WRI-L1_M011.png,FP,0.13400728981873974,0.26714024086216126,0,no_gt_match_or_lower_confidence_on_same_gt,NMS5,9,9,229.0,328.0,91.0,90.0
nms,NMS,5980_0995828173_01_WRI-L1_M011.png,FP,0.08499063456952785,0.0,,no_gt_match_or_lower_confidence_on_same_gt,NMS6,5,5,117.0,545.0,56.0,90.0
nms,NMS,5980_0995828173_01_WRI-L1_M011.png,FP,0.07675320272186088,0.0,,no_gt_match_or_lower_confidence_on_same_gt,NMS7,4,4,137.0,385.0,47.0,90.0
nms,NMS,5980_0995828173_01_WRI-L1_M011.png,FP,0.06608053118773716,0.0,,no_gt_match_or_lower_confidence_on_same_gt,NMS8,7,7,155.0,336.0,15.0,90.0
nms,NMS,5980_0995828173_01_WRI-L1_M011.png,FP,0.016699133738104874,0.0,,no_gt_match_or_lower_confidence_on_same_gt,NMS9,8,8,117.0,528.0,22.0,90.0
nms,NMS,5980_0995828173_01_WRI-L1_M011.png,FP,0.006847335540237587,0.0,,no_gt_match_or_lower_confidence_on_same_gt,NMS10,3,3,117.0,645.0,62.0,90.0
nms,NMS,5980_0997631883_02_WRI-L1_M011.PNG,TP,0.7821246763730263,0.6904012491632712,0,matched_gt_highest_confidence,NMS1,2,2,196.0,363.0,135.0,94.0
nms,NMS,5980_0997631883_02_WRI-L1_M011.PNG,FP,0.5,0.0,,no_gt_match_or_lower_confidence_on_same_gt,NMS2,4,4,216.0,515.0,99.0,90.0
nms,NMS,5980_0997631883_02_WRI-L1_M011.PNG,FP,0.44034742523023107,0.0,,no_gt_match_or_lower_confidence_on_same_gt,NMS3,12,12,279.0,176.0,91.0,90.0
nms,NMS,5980_0997631883_02_WRI-L1_M011.PNG,IGNORE,0.06923681186400021,0.4975109835001958,0,overlap_ge_ignore_iou_with_found_gt,NMS4,13,13,267.0,361.0,91.0,90.0
nms,NMS,5980_0997631883_02_WRI-L1_M011.PNG,FP,0.06338838166616585,0.0,,no_gt_match_or_lower_confidence_on_same_gt,NMS5,7,7,9.0,515.0,13.0,90.0
nms,NMS,5980_0997631883_02_WRI-L1_M011.PNG,FP,0.061993179537157196,0.0,,no_gt_match_or_lower_confidence_on_same_gt,NMS6,10,10,141.0,545.0,60.0,90.0
nms,NMS,5980_0997631883_02_WRI-L1_M011.PNG,FP,0.06104197686604286,0.0,,no_gt_match_or_lower_confidence_on_same_gt,NMS7,1,1,57.0,575.0,59.0,90.0
nms,NMS,5980_0997631883_02_WRI-L1_M011.PNG,FP,0.06087847576121426,0.0,,no_gt_match_or_lower_confidence_on_same_gt,NMS8,6,6,172.0,411.0,12.0,90.0
nms,NMS,5980_0997631883_02_WRI-L1_M011.PNG,FP,0.048455665804937174,0.0,,no_gt_match_or_lower_confidence_on_same_gt,NMS9,5,5,123.0,177.0,47.0,90.0
nms,NMS,5980_0997631883_02_WRI-L1_M011.PNG,FP,0.01656309691354206,0.0,,no_gt_match_or_lower_confidence_on_same_gt,NMS10,3,3,86.0,355.0,75.0,90.0
nms,NMS,5980_0997631883_02_WRI-L1_M011.PNG,FP,0.009531200349565505,0.0,,no_gt_match_or_lower_confidence_on_same_gt,NMS11,9,9,107.0,321.0,61.0,90.0
nms,NMS,5980_0997631883_02_WRI-L1_M011.PNG,FP,0.007942134101861242,0.0,,no_gt_match_or_lower_confidence_on_same_gt,NMS12,8,8,229.0,266.0,91.0,90.0
nms,NMS,5980_0997631883_02_WRI-L1_M011.PNG,FP,0.0009973420832494035,0.05530034941774139,0,no_gt_match_or_lower_confidence_on_same_gt,NMS13,11,11,205.0,291.0,91.0,90.0
nms,NMS,5983_1184814878_01_WRI-L1_M011.png,TP,0.991249858893928,0.5626386551587863,0,matched_gt_highest_confidence,NMS1,1,1,216.0,480.0,172.0,120.0
nms,NMS,5983_1184814878_01_WRI-L1_M011.png,FP,0.4226182543182336,0.0,,no_gt_match_or_lower_confidence_on_same_gt,NMS2,14,14,129.0,582.0,49.0,90.0
nms,NMS,5983_1184814878_01_WRI-L1_M011.png,FP,0.3832405518875872,0.0,,no_gt_match_or_lower_confidence_on_same_gt,NMS3,5,5,262.0,645.0,106.0,90.0
nms,NMS,5983_1184814878_01_WRI-L1_M011.png,FP,0.3649059311561129,0.0,,no_gt_match_or_lower_confidence_on_same_gt,NMS4,3,3,132.0,545.0,56.0,90.0
nms,NMS,5983_1184814878_01_WRI-L1_M011.png,FP,0.15806585463923215,0.0,,no_gt_match_or_lower_confidence_on_same_gt,NMS5,17,"17,7",202.0,731.0,91.0,90.0
nms,NMS,5983_1184814878_01_WRI-L1_M011.png,FP,0.06142367405455883,0.0,,no_gt_match_or_lower_confidence_on_same_gt,NMS6,18,18,317.0,252.0,91.0,90.0
nms,NMS,5983_1184814878_01_WRI-L1_M011.png,FP,0.05997776481825323,0.0,,no_gt_match_or_lower_confidence_on_same_gt,NMS7,10,10,114.0,655.0,62.0,90.0
nms,NMS,5983_1184814878_01_WRI-L1_M011.png,FP,0.04916768864389504,0.0,,no_gt_match_or_lower_confidence_on_same_gt,NMS8,13,13,130.0,470.0,58.0,90.0
nms,NMS,5983_1184814878_01_WRI-L1_M011.png,FP,0.048111079932512985,0.0,,no_gt_match_or_lower_confidence_on_same_gt,NMS9,12,12,223.0,610.0,13.0,90.0
nms,NMS,5983_1184814878_01_WRI-L1_M011.png,FP,0.04795669061604229,0.0,,no_gt_match_or_lower_confidence_on_same_gt,NMS10,15,15,354.0,378.0,17.0,90.0
nms,NMS,5983_1184814878_01_WRI-L1_M011.png,FP,0.03681158557006237,0.0,,no_gt_match_or_lower_confidence_on_same_gt,NMS11,16,16,310.0,290.0,18.0,90.0
nms,NMS,5983_1184814878_01_WRI-L1_M011.png,FP,0.034766720392901684,0.0,,no_gt_match_or_lower_confidence_on_same_gt,NMS12,11,"11,4",204.0,306.0,82.0,90.0
nms,NMS,5983_1184814878_01_WRI-L1_M011.png,FP,0.031175266354315122,0.0,,no_gt_match_or_lower_confidence_on_same_gt,NMS13,6,6,297.0,275.0,99.0,90.0
nms,NMS,5983_1184814878_01_WRI-L1_M011.png,FP,0.004320734724953779,0.0,,no_gt_match_or_lower_confidence_on_same_gt,NMS14,9,9,236.0,742.0,136.0,96.0
nms,NMS,5983_1184814878_01_WRI-L1_M011.png,FP,0.0034664425498773777,0.0,,no_gt_match_or_lower_confidence_on_same_gt,NMS15,8,8,123.0,745.0,60.0,90.0
nms,NMS,5983_1184814878_01_WRI-L1_M011.png,FP,0.0018277651913054624,0.0,,no_gt_match_or_lower_confidence_on_same_gt,NMS16,2,2,176.0,397.0,151.0,106.0
nms,NMS,5983_1184814916_01_WRI-L2_M011.png,TP,0.47630748696900116,0.5258497411097097,0,matched_gt_highest_confidence,NMS1,2,2,171.0,485.0,93.0,90.0
nms,NMS,5983_1184814916_01_WRI-L2_M011.png,FP,0.15273993563627802,0.0,,no_gt_match_or_lower_confidence_on_same_gt,NMS2,6,6,176.0,318.0,91.0,90.0
nms,NMS,5983_1184814916_01_WRI-L2_M011.png,FP,0.051843839896465745,0.0,,no_gt_match_or_lower_confidence_on_same_gt,NMS3,4,4,162.0,685.0,84.0,90.0
nms,NMS,5983_1184814916_01_WRI-L2_M011.png,FP,0.010069450970400117,0.0,,no_gt_match_or_lower_confidence_on_same_gt,NMS4,7,7,163.0,636.0,68.0,90.0
nms,NMS,5983_1184814916_01_WRI-L2_M011.png,FP,0.009218842495810543,0.0,,no_gt_match_or_lower_confidence_on_same_gt,NMS5,3,3,157.0,785.0,86.0,90.0
nms,NMS,5983_1184814916_01_WRI-L2_M011.png,FP,0.005850107617164992,0.033551327638933606,0,no_gt_match_or_lower_confidence_on_same_gt,NMS6,5,"5,8",179.0,411.0,91.0,90.0
nms,NMS,5983_1184814916_01_WRI-L2_M011.png,FP,0.0006104650318685403,0.0,,no_gt_match_or_lower_confidence_on_same_gt,NMS7,1,1,159.0,385.0,102.0,90.0
nms,NMS,5996_1191043595_01_WRI-R2_M008.PNG,TP,0.7654855295567025,0.5309088496832546,0,matched_gt_highest_confidence,NMS1,6,6,178.0,396.0,73.0,90.0
nms,NMS,5996_1191043595_01_WRI-R2_M008.PNG,FP,0.5508135431819595,0.22477022556394802,0,no_gt_match_or_lower_confidence_on_same_gt,NMS2,2,2,164.0,335.0,110.0,90.0
nms,NMS,5996_1191043595_01_WRI-R2_M008.PNG,FP,0.14935016543322943,0.0,,no_gt_match_or_lower_confidence_on_same_gt,NMS3,5,5,76.0,158.0,91.0,90.0
nms,NMS,5996_1191043595_01_WRI-R2_M008.PNG,FP,0.034208212411413357,0.0,,no_gt_match_or_lower_confidence_on_same_gt,NMS4,3,3,165.0,289.0,91.0,90.0
nms,NMS,5996_1191043595_01_WRI-R2_M008.PNG,FP,0.02465337199249101,0.0,,no_gt_match_or_lower_confidence_on_same_gt,NMS5,1,"1,4",165.0,235.0,74.0,90.0
nms,NMS,6053_0664550533_02_WRI-R2_M010.PNG,TP,0.9542171142964837,0.6701512221359915,0,matched_gt_highest_confidence,NMS1,1,"1,5",233.0,475.0,110.0,90.0
nms,NMS,6053_0664550533_02_WRI-R2_M010.PNG,FP,0.09859091054389439,0.0,,no_gt_match_or_lower_confidence_on_same_gt,NMS2,2,2,255.0,715.0,85.0,90.0
nms,NMS,6053_0664550533_02_WRI-R2_M010.PNG,FP,0.005837359672961017,0.0,,no_gt_match_or_lower_confidence_on_same_gt,NMS3,4,4,240.0,332.0,90.0,90.0
nms,NMS,6053_0664550533_02_WRI-R2_M010.PNG,FP,0.004470043061154664,0.0,,no_gt_match_or_lower_confidence_on_same_gt,NMS4,3,3,240.0,379.0,88.0,90.0
nms,NMS,6060_0585926294_01_WRI-R2_M015.png,TP,0.8263975637107811,0.5222948586889863,0,matched_gt_highest_confidence,NMS1,1,"1,12",227.0,615.0,110.0,90.0
nms,NMS,6060_0585926294_01_WRI-R2_M015.png,FP,0.6611340963268146,0.0,,no_gt_match_or_lower_confidence_on_same_gt,NMS2,4,"4,9",240.0,725.0,95.0,90.0
nms,NMS,6060_0585926294_01_WRI-R2_M015.png,FP,0.1911931241753621,0.0,,no_gt_match_or_lower_confidence_on_same_gt,NMS3,11,11,162.0,303.0,91.0,90.0
nms,NMS,6060_0585926294_01_WRI-R2_M015.png,FP,0.18149353663646312,0.0,,no_gt_match_or_lower_confidence_on_same_gt,NMS4,7,7,222.0,406.0,91.0,90.0
nms,NMS,6060_0585926294_01_WRI-R2_M015.png,FP,0.057810653130388585,0.0,,no_gt_match_or_lower_confidence_on_same_gt,NMS5,5,5,331.0,478.0,17.0,90.0
nms,NMS,6060_0585926294_01_WRI-R2_M015.png,FP,0.05330655744801883,0.0,,no_gt_match_or_lower_confidence_on_same_gt,NMS6,2,2,233.0,505.0,117.0,90.0
nms,NMS,6060_0585926294_01_WRI-R2_M015.png,FP,0.049233791738391264,0.0,,no_gt_match_or_lower_confidence_on_same_gt,NMS7,3,3,247.0,335.0,105.0,90.0
nms,NMS,6060_0585926294_01_WRI-R2_M015.png,FP,0.020572460069527624,0.0,,no_gt_match_or_lower_confidence_on_same_gt,NMS8,10,10,240.0,380.0,83.0,90.0
nms,NMS,6060_0585926294_01_WRI-R2_M015.png,FP,0.010781469417702576,0.0,,no_gt_match_or_lower_confidence_on_same_gt,NMS9,6,6,295.0,302.0,91.0,90.0
nms,NMS,6060_0585926294_01_WRI-R2_M015.png,FP,0.0019458067143163827,0.04123754993939083,0,no_gt_match_or_lower_confidence_on_same_gt,NMS10,8,8,224.0,519.0,91.0,90.0
nms,NMS,6064_0993979697_01_WRI-R1_M004.PNG,TP,0.8071353991426637,0.5405399967918173,0,matched_gt_highest_confidence,NMS1,1,1,176.0,355.0,111.0,90.0
nms,NMS,6064_0993979697_01_WRI-R1_M004.PNG,FP,0.5947906791711536,0.10218740166357311,0,no_gt_match_or_lower_confidence_on_same_gt,NMS2,10,10,178.0,425.0,91.0,90.0
nms,NMS,6064_0993979697_01_WRI-R1_M004.PNG,FP,0.552807992820213,0.13005404067546436,0,no_gt_match_or_lower_confidence_on_same_gt,NMS3,4,4,219.0,322.0,91.0,90.0
nms,NMS,6064_0993979697_01_WRI-R1_M004.PNG,FP,0.42504597123148546,0.0,,no_gt_match_or_lower_confidence_on_same_gt,NMS4,2,2,317.0,385.0,77.0,90.0
nms,NMS,6064_0993979697_01_WRI-R1_M004.PNG,FP,0.3191908399691693,0.0,,no_gt_match_or_lower_confidence_on_same_gt,NMS5,9,9,143.0,143.0,92.0,90.0
nms,NMS,6064_0993979697_01_WRI-R1_M004.PNG,FP,0.0972545902110776,0.0,,no_gt_match_or_lower_confidence_on_same_gt,NMS6,6,6,168.0,218.0,52.0,90.0
nms,NMS,6064_0993979697_01_WRI-R1_M004.PNG,FP,0.027209733603217923,0.0,,no_gt_match_or_lower_confidence_on_same_gt,NMS7,7,7,289.0,172.0,91.0,90.0
nms,NMS,6064_0993979697_01_WRI-R1_M004.PNG,FP,0.014086324624103716,0.01101214842472587,0,no_gt_match_or_lower_confidence_on_same_gt,NMS8,8,8,162.0,301.0,91.0,90.0
nms,NMS,6064_0993979697_01_WRI-R1_M004.PNG,FP,0.007467462631123776,0.03661214762452676,0,no_gt_match_or_lower_confidence_on_same_gt,NMS9,5,5,227.0,431.0,91.0,90.0
nms,NMS,6064_0993979697_01_WRI-R1_M004.PNG,FP,0.0034748442136283454,0.0,,no_gt_match_or_lower_confidence_on_same_gt,NMS10,3,3,175.0,459.0,146.0,102.0
nms,NMS,6079_0512846944_01_WRI-R2_M011.png,TP,0.9905405511219822,0.6682811941844277,0,matched_gt_highest_confidence,NMS1,1,"1,11",166.0,495.0,117.0,90.0
nms,NMS,6079_0512846944_01_WRI-R2_M011.png,FP,0.23910956906270145,0.0,,no_gt_match_or_lower_confidence_on_same_gt,NMS2,4,4,188.0,655.0,64.0,90.0
nms,NMS,6079_0512846944_01_WRI-R2_M011.png,FP,0.0755719522837883,0.0,,no_gt_match_or_lower_confidence_on_same_gt,NMS3,9,9,258.0,256.0,7.0,90.0
nms,NMS,6079_0512846944_01_WRI-R2_M011.png,FP,0.07515763135093473,0.0,,no_gt_match_or_lower_confidence_on_same_gt,NMS4,10,10,153.0,293.0,7.0,90.0
nms,NMS,6079_0512846944_01_WRI-R2_M011.png,FP,0.0576061980193849,0.0,,no_gt_match_or_lower_confidence_on_same_gt,NMS5,8,8,238.0,398.0,15.0,90.0
nms,NMS,6079_0512846944_01_WRI-R2_M011.png,FP,0.014933878727853695,0.0,,no_gt_match_or_lower_confidence_on_same_gt,NMS6,6,6,273.0,623.0,14.0,90.0
nms,NMS,6079_0512846944_01_WRI-R2_M011.png,FP,0.009230755323558658,0.0,,no_gt_match_or_lower_confidence_on_same_gt,NMS7,3,3,77.0,285.0,67.0,90.0
nms,NMS,6079_0512846944_01_WRI-R2_M011.png,FP,0.005474435173862915,0.0,,no_gt_match_or_lower_confidence_on_same_gt,NMS8,5,5,189.0,745.0,66.0,90.0
nms,NMS,6079_0512846944_01_WRI-R2_M011.png,FP,0.0035199216966604573,0.0,,no_gt_match_or_lower_confidence_on_same_gt,NMS9,2,2,199.0,335.0,61.0,90.0
nms,NMS,6079_0512846944_01_WRI-R2_M011.png,FP,0.0031160279402677087,0.0,,no_gt_match_or_lower_confidence_on_same_gt,NMS10,7,7,270.0,753.0,19.0,90.0
