technique,technique_label,image,label,confidence_score,best_gt_iou,matched_gt_index,reason,roi_id,seed_roi_id,source_roi_ids,x,y,width,height,rank,cum_TP,cum_FP,precision,recall
nms,NMS,2230_0341843437_01_WRI-L2_F005.PNG,TP,0.9999998941737755,0.6346156762031575,0,matched_gt_highest_confidence,NMS1,5,5,219.0,380.0,81.0,90.0,1,1,0,1.0,0.004
nms,NMS,0542_0298295711_03_WRI-L2_F010.PNG,TP,0.9999997970731035,0.6184102918825263,0,matched_gt_highest_confidence,NMS1,7,7,130.0,376.0,91.0,90.0,2,2,0,1.0,0.008
nms,NMS,4605_0740967567_01_WRI-L2_F011.PNG,TP,0.9999992615558817,0.5712525255375708,0,matched_gt_highest_confidence,NMS1,15,15,289.0,525.0,85.0,90.0,3,3,0,1.0,0.012
nms,NMS,5874_0879009645_04_WRI-L2_M013.png,TP,0.9999987911706285,0.64160654257725,0,matched_gt_highest_confidence,NMS1,7,"7,8",236.0,513.0,91.0,90.0,4,4,0,1.0,0.016
nms,NMS,5333_1015227899_01_WRI-R2_F010.PNG,TP,0.9999979999075042,0.7308347426842444,0,matched_gt_highest_confidence,NMS1,1,"1,3",218.0,355.0,96.0,90.0,5,5,0,1.0,0.02
nms,NMS,1283_0402792035_01_WRI-L2_M009.png,TP,0.9999959428073301,0.7110372194965869,0,matched_gt_highest_confidence,NMS1,1,1,150.0,344.0,98.0,90.0,6,6,0,1.0,0.024
nms,NMS,5953_1118750249_01_WRI-L2_F013.png,TP,0.999995850884237,0.5896651322211616,0,matched_gt_highest_confidence,NMS1,1,1,199.0,446.0,143.0,100.0,7,7,0,1.0,0.028
nms,NMS,2363_0844094867_02_WRI-R2_F010.PNG,TP,0.99999011570197,0.6186022468162065,0,matched_gt_highest_confidence,NMS1,8,8,135.0,606.0,91.0,90.0,8,8,0,1.0,0.032
nms,NMS,1993_0548434682_03_WRI-R2_F009.PNG,TP,0.9999847485255072,0.5752163709990507,0,matched_gt_highest_confidence,NMS1,6,"6,3",160.0,442.0,66.0,90.0,9,9,0,1.0,0.036
nms,NMS,5303_0992053123_02_WRI-R2_F014.PNG,TP,0.9970801582175919,0.5673671376440831,0,matched_gt_highest_confidence,NMS1,3,3,224.0,442.0,136.0,96.0,10,10,0,1.0,0.04
nms,NMS,4857_1142512186_03_WRI-L2_M014.PNG,TP,0.9961379125592942,0.6308412901171923,0,matched_gt_highest_confidence,NMS1,7,7,193.0,476.0,75.0,90.0,11,11,0,1.0,0.044
nms,NMS,0028_0578333865_02_WRI-R1_M008.png,TP,0.9955300174452476,0.6480845982858866,0,matched_gt_highest_confidence,NMS1,1,"1,5",203.0,359.0,94.0,90.0,12,12,0,1.0,0.048
nms,NMS,2880_0995256867_02_WRI-R2_M010.png,TP,0.993902117611052,0.555973448056341,0,matched_gt_highest_confidence,NMS1,8,8,413.0,392.0,91.0,90.0,13,13,0,1.0,0.052
nms,NMS,0418_0986372204_04_WRI-L2_M008.png,TP,0.9938927669460996,0.5688596950704751,0,matched_gt_highest_confidence,NMS1,6,6,233.0,334.0,91.0,90.0,14,14,0,1.0,0.056
nms,NMS,2176_1073963460_04_WRI-L2_M009.png,TP,0.9927974159691221,0.5695891663861697,0,matched_gt_highest_confidence,NMS1,8,8,208.0,460.0,91.0,90.0,15,15,0,1.0,0.06
nms,NMS,0536_1045921212_01_WRI-L2_M007.PNG,TP,0.9927386164751659,0.6704137603009296,0,matched_gt_highest_confidence,NMS1,1,"1,10",220.0,528.0,82.0,90.0,16,16,0,1.0,0.064
nms,NMS,1160_0194008938_01_WRI-L2_M010.png,TP,0.9920985378369935,0.63352618516556,0,matched_gt_highest_confidence,NMS1,3,3,158.0,333.0,91.0,90.0,17,17,0,1.0,0.068
nms,NMS,5168_0338948778_01_WRI-R2_M007.PNG,TP,0.9916827781885291,0.5328254110940289,0,matched_gt_highest_confidence,NMS1,7,7,201.0,454.0,53.0,90.0,18,18,0,1.0,0.072
nms,NMS,5983_1184814878_01_WRI-L1_M011.png,TP,0.991249858893928,0.5626386551587863,0,matched_gt_highest_confidence,NMS1,1,1,216.0,480.0,172.0,120.0,19,19,0,1.0,0.076
nms,NMS,1632_0634171744_02_WRI-R2_M003.png,TP,0.990854104961967,0.8075772137550125,0,matched_gt_highest_confidence,NMS1,1,1,149.0,315.0,88.0,90.0,20,20,0,1.0,0.08
nms,NMS,6079_0512846944_01_WRI-R2_M011.png,TP,0.9905405511219822,0.6682811941844277,0,matched_gt_highest_confidence,NMS1,1,"1,11",166.0,495.0,117.0,90.0,21,21,0,1.0,0.084
nms,NMS,5613_0925004359_01_WRI-R2_F012.PNG,TP,0.9900685866167502,0.5801447714096902,0,matched_gt_highest_confidence,NMS1,1,"1,11",144.0,475.0,116.0,90.0,22,22,0,1.0,0.088
nms,NMS,1173_0822043658_01_WRI-R2_F009.PNG,TP,0.9896005384088438,0.5296154463275892,0,matched_gt_highest_confidence,NMS1,3,3,172.0,279.0,110.0,90.0,23,23,0,1.0,0.092
nms,NMS,1392_0677451986_01_WRI-R2_M017.png,TP,0.9889842314492658,0.8278172140367285,0,matched_gt_highest_confidence,NMS1,2,2,336.0,688.0,181.0,126.0,24,24,0,1.0,0.096
nms,NMS,1143_0633014370_02_WRI-L1_M012.png,TP,0.9889417160640395,0.6440806023699679,0,matched_gt_highest_confidence,NMS1,1,1,341.0,512.0,165.0,116.0,25,25,0,1.0,0.1
nms,NMS,5247_0628996773_06_WRI-L2_F009.png,TP,0.9886424246636141,0.5767335647441948,0,matched_gt_highest_confidence,NMS1,1,1,200.0,410.0,122.0,90.0,26,26,0,1.0,0.104
nms,NMS,0817_0782054506_01_WRI-R2_F006.png,TP,0.9886312333346241,0.673526233349971,0,matched_gt_highest_confidence,NMS1,8,8,184.0,483.0,91.0,90.0,27,27,0,1.0,0.108
nms,NMS,5355_0294185816_01_WRI-L2_M009.png,TP,0.9878408024465669,0.6895177008754315,0,matched_gt_highest_confidence,NMS1,5,5,179.0,724.0,118.0,90.0,28,28,0,1.0,0.112
nms,NMS,0313_0949893580_07_WRI-R2_F015.png,TP,0.9867591396464074,0.5976990571774112,0,matched_gt_highest_confidence,NMS1,2,"2,7",292.0,478.0,149.0,104.0,29,29,0,1.0,0.116
nms,NMS,5144_0421025634_01_WRI-R2_M013.PNG,TP,0.9866911678100473,0.6349504546113308,0,matched_gt_highest_confidence,NMS1,2,2,227.0,478.0,148.0,104.0,30,30,0,1.0,0.12
nms,NMS,4562_0499940005_02_WRI-R2_M003.PNG,TP,0.9864682903939326,0.612256112861967,0,matched_gt_highest_confidence,NMS1,4,4,261.0,259.0,76.0,90.0,31,31,0,1.0,0.124
nms,NMS,2419_1009570056_06_WRI-L2_F006.png,TP,0.9859915129931769,0.7363839603628457,0,matched_gt_highest_confidence,NMS1,2,"2,6",168.0,365.0,98.0,90.0,32,32,0,1.0,0.128
nms,NMS,0321_1214605337_02_WRI-L2_M012.PNG,TP,0.9858664635607994,0.6101047232793829,0,matched_gt_highest_confidence,NMS1,2,"2,13",201.0,502.0,136.0,96.0,33,33,0,1.0,0.132
nms,NMS,0642_0931369220_01_WRI-L2_F009.png,TP,0.9847383942732969,0.7401535514606491,0,matched_gt_highest_confidence,NMS1,1,1,86.0,425.0,107.0,90.0,34,34,0,1.0,0.136
nms,NMS,4657_1266664380_01_WRI-R2_F003.png,TP,0.9842651659209434,0.6359096425606999,0,matched_gt_highest_confidence,NMS1,1,1,162.0,245.0,84.0,90.0,35,35,0,1.0,0.14
nms,NMS,0243_0176233486_01_WRI-L2_M012.png,TP,0.9834565366505023,0.6071306136441551,0,matched_gt_highest_confidence,NMS1,20,20,256.0,430.0,69.0,90.0,36,36,0,1.0,0.144
nms,NMS,5168_0340721647_04_WRI-R2_M007.PNG,TP,0.9831917962624139,0.6559972676425927,0,matched_gt_highest_confidence,NMS1,2,2,142.0,465.0,77.0,90.0,37,37,0,1.0,0.148
nms,NMS,0030_0853281744_01_WRI-L2_F008.png,TP,0.9831023872887994,0.6589602102912308,0,matched_gt_highest_confidence,NMS1,1,"1,5",189.0,225.0,91.0,90.0,38,38,0,1.0,0.152
nms,NMS,5537_0386455412_01_WRI-R2_F006.PNG,TP,0.9826358956559714,0.5060828434247169,0,matched_gt_highest_confidence,NMS1,5,5,221.0,409.0,66.0,90.0,39,39,0,1.0,0.156
nms,NMS,0490_0671128517_01_WRI-R1_F012.PNG,TP,0.9824300077423439,0.6405953675898487,1,matched_gt_highest_confidence,NMS1,1,1,190.0,452.0,136.0,96.0,40,40,0,1.0,0.16
nms,NMS,1143_0707678749_04_WRI-R1_M014.png,TP,0.9820031230378391,0.6865381797840414,0,matched_gt_highest_confidence,NMS1,1,1,100.0,251.0,170.0,118.0,41,41,0,1.0,0.164
nms,NMS,5843_0796713227_01_WRI-L2_F012.png,FP,0.9815050185266797,0.27369379042443864,0,no_gt_match_or_lower_confidence_on_same_gt,NMS1,1,1,264.0,481.0,127.0,90.0,42,41,1,0.9761904761904762,0.164
nms,NMS,5489_0628153015_04_WRI-R2_M006.png,TP,0.9810694243101795,0.5476673055019426,0,matched_gt_highest_confidence,NMS1,6,6,178.0,447.0,70.0,90.0,43,42,1,0.9767441860465116,0.168
nms,NMS,0918_0390357076_01_WRI-L2_F012.png,TP,0.9809670034308291,0.6948546744223314,0,matched_gt_highest_confidence,NMS1,1,1,199.0,425.0,128.0,90.0,44,43,1,0.9772727272727273,0.172
nms,NMS,5281_0647811461_02_WRI-L2_F006.PNG,FP,0.9806361531729078,0.0,,no_gt_match_or_lower_confidence_on_same_gt,NMS1,1,1,205.0,295.0,129.0,90.0,45,43,2,0.9555555555555556,0.172
nms,NMS,0422_1296201520_04_WRI-L1_M010.PNG,FP,0.9793481781345108,0.042561377114687785,0,no_gt_match_or_lower_confidence_on_same_gt,NMS1,1,1,272.0,481.0,154.0,108.0,46,43,3,0.9347826086956522,0.172
nms,NMS,0530_0793776717_02_WRI-L2_M012.png,TP,0.9783703697001023,0.542234885314113,0,matched_gt_highest_confidence,NMS1,3,3,209.0,424.0,163.0,114.0,47,44,3,0.9361702127659575,0.176
nms,NMS,0507_1135294951_01_WRI-L2_M015.PNG,TP,0.9783368347262938,0.6900844868658932,0,matched_gt_highest_confidence,NMS1,1,1,227.0,437.0,181.0,126.0,48,45,3,0.9375,0.18
nms,NMS,0071_0678614107_01_WRI-R1_F009.png,FP,0.9782561475573165,0.0,,no_gt_match_or_lower_confidence_on_same_gt,NMS1,2,2,250.0,450.0,154.0,108.0,49,45,4,0.9183673469387755,0.18
nms,NMS,0125_0729674162_02_WRI-L2_M013.png,FP,0.9776514997020693,0.0,,no_gt_match_or_lower_confidence_on_same_gt,NMS1,6,"6,11",349.0,305.0,123.0,90.0,50,45,5,0.9,0.18
nms,NMS,4672_1042963085_08_WRI-L2_F010.png,TP,0.977073265457339,0.7478658398235191,0,matched_gt_highest_confidence,NMS1,4,4,133.0,555.0,105.0,90.0,51,46,5,0.9019607843137255,0.184
nms,NMS,4726_0968399137_05_WRI-R1_F009.png,TP,0.9761880084831093,0.6451516204739686,0,matched_gt_highest_confidence,NMS1,2,"2,9",128.0,420.0,147.0,102.0,52,47,5,0.9038461538461539,0.188
nms,NMS,5369_0843630267_04_WRI-L2_M005.PNG,TP,0.9751620132747175,0.6175055499338942,0,matched_gt_highest_confidence,NMS1,6,6,187.0,402.0,91.0,90.0,53,48,5,0.9056603773584906,0.192
nms,NMS,5537_0386455412_01_WRI-R2_F006.PNG,FP,0.9749659197620951,0.5317690026150923,0,no_gt_match_or_lower_confidence_on_same_gt,NMS2,2,2,212.0,385.0,87.0,90.0,54,48,6,0.8888888888888888,0.192
nms,NMS,0422_1294991061_03_WRI-L2_M010.PNG,FP,0.974810331374213,0.19748227458205383,0,no_gt_match_or_lower_confidence_on_same_gt,NMS1,6,6,233.0,475.0,91.0,90.0,55,48,7,0.8727272727272727,0.192
nms,NMS,5764_0922296377_02_WRI-L2_M008.png,TP,0.9746986677719855,0.5891782472122336,0,matched_gt_highest_confidence,NMS1,9,9,298.0,593.0,81.0,90.0,56,49,7,0.875,0.196
nms,NMS,4820_0744003709_04_WRI-L2_M014.PNG,TP,0.9713995083739478,0.7980738847435749,0,matched_gt_highest_confidence,NMS1,6,6,111.0,551.0,84.0,90.0,57,50,7,0.8771929824561403,0.2
nms,NMS,4936_0635336029_01_WRI-L1_F012.PNG,FP,0.9711820553660785,0.14595660399064847,0,no_gt_match_or_lower_confidence_on_same_gt,NMS1,2,"2,12",268.0,390.0,127.0,90.0,58,50,8,0.8620689655172413,0.2
nms,NMS,0562_1096729807_01_WRI-R1_F007.png,TP,0.9704550854177388,0.5864685204184009,0,matched_gt_highest_confidence,NMS1,3,3,210.0,439.0,133.0,94.0,59,51,8,0.864406779661017,0.204
nms,NMS,4969_0206805790_03_WRI-L2_F010.PNG,TP,0.9704180070266637,0.5819344656083866,0,matched_gt_highest_confidence,NMS1,10,10,292.0,601.0,91.0,90.0,60,52,8,0.8666666666666667,0.208
nms,NMS,0184_0953131511_01_WRI-R2_M017.png,TP,0.9691891806209665,0.7288947620074264,0,matched_gt_highest_confidence,NMS1,2,"2,6",230.0,515.0,115.0,90.0,61,53,8,0.8688524590163934,0.212
nms,NMS,0422_1296201520_04_WRI-L1_M010.PNG,TP,0.968596043680597,0.635619087882427,0,matched_gt_highest_confidence,NMS2,2,2,231.0,582.0,150.0,106.0,62,54,8,0.8709677419354839,0.216
nms,NMS,4857_1142512186_03_WRI-L2_M014.PNG,FP,0.9682990368452856,0.2565952301743883,0,no_gt_match_or_lower_confidence_on_same_gt,NMS2,1,"1,10",186.0,425.0,114.0,90.0,63,54,9,0.8571428571428571,0.216
nms,NMS,0028_0578333865_02_WRI-R1_M008.png,TP,0.968296609237424,0.5374264568044719,1,matched_gt_highest_confidence,NMS2,4,4,342.0,441.0,69.0,90.0,64,55,9,0.859375,0.22
nms,NMS,5168_0338948778_01_WRI-R2_M007.PNG,FP,0.9680864498121511,0.0,,no_gt_match_or_lower_confidence_on_same_gt,NMS2,2,2,185.0,365.0,95.0,90.0,65,55,10,0.8461538461538461,0.22
nms,NMS,1171_0294174076_01_WRI-R2_M013.PNG,TP,0.9674885898939862,0.6639516729966531,0,matched_gt_highest_confidence,NMS1,2,2,212.0,485.0,105.0,90.0,66,56,10,0.8484848484848485,0.224
nms,NMS,5474_0834280982_01_WRI-L2_M003.PNG,TP,0.9671246367218768,0.5269799038221771,0,matched_gt_highest_confidence,NMS1,15,15,174.0,584.0,91.0,90.0,67,57,10,0.8507462686567164,0.228
nms,NMS,0417_0727766468_03_WRI-R2_F009.png,TP,0.9664872393616203,0.6616567957742301,0,matched_gt_highest_confidence,NMS1,9,9,566.0,553.0,91.0,90.0,68,58,10,0.8529411764705882,0.232
nms,NMS,5247_0627787842_05_WRI-L2_F008.png,TP,0.9655341196719796,0.5642039572375006,0,matched_gt_highest_confidence,NMS1,3,3,237.0,607.0,85.0,90.0,69,59,10,0.855072463768116,0.236
nms,NMS,1036_0797762719_02_WRI-L2_M013.png,TP,0.9653747554878896,0.5535218820513219,0,matched_gt_highest_confidence,NMS1,12,12,203.0,667.0,91.0,90.0,70,60,10,0.8571428571428571,0.24
nms,NMS,5084_0371666121_01_WRI-L2_M014.PNG,TP,0.9650817790914629,0.6973847541997293,0,matched_gt_highest_confidence,NMS1,1,1,168.0,449.0,147.0,102.0,71,61,10,0.8591549295774648,0.244
nms,NMS,1536_1072748039_01_WRI-L2_M010.png,TP,0.963757259732235,0.6736479100551735,0,matched_gt_highest_confidence,NMS1,1,1,150.0,445.0,96.0,90.0,72,62,10,0.8611111111111112,0.248
nms,NMS,5915_0972188803_01_WRI-L1_M011.png,TP,0.9636588217279268,0.504481811313296,0,matched_gt_highest_confidence,NMS1,2,2,268.0,510.0,115.0,90.0,73,63,10,0.863013698630137,0.252
nms,NMS,0827_0782390551_01_WRI-L1_M016.PNG,TP,0.9630185520933996,0.5380778877001566,0,matched_gt_highest_confidence,NMS1,1,1,269.0,292.0,165.0,116.0,74,64,10,0.8648648648648649,0.256
nms,NMS,0749_0874509442_05_WRI-L1_M005.png,FP,0.9628930364773688,0.16325662438805297,0,no_gt_match_or_lower_confidence_on_same_gt,NMS1,1,1,214.0,234.0,161.0,112.0,75,64,11,0.8533333333333334,0.256
nms,NMS,1059_1194450089_01_WRI-R2_M006.png,TP,0.9602223259713072,0.8306107867528918,0,matched_gt_highest_confidence,NMS1,2,2,152.0,245.0,98.0,90.0,76,65,11,0.8552631578947368,0.26
nms,NMS,5931_0732587357_02_WRI-R2_M014.PNG,TP,0.959722158076134,0.6154467959482409,0,matched_gt_highest_confidence,NMS1,12,12,295.0,584.0,91.0,90.0,77,66,11,0.8571428571428571,0.264
nms,NMS,5764_0922296377_02_WRI-L2_M008.png,FP,0.9593927153677592,0.0,,no_gt_match_or_lower_confidence_on_same_gt,NMS2,1,1,276.0,495.0,116.0,90.0,78,66,12,0.8461538461538461,0.264
nms,NMS,0936_0638208714_03_WRI-R2_M008.PNG,TP,0.9592813310828356,0.6401941683999631,0,matched_gt_highest_confidence,NMS1,4,4,173.0,455.0,106.0,90.0,79,67,12,0.8481012658227848,0.268
nms,NMS,4847_0436558708_02_WRI-L2_M014.png,TP,0.9573734548448862,0.6131196134590057,0,matched_gt_highest_confidence,NMS1,11,11,252.0,583.0,88.0,90.0,80,68,12,0.85,0.272
nms,NMS,5162_0861552938_02_WRI-L2_M009.png,TP,0.9567617915326921,0.7461171629334331,0,matched_gt_highest_confidence,NMS1,2,2,221.0,565.0,104.0,90.0,81,69,12,0.8518518518518519,0.276
nms,NMS,5067_1201935013_05_WRI-L1_M014.png,TP,0.9561104581991079,0.5942216928446974,0,matched_gt_highest_confidence,NMS1,2,2,260.0,439.0,175.0,122.0,82,70,12,0.8536585365853658,0.28
nms,NMS,6053_0664550533_02_WRI-R2_M010.PNG,TP,0.9542171142964837,0.6701512221359915,0,matched_gt_highest_confidence,NMS1,1,"1,5",233.0,475.0,110.0,90.0,83,71,12,0.8554216867469879,0.284
nms,NMS,5373_0602157892_03_WRI-L2_F009.png,TP,0.9540237199829393,0.6107388867853354,0,matched_gt_highest_confidence,NMS1,6,6,216.0,315.0,91.0,90.0,84,72,12,0.8571428571428571,0.288
nms,NMS,0417_0727170640_02_WRI-R1_F009.PNG,TP,0.9532950495098529,0.7894191684494652,0,matched_gt_highest_confidence,NMS1,4,4,187.0,425.0,124.0,90.0,85,73,12,0.8588235294117647,0.292
nms,NMS,0005_0073601967_01_WRI-R2_F014.png,TP,0.9502473009367255,0.6081081953169282,0,matched_gt_highest_confidence,NMS1,2,"2,6",325.0,505.0,98.0,90.0,86,74,12,0.8604651162790697,0.296
nms,NMS,0288_1220813964_01_WRI-L2_F008.png,TP,0.9498912947114544,0.6715260487926652,0,matched_gt_highest_confidence,NMS1,3,3,243.0,595.0,100.0,90.0,87,75,12,0.8620689655172413,0.3
nms,NMS,4613_1297459976_01_WRI-L2_F011.PNG,TP,0.9496828280667454,0.6615212128136142,0,matched_gt_highest_confidence,NMS1,1,1,112.0,465.0,117.0,90.0,88,76,12,0.8636363636363636,0.304
nms,NMS,5097_0374478251_05_WRI-R2_M015.png,TP,0.9487087086158885,0.5200886869734324,0,matched_gt_highest_confidence,NMS1,2,2,312.0,496.0,155.0,108.0,89,77,12,0.8651685393258427,0.308
nms,NMS,5865_0983089944_07_WRI-L1_F005.png,TP,0.9474854298085683,0.7783048139994819,0,matched_gt_highest_confidence,NMS1,2,"2,6",164.0,461.0,99.0,90.0,90,78,12,0.8666666666666667,0.312
nms,NMS,1218_0392258361_05_WRI-R2_M014.png,FP,0.9473542038971635,0.27990436026870696,0,no_gt_match_or_lower_confidence_on_same_gt,NMS1,18,18,232.0,626.0,91.0,90.0,91,78,13,0.8571428571428571,0.312
nms,NMS,0241_0751818378_01_WRI-L2_M014.PNG,TP,0.9434924691775651,0.5834523954729869,0,matched_gt_highest_confidence,NMS1,3,3,140.0,350.0,171.0,120.0,92,79,13,0.8586956521739131,0.316
nms,NMS,1563_0496123113_02_WRI-L1_M011.png,TP,0.9418594679696972,0.6068646403536456,0,matched_gt_highest_confidence,NMS1,6,6,257.0,638.0,149.0,104.0,93,80,13,0.8602150537634409,0.32
nms,NMS,0809_0409215096_03_WRI-L2_F007.png,TP,0.9404603137783041,0.6537024704996922,0,matched_gt_highest_confidence,NMS1,7,7,142.0,385.0,64.0,90.0,94,81,13,0.8617021276595744,0.324
nms,NMS,0936_0638208714_03_WRI-R2_M008.PNG,FP,0.939626385908165,0.1662763784746049,0,no_gt_match_or_lower_confidence_on_same_gt,NMS2,1,1,175.0,365.0,113.0,90.0,95,81,14,0.8526315789473684,0.324
nms,NMS,5845_1129334892_04_WRI-R2_F010.png,TP,0.9392516649012461,0.5544366799821796,0,matched_gt_highest_confidence,NMS1,8,8,266.0,472.0,91.0,90.0,96,82,14,0.8541666666666666,0.328
nms,NMS,0915_0434122280_01_WRI-L1_M008.PNG,FP,0.9385111946141034,0.0,,no_gt_match_or_lower_confidence_on_same_gt,NMS1,1,1,238.0,340.0,135.0,94.0,97,82,15,0.845360824742268,0.328
nms,NMS,5922_0905499124_02_WRI-L2_F012.png,TP,0.9375347373212047,0.66543700959562,0,matched_gt_highest_confidence,NMS1,1,"1,8",208.0,435.0,120.0,90.0,98,83,15,0.8469387755102041,0.332
nms,NMS,5123_1014618536_01_WRI-L2_M005.png,TP,0.9352569766211906,0.5745242720606794,0,matched_gt_highest_confidence,NMS1,4,4,188.0,368.0,65.0,90.0,99,84,15,0.8484848484848485,0.336
nms,NMS,1429_0951458673_04_WRI-L1_M007.PNG,FP,0.9344342240062989,0.45924620029562924,0,no_gt_match_or_lower_confidence_on_same_gt,NMS1,6,"6,1",157.0,400.0,77.0,90.0,100,84,16,0.84,0.336
nms,NMS,0177_0391004130_04_WRI-R2_M007.PNG,TP,0.9321365837823586,0.8506182117468305,0,matched_gt_highest_confidence,NMS1,1,1,171.0,405.0,100.0,90.0,101,85,16,0.8415841584158416,0.34
nms,NMS,5247_0625408586_02_WRI-L2_F008.png,TP,0.929439388092607,0.5218789327954276,0,matched_gt_highest_confidence,NMS1,2,2,157.0,645.0,116.0,90.0,102,86,16,0.8431372549019608,0.344
nms,NMS,5229_1076706016_04_WRI-R1_M008.png,TP,0.9292243045369556,0.8488800976469756,0,matched_gt_highest_confidence,NMS2,2,2,167.0,525.0,156.0,110.0,103,87,16,0.8446601941747572,0.348
nms,NMS,4542_0289418685_06_WRI-R2_M012.PNG,FP,0.9280914765783352,0.0,,no_gt_match_or_lower_confidence_on_same_gt,NMS1,4,4,257.0,330.0,181.0,126.0,104,87,17,0.8365384615384616,0.348
nms,NMS,5277_0502084754_04_WRI-R2_M014.png,TP,0.9276350059825765,0.6139424025708952,0,matched_gt_highest_confidence,NMS1,1,"1,5",219.0,375.0,100.0,90.0,105,88,17,0.8380952380952381,0.352
nms,NMS,0125_0729674162_02_WRI-L2_M013.png,FP,0.9260114584678129,0.0,,no_gt_match_or_lower_confidence_on_same_gt,NMS2,12,12,274.0,571.0,91.0,90.0,106,88,18,0.8301886792452831,0.352
nms,NMS,1391_1164684862_01_WRI-L2_F012.PNG,TP,0.9256387684486242,0.531224196603281,0,matched_gt_highest_confidence,NMS1,4,4,139.0,245.0,91.0,90.0,107,89,18,0.8317757009345794,0.356
nms,NMS,1979_1021352022_02_WRI-R1_M007.PNG,TP,0.9250739564633221,0.5340976332117657,0,matched_gt_highest_confidence,NMS1,11,11,273.0,355.0,91.0,90.0,108,90,18,0.8333333333333334,0.36
nms,NMS,4627_0260405716_03_WRI-L2_M008.PNG,FP,0.9221637790027355,0.0,,no_gt_match_or_lower_confidence_on_same_gt,NMS1,1,1,236.0,267.0,106.0,90.0,109,90,19,0.8256880733944955,0.36
nms,NMS,5162_0861552938_02_WRI-L2_M009.png,FP,0.9217942207380092,0.0,,no_gt_match_or_lower_confidence_on_same_gt,NMS2,1,1,229.0,450.0,144.0,100.0,110,90,20,0.8181818181818182,0.36
nms,NMS,5227_0411829511_01_WRI-L2_M011.png,TP,0.9212710199671612,0.7540547021333623,0,matched_gt_highest_confidence,NMS1,1,1,137.0,445.0,93.0,90.0,111,91,20,0.8198198198198198,0.364
nms,NMS,4732_0612125811_02_WRI-L2_F004.PNG,TP,0.9212007848167131,0.5620475639924896,0,matched_gt_highest_confidence,NMS1,4,4,240.0,370.0,58.0,90.0,112,92,20,0.8214285714285714,0.368
nms,NMS,0598_0792844418_02_WRI-L2_F008.png,TP,0.9207936037268599,0.6522515955966699,0,matched_gt_highest_confidence,NMS1,2,2,165.0,414.0,119.0,90.0,113,93,20,0.8230088495575221,0.372
nms,NMS,5456_0603428013_02_WRI-L2_M011.PNG,TP,0.9205528455922091,0.5442645718738973,0,matched_gt_highest_confidence,NMS1,3,3,175.0,605.0,107.0,90.0,114,94,20,0.8245614035087719,0.376
nms,NMS,0915_0434122280_01_WRI-L1_M008.PNG,TP,0.9203248109250162,0.6544120122897249,0,matched_gt_highest_confidence,NMS2,5,5,262.0,445.0,90.0,90.0,115,95,20,0.8260869565217391,0.38
nms,NMS,1006_0840174727_01_WRI-L2_M006.png,TP,0.9179081553572541,0.6509939383802417,0,matched_gt_highest_confidence,NMS1,2,"2,5",110.0,355.0,129.0,90.0,116,96,20,0.8275862068965517,0.384
nms,NMS,5201_0616435065_02_WRI-L2_M006.PNG,TP,0.9161362998889134,0.5422518835981126,0,matched_gt_highest_confidence,NMS1,7,7,170.0,573.0,77.0,90.0,117,97,20,0.8290598290598291,0.388
nms,NMS,4587_0374311805_01_WRI-L2_M010.png,TP,0.9135016875136422,0.5837374932948358,0,matched_gt_highest_confidence,NMS1,7,7,216.0,501.0,82.0,90.0,118,98,20,0.8305084745762712,0.392
nms,NMS,4542_0289418685_06_WRI-R2_M012.PNG,FP,0.9114376677303799,0.17850970677885708,0,no_gt_match_or_lower_confidence_on_same_gt,NMS2,9,9,302.0,632.0,90.0,90.0,119,98,21,0.8235294117647058,0.392
nms,NMS,0482_0829961405_03_WRI-R2_M012.png,TP,0.9113103003438969,0.5354705728393336,0,matched_gt_highest_confidence,NMS1,7,"7,3",244.0,590.0,91.0,90.0,120,99,21,0.825,0.396
nms,NMS,0953_1065712598_01_WRI-L2_F005.PNG,TP,0.9097573363216285,0.5513723640908383,0,matched_gt_highest_confidence,NMS1,2,2,119.0,273.0,68.0,90.0,121,100,21,0.8264462809917356,0.4
nms,NMS,0288_1220813964_01_WRI-L2_F008.png,FP,0.9061639279667832,0.08147528918307013,0,no_gt_match_or_lower_confidence_on_same_gt,NMS2,1,1,238.0,495.0,158.0,110.0,122,100,22,0.819672131147541,0.4
nms,NMS,0125_0729674162_02_WRI-L2_M013.png,FP,0.9060696672945785,0.0,,no_gt_match_or_lower_confidence_on_same_gt,NMS3,4,4,278.0,555.0,124.0,90.0,123,100,23,0.8130081300813008,0.4
nms,NMS,1391_1164684862_01_WRI-L2_F012.PNG,FP,0.904900599720783,0.22660614725100692,0,no_gt_match_or_lower_confidence_on_same_gt,NMS2,1,1,125.0,205.0,112.0,90.0,124,100,24,0.8064516129032258,0.4
nms,NMS,5456_0603427972_01_WRI-L1_M011.png,TP,0.9039845451349431,0.5571748739610171,0,matched_gt_highest_confidence,NMS1,3,3,360.0,602.0,138.0,96.0,125,101,24,0.808,0.404
nms,NMS,2975_0736302598_03_WRI-R2_M008.PNG,TP,0.8995122635078076,0.6075339678777542,0,matched_gt_highest_confidence,NMS1,12,12,259.0,526.0,81.0,90.0,126,102,24,0.8095238095238095,0.408
nms,NMS,0403_0402818592_02_WRI-R2_F011.PNG,TP,0.8975309353418142,0.7765842376208079,0,matched_gt_highest_confidence,NMS1,2,2,177.0,283.0,134.0,94.0,127,103,24,0.8110236220472441,0.412
nms,NMS,0457_1033174859_01_WRI-R2_F008.png,TP,0.8974315378167415,0.5694347737018554,0,matched_gt_highest_confidence,NMS2,8,8,252.0,497.0,63.0,90.0,128,104,24,0.8125,0.416
nms,NMS,1392_0677451986_01_WRI-R2_M017.png,FP,0.8971305830584199,0.17915304984303068,0,no_gt_match_or_lower_confidence_on_same_gt,NMS2,23,23,380.0,752.0,91.0,90.0,129,104,25,0.8062015503875969,0.416
nms,NMS,5626_0900518003_02_WRI-R2_F006.PNG,TP,0.896245394420578,0.6090739922528571,0,matched_gt_highest_confidence,NMS1,1,1,189.0,375.0,108.0,90.0,130,105,25,0.8076923076923077,0.42
nms,NMS,4612_0535367399_03_WRI-L2_M012.PNG,TP,0.895642329040611,0.5957730791276344,0,matched_gt_highest_confidence,NMS1,2,"2,6",211.0,415.0,94.0,90.0,131,106,25,0.8091603053435115,0.424
nms,NMS,2419_1009570056_06_WRI-L2_F006.png,FP,0.8943520495135574,0.0,,no_gt_match_or_lower_confidence_on_same_gt,NMS2,1,1,160.0,265.0,87.0,90.0,132,106,26,0.803030303030303,0.424
nms,NMS,4977_0714310037_05_WRI-R2_F008.PNG,TP,0.8930609528599609,0.6836528942985048,0,matched_gt_highest_confidence,NMS1,6,6,215.0,376.0,79.0,90.0,133,107,26,0.8045112781954887,0.428
nms,NMS,0812_0349793895_03_WRI-L2_M013.PNG,FP,0.8929656181485682,0.0,,no_gt_match_or_lower_confidence_on_same_gt,NMS1,11,11,107.0,744.0,181.0,126.0,134,107,27,0.7985074626865671,0.428
nms,NMS,1563_0496123113_02_WRI-L1_M011.png,FP,0.8906462229779909,0.06487740513388718,0,no_gt_match_or_lower_confidence_on_same_gt,NMS2,1,1,247.0,497.0,181.0,126.0,135,107,28,0.7925925925925926,0.428
nms,NMS,5922_0905499124_02_WRI-L2_F012.png,FP,0.8902606586972003,0.0,,no_gt_match_or_lower_confidence_on_same_gt,NMS2,3,3,232.0,305.0,116.0,90.0,136,107,29,0.7867647058823529,0.428
nms,NMS,4551_0708641747_01_WRI-L1_M008.png,TP,0.8901513728840043,0.7175913256114411,0,matched_gt_highest_confidence,NMS1,3,"3,11",280.0,515.0,102.0,90.0,137,108,29,0.7883211678832117,0.432
nms,NMS,1493_0516110451_02_WRI-L1_F012.PNG,TP,0.886832213369643,0.5668455806013128,0,matched_gt_highest_confidence,NMS1,3,3,360.0,403.0,164.0,114.0,138,109,29,0.7898550724637681,0.436
nms,NMS,4936_0635336029_01_WRI-L1_F012.PNG,TP,0.8861277897431149,0.5381721916508677,0,matched_gt_highest_confidence,NMS2,10,10,321.0,440.0,91.0,90.0,139,110,29,0.7913669064748201,0.44
nms,NMS,5456_0603427972_01_WRI-L1_M011.png,FP,0.8826025344095545,0.0,,no_gt_match_or_lower_confidence_on_same_gt,NMS2,4,4,370.0,375.0,115.0,90.0,140,110,30,0.7857142857142857,0.44
nms,NMS,0240_0448883998_01_WRI-R2_F012.PNG,TP,0.8817965381099961,0.5652839914554497,0,matched_gt_highest_confidence,NMS1,3,3,246.0,475.0,98.0,90.0,141,111,30,0.7872340425531915,0.444
nms,NMS,0869_0615436364_02_WRI-R2_M016.PNG,FP,0.8808533367211868,0.0,,no_gt_match_or_lower_confidence_on_same_gt,NMS1,7,7,366.0,645.0,126.0,90.0,142,111,31,0.7816901408450704,0.444
nms,NMS,5466_1178121802_02_WRI-L2_M013.png,FP,0.8795027174898864,0.0,,no_gt_match_or_lower_confidence_on_same_gt,NMS1,5,5,212.0,265.0,119.0,90.0,143,111,32,0.7762237762237763,0.444
nms,NMS,4551_0708641747_01_WRI-L1_M008.png,FP,0.8760033753316502,0.0,,no_gt_match_or_lower_confidence_on_same_gt,NMS2,2,2,269.0,376.0,154.0,108.0,144,111,33,0.7708333333333334,0.444
nms,NMS,4612_0535367399_03_WRI-L2_M012.PNG,FP,0.8748871038196234,0.0,,no_gt_match_or_lower_confidence_on_same_gt,NMS2,1,1,193.0,255.0,129.0,90.0,145,111,34,0.7655172413793103,0.444
nms,NMS,5289_0680957054_03_WRI-L2_M009.PNG,TP,0.8733138178500256,0.5456338070179055,0,matched_gt_highest_confidence,NMS1,2,2,167.0,344.0,145.0,102.0,146,112,34,0.7671232876712328,0.448
nms,NMS,4891_0935989047_01_WRI-R1_M011.png,TP,0.8698991918855201,0.5632717715196551,0,matched_gt_highest_confidence,NMS1,1,1,196.0,395.0,171.0,120.0,147,113,34,0.7687074829931972,0.452
nms,NMS,2363_0844094867_02_WRI-R2_F010.PNG,FP,0.8630496118162977,0.0,,no_gt_match_or_lower_confidence_on_same_gt,NMS2,1,"1,7",178.0,465.0,116.0,90.0,148,113,35,0.7635135135135135,0.452
nms,NMS,4708_0685185180_02_WRI-L3_M005.png,TP,0.860310449416879,0.6004819539010157,0,matched_gt_highest_confidence,NMS1,4,4,188.0,271.0,91.0,90.0,149,114,35,0.7651006711409396,0.456
nms,NMS,4650_0823981766_01_WRI-L2_M014.png,TP,0.859221595327693,0.6319245351654347,0,matched_gt_highest_confidence,NMS1,1,1,155.0,705.0,128.0,90.0,150,115,35,0.7666666666666667,0.46
nms,NMS,5337_0874269007_02_WRI-R2_F012.PNG,FP,0.855771205833212,0.08602548309259522,0,no_gt_match_or_lower_confidence_on_same_gt,NMS1,9,9,223.0,631.0,91.0,90.0,151,115,36,0.7615894039735099,0.46
nms,NMS,5474_0881416362_05_WRI-R2_M005.PNG,TP,0.8546104094230363,0.5948309952155064,0,matched_gt_highest_confidence,NMS2,7,7,213.0,410.0,58.0,90.0,152,116,36,0.7631578947368421,0.464
nms,NMS,5845_1129334892_04_WRI-R2_F010.png,FP,0.8534048227363097,0.07920526059301047,0,no_gt_match_or_lower_confidence_on_same_gt,NMS2,1,1,277.0,425.0,94.0,90.0,153,116,37,0.7581699346405228,0.464
nms,NMS,5230_0288804781_01_WRI-L2_M010.png,TP,0.8532670813016494,0.6478872947949836,0,matched_gt_highest_confidence,NMS1,8,8,236.0,538.0,87.0,90.0,154,117,37,0.7597402597402597,0.468
nms,NMS,4681_0424478056_02_WRI-R2_M013.png,FP,0.850793011393229,0.0,,no_gt_match_or_lower_confidence_on_same_gt,NMS1,2,2,181.0,483.0,135.0,94.0,155,117,38,0.7548387096774194,0.468
nms,NMS,4886_0345385374_03_WRI-L1_F009.PNG,TP,0.8487204628730319,0.5768005349205466,0,matched_gt_highest_confidence,NMS1,2,"2,11",311.0,605.0,116.0,90.0,156,118,38,0.7564102564102564,0.472
nms,NMS,0798_1177663651_03_WRI-R2_M010.png,TP,0.8478357540575677,0.5116840631090265,0,matched_gt_highest_confidence,NMS1,10,10,143.0,552.0,91.0,90.0,157,119,38,0.7579617834394905,0.476
nms,NMS,0749_0874509442_05_WRI-L1_M005.png,TP,0.8473268890737855,0.5463760874509309,1,matched_gt_highest_confidence,NMS2,8,8,132.0,359.0,91.0,90.0,158,120,38,0.759493670886076,0.48
nms,NMS,0473_1196675800_01_WRI-R1_M013.PNG,TP,0.8469926058308003,0.6010033191372208,0,matched_gt_highest_confidence,NMS1,1,1,195.0,472.0,163.0,114.0,159,121,38,0.7610062893081762,0.484
nms,NMS,2602_0745106729_06_WRI-L2_M014.png,TP,0.8442560598285133,0.7236017362337906,0,matched_gt_highest_confidence,NMS1,10,10,178.0,611.0,91.0,90.0,160,122,38,0.7625,0.488
nms,NMS,1020_0255757840_02_WRI-R2_F010.png,FP,0.8436836891810989,0.0,,no_gt_match_or_lower_confidence_on_same_gt,NMS1,8,8,101.0,615.0,64.0,90.0,161,122,39,0.7577639751552795,0.488
nms,NMS,5922_0905499124_02_WRI-L2_F012.png,FP,0.8418353682842921,0.0,,no_gt_match_or_lower_confidence_on_same_gt,NMS3,2,2,216.0,525.0,95.0,90.0,162,122,40,0.7530864197530864,0.488
nms,NMS,0239_0828414004_02_WRI-L2_M009.PNG,FP,0.8402038282358882,0.037833020840792576,0,no_gt_match_or_lower_confidence_on_same_gt,NMS1,3,3,226.0,545.0,124.0,90.0,163,122,41,0.7484662576687117,0.488
nms,NMS,2660_0622346450_03_WRI-R1_M013.png,TP,0.840021746077418,0.6645538568140239,0,matched_gt_highest_confidence,NMS1,4,4,154.0,579.0,147.0,102.0,164,123,41,0.75,0.492
nms,NMS,0537_1193881316_01_WRI-L1_F007.PNG,TP,0.8396899557916879,0.5964993090553319,0,matched_gt_highest_confidence,NMS1,1,1,209.0,315.0,127.0,90.0,165,124,41,0.7515151515151515,0.496
nms,NMS,1009_1045147893_04_WRI-R2_M013.png,TP,0.839668549694748,0.7506335970956466,0,matched_gt_highest_confidence,NMS2,2,2,146.0,645.0,118.0,90.0,166,125,41,0.7530120481927711,0.5
nms,NMS,5314_0269274371_04_WRI-R2_F010.PNG,FP,0.8391553051859219,0.0,,no_gt_match_or_lower_confidence_on_same_gt,NMS1,10,10,278.0,566.0,91.0,90.0,167,125,42,0.7485029940119761,0.5
nms,NMS,5466_1178121802_02_WRI-L2_M013.png,TP,0.8381430952101652,0.5290342366225296,0,matched_gt_highest_confidence,NMS2,12,12,212.0,620.0,91.0,90.0,168,126,42,0.75,0.504
nms,NMS,5931_0732587357_02_WRI-R2_M014.PNG,FP,0.8380701732962954,0.0,,no_gt_match_or_lower_confidence_on_same_gt,NMS2,10,10,461.0,385.0,99.0,90.0,169,126,43,0.7455621301775148,0.504
nms,NMS,5247_0625408586_02_WRI-L2_F008.png,FP,0.8352912405735303,0.5533925319089176,0,no_gt_match_or_lower_confidence_on_same_gt,NMS2,25,25,185.0,665.0,91.0,90.0,170,126,44,0.7411764705882353,0.504
nms,NMS,5013_0267679637_04_WRI-L2_M007.png,FP,0.8340714142489538,0.0,,no_gt_match_or_lower_confidence_on_same_gt,NMS1,4,4,158.0,240.0,91.0,90.0,171,126,45,0.7368421052631579,0.504
nms,NMS,1860_0668647760_02_WRI-R1_M010.png,FP,0.8338448697009956,0.0,,no_gt_match_or_lower_confidence_on_same_gt,NMS1,4,4,171.0,612.0,91.0,90.0,172,126,46,0.7325581395348837,0.504
nms,NMS,0869_0615436364_02_WRI-R2_M016.PNG,TP,0.8297986666740506,0.8393310954319958,0,matched_gt_highest_confidence,NMS2,2,2,246.0,414.0,161.0,112.0,173,127,46,0.7341040462427746,0.508
nms,NMS,1173_0822043658_01_WRI-R2_F009.PNG,FP,0.8288974937538232,0.0,,no_gt_match_or_lower_confidence_on_same_gt,NMS2,1,"1,5",147.0,169.0,123.0,90.0,174,127,47,0.7298850574712644,0.508
nms,NMS,0699_0308341460_03_WRI-L2_M013.PNG,TP,0.8277903896422394,0.6009775173891992,0,matched_gt_highest_confidence,NMS1,9,"9,11",139.0,595.0,91.0,90.0,175,128,47,0.7314285714285714,0.512
nms,NMS,0546_0415831661_01_WRI-L2_F011.PNG,TP,0.8272796008346532,0.5193701575186603,0,matched_gt_highest_confidence,NMS1,8,8,153.0,515.0,91.0,90.0,176,129,47,0.7329545454545454,0.516
nms,NMS,5121_0676540097_02_WRI-R1_M011.PNG,FP,0.8271854038585982,0.0,,no_gt_match_or_lower_confidence_on_same_gt,NMS1,9,9,318.0,455.0,72.0,90.0,177,129,48,0.7288135593220338,0.516
nms,NMS,0177_0391004130_04_WRI-R2_M007.PNG,FP,0.8269534115788973,0.0,,no_gt_match_or_lower_confidence_on_same_gt,NMS2,4,4,249.0,138.0,91.0,90.0,178,129,49,0.7247191011235955,0.516
nms,NMS,6060_0585926294_01_WRI-R2_M015.png,TP,0.8263975637107811,0.5222948586889863,0,matched_gt_highest_confidence,NMS1,1,"1,12",227.0,615.0,110.0,90.0,179,130,49,0.7262569832402235,0.52
nms,NMS,5121_0676540097_02_WRI-R1_M011.PNG,TP,0.8227782383930429,0.7574803764764984,0,matched_gt_highest_confidence,NMS2,5,5,120.0,407.0,152.0,106.0,180,131,49,0.7277777777777777,0.524
nms,NMS,0798_1176968591_01_WRI-L2_M010.PNG,TP,0.8227459211239346,0.5697223524787909,0,matched_gt_highest_confidence,NMS1,1,1,268.0,359.0,181.0,126.0,181,132,49,0.7292817679558011,0.528
nms,NMS,0627_1041082936_04_WRI-L2_M010.PNG,TP,0.8217508388295925,0.5246355835144821,0,matched_gt_highest_confidence,NMS1,1,1,120.0,597.0,57.0,90.0,182,133,49,0.7307692307692307,0.532
nms,NMS,5552_0231280543_01_WRI-R2_M005.PNG,TP,0.8205811741988677,0.6165663050181195,0,matched_gt_highest_confidence,NMS1,4,4,101.0,372.0,91.0,90.0,183,134,49,0.73224043715847,0.536
nms,NMS,0507_1135294951_01_WRI-L2_M015.PNG,FP,0.8193035178954968,0.21764588126046028,0,no_gt_match_or_lower_confidence_on_same_gt,NMS2,9,9,325.0,425.0,91.0,90.0,184,134,50,0.7282608695652174,0.536
nms,NMS,0581_0562535807_01_WRI-L2_F005.PNG,TP,0.8191967912275253,0.5192165754578344,0,matched_gt_highest_confidence,NMS1,2,2,168.0,358.0,96.0,90.0,185,135,50,0.7297297297297297,0.54
nms,NMS,0063_0566100866_02_WRI-R2_F011.png,TP,0.8190666438057924,0.5080154700911031,0,matched_gt_highest_confidence,NMS1,7,7,249.0,443.0,91.0,90.0,186,136,50,0.7311827956989247,0.544
nms,NMS,5281_0647811461_02_WRI-L2_F006.PNG,FP,0.818760860334044,0.0,,no_gt_match_or_lower_confidence_on_same_gt,NMS2,4,4,250.0,247.0,91.0,90.0,187,136,51,0.7272727272727273,0.544
nms,NMS,0201_0583807806_04_WRI-L2_M011.png,FP,0.8156391512932515,0.0,,no_gt_match_or_lower_confidence_on_same_gt,NMS1,1,1,114.0,325.0,112.0,90.0,188,136,52,0.723404255319149,0.544
nms,NMS,5664_1006579341_01_WRI-L2_F006.png,FP,0.8153359415646302,0.16540026757209644,0,no_gt_match_or_lower_confidence_on_same_gt,NMS1,1,1,122.0,375.0,94.0,90.0,189,136,53,0.7195767195767195,0.544
nms,NMS,0641_0946080010_02_WRI-R2_F012.png,TP,0.8108420408073589,0.5692260099556354,0,matched_gt_highest_confidence,NMS1,8,"8,4",287.0,464.0,91.0,90.0,190,137,53,0.7210526315789474,0.548
nms,NMS,0490_0671128517_01_WRI-R1_F012.PNG,TP,0.8096114497367228,0.555278560149508,0,matched_gt_highest_confidence,NMS2,20,20,401.0,531.0,59.0,90.0,191,138,53,0.7225130890052356,0.552
nms,NMS,1860_0668647760_02_WRI-R1_M010.png,TP,0.8083175978287666,0.6193607563868928,0,matched_gt_highest_confidence,NMS2,9,9,171.0,453.0,91.0,90.0,192,139,53,0.7239583333333334,0.556
nms,NMS,1218_0392258361_05_WRI-R2_M014.png,TP,0.8079719842737387,0.6409192115053682,0,matched_gt_highest_confidence,NMS2,2,2,228.0,588.0,177.0,124.0,193,140,53,0.7253886010362695,0.56
nms,NMS,6064_0993979697_01_WRI-R1_M004.PNG,TP,0.8071353991426637,0.5405399967918173,0,matched_gt_highest_confidence,NMS1,1,1,176.0,355.0,111.0,90.0,194,141,53,0.7268041237113402,0.564
nms,NMS,5764_0922296377_02_WRI-L2_M008.png,FP,0.8061147027442499,0.0,,no_gt_match_or_lower_confidence_on_same_gt,NMS3,4,4,347.0,272.0,138.0,96.0,195,141,54,0.7230769230769231,0.564
nms,NMS,0943_0495535496_01_WRI-L1_F009.PNG,TP,0.8048956819941808,0.6959211130984408,0,matched_gt_highest_confidence,NMS1,1,1,285.0,357.0,109.0,90.0,196,142,54,0.7244897959183674,0.568
nms,NMS,1743_0153724007_04_WRI-L2_M008.png,FP,0.8033051970570375,0.007476091708596456,0,no_gt_match_or_lower_confidence_on_same_gt,NMS1,1,1,181.0,375.0,100.0,90.0,197,142,55,0.7208121827411168,0.568
nms,NMS,5915_0972188803_01_WRI-L1_M011.png,FP,0.8001877091113612,0.20321216010197432,0,no_gt_match_or_lower_confidence_on_same_gt,NMS2,8,8,298.0,433.0,91.0,90.0,198,142,56,0.7171717171717171,0.568
nms,NMS,5337_0874269007_02_WRI-R2_F012.PNG,TP,0.7990292756184395,0.5262593667232927,0,matched_gt_highest_confidence,NMS2,12,12,229.0,574.0,91.0,90.0,199,143,56,0.7185929648241206,0.572
nms,NMS,0203_1114068044_01_WRI-L1_M011.png,FP,0.7967103823382858,0.0,,no_gt_match_or_lower_confidence_on_same_gt,NMS1,6,6,209.0,560.0,106.0,90.0,200,143,57,0.715,0.572
nms,NMS,0125_0729674162_02_WRI-L2_M013.png,TP,0.7964480601505926,0.5492002137691029,0,matched_gt_highest_confidence,NMS4,2,2,299.0,675.0,112.0,90.0,201,144,57,0.7164179104477612,0.576
nms,NMS,1342_0844831428_01_WRI-R2_F009.PNG,TP,0.795672410744824,0.5866882047338436,0,matched_gt_highest_confidence,NMS1,6,6,209.0,407.0,84.0,90.0,202,145,57,0.7178217821782178,0.58
nms,NMS,0979_0438007900_01_WRI-L2_M013.PNG,TP,0.7947823911598045,0.6291011749914142,0,matched_gt_highest_confidence,NMS1,1,1,169.0,414.0,161.0,112.0,203,146,57,0.7192118226600985,0.584
nms,NMS,5642_0300991869_04_WRI-R1_M010.PNG,TP,0.7934292205295376,0.6937765730744382,0,matched_gt_highest_confidence,NMS1,1,1,157.0,503.0,166.0,116.0,204,147,57,0.7205882352941176,0.588
nms,NMS,0203_1114068044_01_WRI-L1_M011.png,FP,0.7912676844057447,0.0,,no_gt_match_or_lower_confidence_on_same_gt,NMS2,24,24,197.0,603.0,91.0,90.0,205,147,58,0.7170731707317073,0.588
nms,NMS,1218_0392258361_05_WRI-R2_M014.png,FP,0.7884719046610418,0.0,,no_gt_match_or_lower_confidence_on_same_gt,NMS3,19,"19,7",265.0,906.0,91.0,90.0,206,147,59,0.7135922330097088,0.588
nms,NMS,1020_0255757840_02_WRI-R2_F010.png,FP,0.787538896327741,0.0,,no_gt_match_or_lower_confidence_on_same_gt,NMS2,7,7,110.0,375.0,123.0,90.0,207,147,60,0.7101449275362319,0.588
nms,NMS,5934_1088190587_01_WRI-R2_F006.png,FP,0.7856563259953048,0.13019614835082227,0,no_gt_match_or_lower_confidence_on_same_gt,NMS1,2,2,283.0,533.0,82.0,90.0,208,147,61,0.7067307692307693,0.588
nms,NMS,4977_0714310037_05_WRI-R2_F008.PNG,FP,0.7828020135802782,0.0,,no_gt_match_or_lower_confidence_on_same_gt,NMS2,1,1,186.0,275.0,118.0,90.0,209,147,62,0.7033492822966507,0.588
nms,NMS,5980_0997631883_02_WRI-L1_M011.PNG,TP,0.7821246763730263,0.6904012491632712,0,matched_gt_highest_confidence,NMS1,2,2,196.0,363.0,135.0,94.0,210,148,62,0.7047619047619048,0.592
nms,NMS,0812_0349793895_03_WRI-L2_M013.PNG,TP,0.7810390441254084,0.6218943589167978,0,matched_gt_highest_confidence,NMS2,5,5,197.0,544.0,181.0,126.0,211,149,62,0.7061611374407583,0.596
nms,NMS,0641_0946080010_02_WRI-R2_F012.png,FP,0.778227188323832,0.10397954726458454,0,no_gt_match_or_lower_confidence_on_same_gt,NMS2,2,2,242.0,382.0,132.0,92.0,212,149,63,0.7028301886792453,0.596
nms,NMS,0203_1114068044_01_WRI-L1_M011.png,FP,0.7770810063249849,0.0,,no_gt_match_or_lower_confidence_on_same_gt,NMS3,10,10,208.0,670.0,78.0,90.0,213,149,64,0.6995305164319249,0.596
nms,NMS,5476_0960726583_01_WRI-R1_M009.png,TP,0.7745474840475168,0.5179714031361939,0,matched_gt_highest_confidence,NMS1,12,12,203.0,527.0,91.0,90.0,214,150,64,0.7009345794392523,0.6
nms,NMS,0611_0470785500_02_WRI-L2_F014.png,FP,0.7742910950834248,0.23325498274058631,0,no_gt_match_or_lower_confidence_on_same_gt,NMS1,2,2,264.0,475.0,101.0,90.0,215,150,65,0.6976744186046512,0.6
nms,NMS,4555_0522752808_02_WRI-R2_M013.png,TP,0.7714630161141409,0.5547581011595712,0,matched_gt_highest_confidence,NMS1,5,5,361.0,533.0,136.0,96.0,216,151,65,0.6990740740740741,0.604
nms,NMS,5814_0407544765_01_WRI-L1_M016.PNG,TP,0.7677965276284447,0.6432202844735548,0,matched_gt_highest_confidence,NMS2,2,"2,15",357.0,504.0,132.0,92.0,217,152,65,0.7004608294930875,0.608
nms,NMS,0424_1003218030_03_WRI-R2_M011.PNG,FP,0.7658920681264444,0.0,,no_gt_match_or_lower_confidence_on_same_gt,NMS1,7,7,236.0,310.0,91.0,90.0,218,152,66,0.6972477064220184,0.608
nms,NMS,5996_1191043595_01_WRI-R2_M008.PNG,TP,0.7654855295567025,0.5309088496832546,0,matched_gt_highest_confidence,NMS1,6,6,178.0,396.0,73.0,90.0,219,153,66,0.6986301369863014,0.612
nms,NMS,4820_0744003709_04_WRI-L2_M014.PNG,FP,0.7588090774986269,0.0,,no_gt_match_or_lower_confidence_on_same_gt,NMS2,3,3,138.0,229.0,92.0,90.0,220,153,67,0.6954545454545454,0.612
nms,NMS,0611_0470785500_02_WRI-L2_F014.png,FP,0.756467552926866,0.24049381278482118,0,no_gt_match_or_lower_confidence_on_same_gt,NMS2,1,1,238.0,359.0,146.0,102.0,221,153,68,0.6923076923076923,0.612
nms,NMS,0589_0821736373_04_WRI-L1_M017.PNG,TP,0.7551055885543262,0.6473960896350687,0,matched_gt_highest_confidence,NMS1,12,12,306.0,736.0,181.0,126.0,222,154,68,0.6936936936936937,0.616
nms,NMS,5474_0834280982_01_WRI-L2_M003.PNG,FP,0.7528857539899481,0.07135441041857682,0,no_gt_match_or_lower_confidence_on_same_gt,NMS2,3,3,134.0,545.0,122.0,90.0,223,154,69,0.6905829596412556,0.616
nms,NMS,0542_0298295711_03_WRI-L2_F010.PNG,FP,0.7471944945887005,0.0,,no_gt_match_or_lower_confidence_on_same_gt,NMS2,4,4,131.0,543.0,65.0,90.0,224,154,70,0.6875,0.616
nms,NMS,1215_1223424080_01_WRI-L2_F004.PNG,TP,0.7453350669833904,0.563503218875749,0,matched_gt_highest_confidence,NMS1,9,9,157.0,310.0,89.0,90.0,225,155,70,0.6888888888888889,0.62
nms,NMS,0522_0599819429_01_WRI-R2_M008.png,FP,0.7451884597793454,0.1211159865569816,0,no_gt_match_or_lower_confidence_on_same_gt,NMS1,1,1,131.0,370.0,93.0,90.0,226,155,71,0.6858407079646017,0.62
nms,NMS,0798_1177663651_03_WRI-R2_M010.png,FP,0.7437256038252676,0.0,,no_gt_match_or_lower_confidence_on_same_gt,NMS2,7,7,153.0,414.0,91.0,90.0,227,155,72,0.6828193832599119,0.62
nms,NMS,1493_0516110451_02_WRI-L1_F012.PNG,FP,0.7419418881295191,0.0,,no_gt_match_or_lower_confidence_on_same_gt,NMS2,5,5,360.0,572.0,136.0,96.0,228,155,73,0.6798245614035088,0.62
nms,NMS,0798_1176968591_01_WRI-L2_M010.PNG,FP,0.7361946175689469,0.0,,no_gt_match_or_lower_confidence_on_same_gt,NMS2,11,11,113.0,560.0,36.0,90.0,229,155,74,0.6768558951965066,0.62
nms,NMS,5818_0746899911_02_WRI-L2_M014.PNG,TP,0.7323775397036508,0.5601234138323837,0,matched_gt_highest_confidence,NMS1,7,7,150.0,487.0,181.0,126.0,230,156,74,0.6782608695652174,0.624
nms,NMS,1646_0358595502_04_WRI-R1_M007.png,TP,0.7276479129996652,0.7269244860411689,0,matched_gt_highest_confidence,NMS1,4,4,145.0,377.0,105.0,90.0,231,157,74,0.6796536796536796,0.628
nms,NMS,0581_0562535807_01_WRI-L2_F005.PNG,FP,0.7235921161807923,0.0,,no_gt_match_or_lower_confidence_on_same_gt,NMS2,3,3,167.0,261.0,148.0,104.0,232,157,75,0.6767241379310345,0.628
nms,NMS,0125_0729674162_02_WRI-L2_M013.png,FP,0.7230207029196757,0.0,,no_gt_match_or_lower_confidence_on_same_gt,NMS5,7,7,286.0,348.0,93.0,90.0,233,157,76,0.6738197424892703,0.628
nms,NMS,5168_0340721647_04_WRI-R2_M007.PNG,FP,0.7164014165104571,0.0,,no_gt_match_or_lower_confidence_on_same_gt,NMS2,1,1,135.0,375.0,94.0,90.0,234,157,77,0.6709401709401709,0.628
nms,NMS,4810_0683178845_02_WRI-L1_M011.PNG,FP,0.7143599232567495,0.0,,no_gt_match_or_lower_confidence_on_same_gt,NMS1,5,5,322.0,635.0,101.0,90.0,235,157,78,0.6680851063829787,0.628
nms,NMS,0749_0874509515_05_WRI-L2_M005.png,FP,0.7141723550284707,0.0,,no_gt_match_or_lower_confidence_on_same_gt,NMS1,4,4,224.0,574.0,78.0,90.0,236,157,79,0.6652542372881356,0.628
nms,NMS,5271_0280502789_01_WRI-L2_F004.PNG,TP,0.713909680463988,0.6060624774996475,0,matched_gt_highest_confidence,NMS1,3,3,175.0,275.0,115.0,90.0,237,158,79,0.6666666666666666,0.632
nms,NMS,0288_1220813964_01_WRI-L2_F008.png,FP,0.7132145759527607,0.0,,no_gt_match_or_lower_confidence_on_same_gt,NMS3,4,4,265.0,283.0,163.0,114.0,238,158,80,0.6638655462184874,0.632
nms,NMS,1020_0255757840_02_WRI-R2_F010.png,TP,0.7118853628654769,0.5243864706243442,0,matched_gt_highest_confidence,NMS3,20,20,282.0,534.0,67.0,90.0,239,159,80,0.6652719665271967,0.636
nms,NMS,5303_0992053123_02_WRI-R2_F014.PNG,FP,0.7103573251286555,0.0,,no_gt_match_or_lower_confidence_on_same_gt,NMS2,7,7,165.0,198.0,91.0,90.0,240,159,81,0.6625,0.636
nms,NMS,5379_0388426289_02_WRI-L2_M009.png,TP,0.7072828066388521,0.6609020570060065,0,matched_gt_highest_confidence,NMS2,11,11,220.0,503.0,91.0,90.0,241,160,81,0.6639004149377593,0.64
nms,NMS,5287_0484979563_04_WRI-L2_F009.png,TP,0.7047652434804521,0.6364769716799148,0,matched_gt_highest_confidence,NMS1,1,1,405.0,445.0,114.0,90.0,242,161,81,0.6652892561983471,0.644
nms,NMS,2458_0430068033_05_WRI-L2_M009.PNG,FP,0.7045512412324066,0.0,,no_gt_match_or_lower_confidence_on_same_gt,NMS2,1,1,246.0,523.0,131.0,92.0,243,161,82,0.6625514403292181,0.644
nms,NMS,0536_1045921212_01_WRI-L2_M007.PNG,FP,0.7039450360152024,0.0,,no_gt_match_or_lower_confidence_on_same_gt,NMS2,3,3,216.0,418.0,56.0,90.0,244,161,83,0.6598360655737705,0.644
nms,NMS,5355_0294185816_01_WRI-L2_M009.png,FP,0.7001118911894718,0.0,,no_gt_match_or_lower_confidence_on_same_gt,NMS3,3,3,174.0,456.0,152.0,106.0,245,161,84,0.6571428571428571,0.644
nms,NMS,0203_1114068044_01_WRI-L1_M011.png,FP,0.6994819931372038,0.0,,no_gt_match_or_lower_confidence_on_same_gt,NMS4,17,17,108.0,340.0,27.0,90.0,246,161,85,0.6544715447154471,0.644
nms,NMS,0844_1081550705_01_WRI-R2_F011.PNG,FP,0.6978386400993989,0.287990873692329,0,no_gt_match_or_lower_confidence_on_same_gt,NMS1,6,6,223.0,399.0,91.0,90.0,247,161,86,0.6518218623481782,0.644
nms,NMS,1009_1049120355_10_WRI-R2_M013.png,TP,0.6969169589401221,0.5299759523969585,0,matched_gt_highest_confidence,NMS1,5,5,236.0,469.0,142.0,100.0,248,162,86,0.6532258064516129,0.648
nms,NMS,5066_1055147597_05_WRI-L1_M011.png,FP,0.6934227135146038,0.0892426435239144,0,no_gt_match_or_lower_confidence_on_same_gt,NMS1,1,"1,14",222.0,488.0,149.0,104.0,249,162,87,0.6506024096385542,0.648
nms,NMS,5281_0647811461_02_WRI-L2_F006.PNG,FP,0.6911491848047926,0.0,,no_gt_match_or_lower_confidence_on_same_gt,NMS3,5,5,229.0,265.0,91.0,90.0,250,162,88,0.648,0.648
nms,NMS,5931_0732587357_02_WRI-R2_M014.PNG,FP,0.6895998481716011,0.0,,no_gt_match_or_lower_confidence_on_same_gt,NMS3,5,5,401.0,912.0,138.0,96.0,251,162,89,0.6454183266932271,0.648
nms,NMS,5013_0267679637_04_WRI-L2_M007.png,TP,0.6893105488024255,0.5256731406150565,0,matched_gt_highest_confidence,NMS2,6,6,213.0,488.0,71.0,90.0,252,163,89,0.6468253968253969,0.652
nms,NMS,0598_0792616571_01_WRI-L1_F008.png,TP,0.6884636639269294,0.5302947050623638,0,matched_gt_highest_confidence,NMS2,7,7,263.0,385.0,90.0,90.0,253,164,89,0.6482213438735178,0.656
nms,NMS,5980_0995828173_01_WRI-L1_M011.png,FP,0.686768110164392,0.11013518978143333,0,no_gt_match_or_lower_confidence_on_same_gt,NMS1,10,10,231.0,415.0,91.0,90.0,254,164,90,0.6456692913385826,0.656
nms,NMS,0417_0727170640_02_WRI-R1_F009.PNG,FP,0.6820739606136464,0.0,,no_gt_match_or_lower_confidence_on_same_gt,NMS2,8,8,378.0,389.0,58.0,90.0,255,164,91,0.6431372549019608,0.656
nms,NMS,4650_0823981766_01_WRI-L2_M014.png,FP,0.6820296686094034,0.20934082593344158,1,no_gt_match_or_lower_confidence_on_same_gt,NMS2,4,4,182.0,635.0,127.0,90.0,256,164,92,0.640625,0.656
nms,NMS,0749_0874509442_05_WRI-L1_M005.png,FP,0.6817231763186109,0.0,,no_gt_match_or_lower_confidence_on_same_gt,NMS3,3,3,136.0,175.0,129.0,90.0,257,164,93,0.6381322957198443,0.656
nms,NMS,5643_0898771639_01_WRI-R1_M016.PNG,FP,0.6803865718506612,0.0,,no_gt_match_or_lower_confidence_on_same_gt,NMS1,2,2,262.0,464.0,132.0,92.0,258,164,94,0.6356589147286822,0.656
nms,NMS,0203_1114068044_01_WRI-L1_M011.png,TP,0.6800808819733436,0.7062641090757046,0,matched_gt_highest_confidence,NMS5,3,3,349.0,616.0,141.0,98.0,259,165,94,0.637065637065637,0.66
nms,NMS,5466_1178121802_02_WRI-L2_M013.png,FP,0.6799626641738515,0.04071599454263,0,no_gt_match_or_lower_confidence_on_same_gt,NMS3,3,3,200.0,521.0,141.0,98.0,260,165,95,0.6346153846153846,0.66
nms,NMS,1493_0516110511_02_WRI-L2_F012.PNG,FP,0.6795011684747136,0.0,,no_gt_match_or_lower_confidence_on_same_gt,NMS1,5,"5,20",403.0,485.0,103.0,90.0,261,165,96,0.632183908045977,0.66
nms,NMS,5533_1116362310_04_WRI-R2_F010.png,TP,0.6775991448535402,0.5478707734491868,0,matched_gt_highest_confidence,NMS1,13,13,339.0,468.0,91.0,90.0,262,166,96,0.6335877862595419,0.664
nms,NMS,5376_1092312623_01_WRI-L1_M008.PNG,TP,0.6770159677438908,0.5250161925145664,0,matched_gt_highest_confidence,NMS1,1,1,249.0,321.0,134.0,94.0,263,167,96,0.6349809885931559,0.668
nms,NMS,0201_0583807806_04_WRI-L2_M011.png,TP,0.6749577737992951,0.7173319207908014,0,matched_gt_highest_confidence,NMS2,2,2,108.0,449.0,145.0,102.0,264,168,96,0.6363636363636364,0.672
nms,NMS,0397_0512488068_01_WRI-L2_F008.PNG,TP,0.670577750911956,0.5076198313312449,0,matched_gt_highest_confidence,NMS1,2,2,217.0,335.0,112.0,90.0,265,169,96,0.6377358490566037,0.676
nms,NMS,5381_0723559946_01_WRI-L1_F008.PNG,TP,0.6680750367911659,0.5246772627725264,0,matched_gt_highest_confidence,NMS1,1,1,245.0,291.0,115.0,90.0,266,170,96,0.6390977443609023,0.68
nms,NMS,0628_0628606612_01_WRI-L2_F007.PNG,FP,0.6670618327065642,0.10658332658679007,0,no_gt_match_or_lower_confidence_on_same_gt,NMS1,1,1,145.0,345.0,113.0,90.0,267,170,97,0.6367041198501873,0.68
nms,NMS,0546_0415831661_01_WRI-L2_F011.PNG,FP,0.6664363325027111,0.0,,no_gt_match_or_lower_confidence_on_same_gt,NMS2,3,3,242.0,265.0,129.0,90.0,268,170,98,0.6343283582089553,0.68
nms,NMS,4671_1037664684_01_WRI-R1_F009.PNG,TP,0.665617561839501,0.6626493124276298,0,matched_gt_highest_confidence,NMS1,2,2,241.0,608.0,97.0,90.0,269,171,98,0.6356877323420075,0.684
nms,NMS,4847_0436558708_02_WRI-L2_M014.png,FP,0.6654784507651235,0.0,,no_gt_match_or_lower_confidence_on_same_gt,NMS2,5,5,262.0,775.0,75.0,90.0,270,171,99,0.6333333333333333,0.684
nms,NMS,0749_0874509515_05_WRI-L2_M005.png,FP,0.6650703041604789,0.0,,no_gt_match_or_lower_confidence_on_same_gt,NMS2,1,1,223.0,284.0,110.0,90.0,271,171,100,0.6309963099630996,0.684
nms,NMS,5614_0382067224_01_WRI-L2_F010.png,TP,0.6641984211057497,0.5697031325813505,0,matched_gt_highest_confidence,NMS1,3,3,294.0,489.0,126.0,90.0,272,172,100,0.6323529411764706,0.688
nms,NMS,0892_1273117426_01_WRI-R2_F010.png,TP,0.6632727494464112,0.5467430412230234,0,matched_gt_highest_confidence,NMS1,1,"1,9",313.0,411.0,132.0,92.0,273,173,100,0.6336996336996337,0.692
nms,NMS,4812_0715449570_01_WRI-R2_M008.PNG,FP,0.6628994266475883,0.18295090030182642,0,no_gt_match_or_lower_confidence_on_same_gt,NMS1,7,7,267.0,226.0,122.0,90.0,274,173,101,0.6313868613138686,0.692
nms,NMS,0201_0583807806_04_WRI-L2_M011.png,FP,0.6625458489903674,0.2484497794728554,0,no_gt_match_or_lower_confidence_on_same_gt,NMS3,10,10,149.0,489.0,91.0,90.0,275,173,102,0.6290909090909091,0.692
nms,NMS,6060_0585926294_01_WRI-R2_M015.png,FP,0.6611340963268146,0.0,,no_gt_match_or_lower_confidence_on_same_gt,NMS2,4,"4,9",240.0,725.0,95.0,90.0,276,173,103,0.6268115942028986,0.692
nms,NMS,4726_0968399137_05_WRI-R1_F009.png,FP,0.6569435252458986,0.05839778200829131,0,no_gt_match_or_lower_confidence_on_same_gt,NMS2,8,8,158.0,482.0,91.0,90.0,277,173,104,0.6245487364620939,0.692
nms,NMS,2079_0634378897_01_WRI-R1_M008.PNG,TP,0.6565799422614971,0.5655368963504563,0,matched_gt_highest_confidence,NMS1,5,5,212.0,524.0,91.0,90.0,278,174,104,0.6258992805755396,0.696
nms,NMS,1707_0497635109_01_WRI-R3_M008.PNG,FP,0.6547039971336092,0.0,,no_gt_match_or_lower_confidence_on_same_gt,NMS1,1,1,177.0,325.0,138.0,96.0,279,174,105,0.6236559139784946,0.696
nms,NMS,5097_0374478251_05_WRI-R2_M015.png,FP,0.6529953286428026,0.0,,no_gt_match_or_lower_confidence_on_same_gt,NMS2,9,9,228.0,287.0,91.0,90.0,280,174,106,0.6214285714285714,0.696
nms,NMS,2176_1073963460_04_WRI-L2_M009.png,FP,0.6527614745874902,0.25033262024029357,0,no_gt_match_or_lower_confidence_on_same_gt,NMS2,2,2,173.0,394.0,113.0,90.0,281,174,107,0.6192170818505338,0.696
nms,NMS,0628_0628606612_01_WRI-L2_F007.PNG,TP,0.6513303264162373,0.5170097288988016,0,matched_gt_highest_confidence,NMS2,7,7,170.0,408.0,76.0,90.0,282,175,107,0.6205673758865248,0.7
nms,NMS,0003_0663715782_02_WRI-R2_M011.png,FP,0.6509614134081052,0.06515132329260467,0,no_gt_match_or_lower_confidence_on_same_gt,NMS1,1,1,322.0,496.0,91.0,90.0,283,175,108,0.6183745583038869,0.7
nms,NMS,5382_1158198931_01_WRI-R1_M012.png,FP,0.6474832683287683,0.0,,no_gt_match_or_lower_confidence_on_same_gt,NMS1,5,5,157.0,310.0,144.0,100.0,284,175,109,0.6161971830985915,0.7
nms,NMS,0239_0828414004_02_WRI-L2_M009.PNG,TP,0.6472497747353565,0.5451145988005586,0,matched_gt_highest_confidence,NMS2,9,9,242.0,597.0,88.0,90.0,285,176,109,0.6175438596491228,0.704
nms,NMS,5121_0676540097_02_WRI-R1_M011.PNG,FP,0.6469676190887678,0.0,,no_gt_match_or_lower_confidence_on_same_gt,NMS3,7,7,37.0,643.0,134.0,94.0,286,176,110,0.6153846153846154,0.704
nms,NMS,5474_0836354168_04_WRI-L2_M003.png,FP,0.6463697006427582,0.34813892623529474,0,no_gt_match_or_lower_confidence_on_same_gt,NMS1,1,"1,6",169.0,385.0,94.0,90.0,287,176,111,0.6132404181184669,0.704
nms,NMS,4800_1015202634_01_WRI-L2_F008.PNG,TP,0.6457749523505895,0.5425143768148096,0,matched_gt_highest_confidence,NMS1,6,6,191.0,339.0,72.0,90.0,288,177,111,0.6145833333333334,0.708
nms,NMS,0038_0774132724_01_WRI-L2_M014.png,FP,0.6456154648754164,0.0,,no_gt_match_or_lower_confidence_on_same_gt,NMS1,7,"7,4",195.0,750.0,91.0,90.0,289,177,112,0.6124567474048442,0.708
nms,NMS,0862_0731070423_02_WRI-R1_F007.PNG,TP,0.6455377311748951,0.50146600169525,0,matched_gt_highest_confidence,NMS1,3,3,224.0,376.0,127.0,90.0,290,178,112,0.6137931034482759,0.712
nms,NMS,1493_0516110511_02_WRI-L2_F012.PNG,FP,0.6446243855035353,0.0,,no_gt_match_or_lower_confidence_on_same_gt,NMS2,3,3,383.0,389.0,145.0,102.0,291,178,113,0.6116838487972509,0.712
nms,NMS,0993_0784632097_01_WRI-L2_F012.PNG,FP,0.6411628113836839,0.260943872376501,0,no_gt_match_or_lower_confidence_on_same_gt,NMS1,2,2,267.0,302.0,137.0,96.0,292,178,114,0.6095890410958904,0.712
nms,NMS,5227_0411829511_01_WRI-L2_M011.png,FP,0.6359793976453296,0.0,,no_gt_match_or_lower_confidence_on_same_gt,NMS2,2,2,121.0,324.0,160.0,112.0,293,178,115,0.6075085324232082,0.712
nms,NMS,5066_1055147597_05_WRI-L1_M011.png,FP,0.6352914859806901,0.386789660166805,0,no_gt_match_or_lower_confidence_on_same_gt,NMS2,12,"12,6",263.0,609.0,91.0,90.0,294,178,116,0.6054421768707483,0.712
nms,NMS,4587_0374311805_01_WRI-L2_M010.png,FP,0.6210230949728383,0.0,,no_gt_match_or_lower_confidence_on_same_gt,NMS2,2,"2,6",180.0,382.0,135.0,94.0,295,178,117,0.6033898305084746,0.712
nms,NMS,5357_0717952874_05_WRI-R2_M013.PNG,FP,0.6186816265170917,0.0,,no_gt_match_or_lower_confidence_on_same_gt,NMS1,11,11,340.0,727.0,156.0,110.0,296,178,118,0.6013513513513513,0.712
nms,NMS,0817_0782054506_01_WRI-R2_F006.png,FP,0.61658573173507,0.16850901005133337,0,no_gt_match_or_lower_confidence_on_same_gt,NMS2,1,1,181.0,435.0,106.0,90.0,297,178,119,0.5993265993265994,0.712
nms,NMS,2230_0341843437_01_WRI-L2_F005.PNG,FP,0.6137931077596744,0.06865841216901375,0,no_gt_match_or_lower_confidence_on_same_gt,NMS2,2,2,202.0,315.0,94.0,90.0,298,178,120,0.5973154362416108,0.712
nms,NMS,0862_0731070423_02_WRI-R1_F007.PNG,FP,0.613026393928192,0.0,,no_gt_match_or_lower_confidence_on_same_gt,NMS2,10,10,219.0,506.0,91.0,90.0,299,178,121,0.5953177257525084,0.712
nms,NMS,0126_0816183836_01_WRI-L2_F008.png,TP,0.6125299661213487,0.6724486594275628,0,matched_gt_highest_confidence,NMS1,1,1,184.0,395.0,111.0,90.0,300,179,121,0.5966666666666667,0.716
nms,NMS,5229_1076706016_04_WRI-R1_M008.png,FP,0.6112835683982424,0.0,,no_gt_match_or_lower_confidence_on_same_gt,NMS3,12,12,218.0,777.0,86.0,90.0,301,179,122,0.5946843853820598,0.716
nms,NMS,1280_0847425934_01_WRI-R2_F016.png,TP,0.6093772966840504,0.6329519647664221,0,matched_gt_highest_confidence,NMS1,3,3,240.0,445.0,97.0,90.0,302,180,122,0.5960264900662252,0.72
nms,NMS,1143_0707678749_04_WRI-R1_M014.png,FP,0.6078740426475799,0.0,,no_gt_match_or_lower_confidence_on_same_gt,NMS3,2,2,156.0,465.0,100.0,90.0,303,180,123,0.594059405940594,0.72
nms,NMS,4542_0289418685_06_WRI-R2_M012.PNG,TP,0.6076752428805565,0.5534448175483148,0,matched_gt_highest_confidence,NMS3,1,"1,7",277.0,557.0,131.0,92.0,304,181,123,0.5953947368421053,0.724
nms,NMS,5456_0603427972_01_WRI-L1_M011.png,FP,0.6067878673095349,0.0,,no_gt_match_or_lower_confidence_on_same_gt,NMS3,6,6,255.0,765.0,106.0,90.0,305,181,124,0.5934426229508196,0.724
nms,NMS,0066_1261433167_01_WRI-L2_M011.PNG,FP,0.6042162380443575,0.0,,no_gt_match_or_lower_confidence_on_same_gt,NMS1,6,6,300.0,741.0,141.0,98.0,306,181,125,0.5915032679738562,0.724
nms,NMS,0546_0415831661_01_WRI-L2_F011.PNG,FP,0.6035218490307478,0.11371696450534673,0,no_gt_match_or_lower_confidence_on_same_gt,NMS3,7,7,198.0,472.0,91.0,90.0,307,181,126,0.5895765472312704,0.724
nms,NMS,0749_0874509515_05_WRI-L2_M005.png,TP,0.5999969731082452,0.749812685385594,0,matched_gt_highest_confidence,NMS3,11,11,246.0,373.0,91.0,90.0,308,182,126,0.5909090909090909,0.728
nms,NMS,4500_0833654044_01_WRI-L2_F004.PNG,TP,0.597046088217604,0.5393804186305126,0,matched_gt_highest_confidence,NMS1,1,1,167.0,275.0,59.0,90.0,309,183,126,0.5922330097087378,0.732
nms,NMS,0827_0782390551_01_WRI-L1_M016.PNG,FP,0.5956125427677045,0.0,,no_gt_match_or_lower_confidence_on_same_gt,NMS2,5,5,328.0,545.0,109.0,90.0,310,183,127,0.5903225806451613,0.732
nms,NMS,0063_0566100866_02_WRI-R2_F011.png,FP,0.5954699331317936,0.13027415540520326,0,no_gt_match_or_lower_confidence_on_same_gt,NMS2,3,3,243.0,495.0,95.0,90.0,311,183,128,0.5884244372990354,0.732
nms,NMS,0066_1263156785_04_WRI-L1_M011.png,TP,0.5950316728551651,0.5765640178043586,0,matched_gt_highest_confidence,NMS1,5,"5,16",359.0,555.0,123.0,90.0,312,184,128,0.5897435897435898,0.736
nms,NMS,6064_0993979697_01_WRI-R1_M004.PNG,FP,0.5947906791711536,0.10218740166357311,0,no_gt_match_or_lower_confidence_on_same_gt,NMS2,10,10,178.0,425.0,91.0,90.0,313,184,129,0.5878594249201278,0.736
nms,NMS,5332_0567714023_02_WRI-L2_F011.PNG,FP,0.5942981130526298,0.0,,no_gt_match_or_lower_confidence_on_same_gt,NMS1,2,2,244.0,461.0,136.0,96.0,314,184,130,0.5859872611464968,0.736
nms,NMS,5614_0382067224_01_WRI-L2_F010.png,FP,0.590295572296236,0.0927529409249152,0,no_gt_match_or_lower_confidence_on_same_gt,NMS2,5,5,286.0,609.0,124.0,90.0,315,184,131,0.5841269841269842,0.736
nms,NMS,5067_1201935013_05_WRI-L1_M014.png,FP,0.5901846121374935,0.0,,no_gt_match_or_lower_confidence_on_same_gt,NMS2,6,6,186.0,315.0,115.0,90.0,316,184,132,0.5822784810126582,0.736
nms,NMS,4555_0522752808_02_WRI-R2_M013.png,FP,0.5895534124402697,0.03444770814632966,0,no_gt_match_or_lower_confidence_on_same_gt,NMS2,8,8,496.0,525.0,130.0,92.0,317,184,133,0.580441640378549,0.736
nms,NMS,5271_0280502789_01_WRI-L2_F004.PNG,FP,0.5883278853148762,0.0,,no_gt_match_or_lower_confidence_on_same_gt,NMS2,2,2,117.0,455.0,119.0,90.0,318,184,134,0.5786163522012578,0.736
nms,NMS,0422_1296201520_04_WRI-L1_M010.PNG,FP,0.587753722856577,0.0,,no_gt_match_or_lower_confidence_on_same_gt,NMS3,17,17,116.0,547.0,65.0,90.0,319,184,135,0.5768025078369906,0.736
nms,NMS,5980_0995828173_01_WRI-L1_M011.png,TP,0.5868622582422055,0.5735836963920176,0,matched_gt_highest_confidence,NMS2,1,1,221.0,354.0,131.0,92.0,320,185,135,0.578125,0.74
nms,NMS,4812_0715449570_01_WRI-R2_M008.PNG,TP,0.5860727529191294,0.8346753601021701,0,matched_gt_highest_confidence,NMS2,1,1,295.0,278.0,117.0,90.0,321,186,135,0.5794392523364486,0.744
nms,NMS,0424_1003218030_03_WRI-R2_M011.PNG,TP,0.5852271934344617,0.6419342355022228,0,matched_gt_highest_confidence,NMS2,3,3,260.0,465.0,124.0,90.0,322,187,135,0.5807453416149069,0.748
nms,NMS,0417_0727170640_02_WRI-R1_F009.PNG,FP,0.5844522304459977,0.0,,no_gt_match_or_lower_confidence_on_same_gt,NMS3,2,2,357.0,345.0,72.0,90.0,323,187,136,0.5789473684210527,0.748
nms,NMS,1536_1072748039_01_WRI-L2_M010.png,FP,0.5842711919603372,0.0,,no_gt_match_or_lower_confidence_on_same_gt,NMS2,3,3,162.0,315.0,105.0,90.0,324,187,137,0.5771604938271605,0.748
nms,NMS,0003_0663715782_02_WRI-R2_M011.png,TP,0.5811052627494527,0.6651482308570348,0,matched_gt_highest_confidence,NMS2,12,12,319.0,576.0,66.0,90.0,325,188,137,0.5784615384615385,0.752
nms,NMS,4681_0424478056_02_WRI-R2_M013.png,TP,0.5807443072252126,0.5263672351657454,0,matched_gt_highest_confidence,NMS2,5,5,197.0,595.0,81.0,90.0,326,189,137,0.5797546012269938,0.756
nms,NMS,0798_1177663651_03_WRI-R2_M010.png,FP,0.5755917316752198,0.0,,no_gt_match_or_lower_confidence_on_same_gt,NMS3,1,1,118.0,368.0,118.0,90.0,327,189,138,0.5779816513761468,0.756
nms,NMS,4928_0630318905_01_WRI-L2_M009.PNG,TP,0.5752375397097885,0.6815878958510214,0,matched_gt_highest_confidence,NMS2,13,13,205.0,571.0,91.0,90.0,328,190,138,0.5792682926829268,0.76
nms,NMS,1860_0668647760_02_WRI-R1_M010.png,FP,0.5738857419006493,0.29081812138743823,0,no_gt_match_or_lower_confidence_on_same_gt,NMS3,2,2,166.0,502.0,103.0,90.0,329,190,139,0.5775075987841946,0.76
nms,NMS,5843_0796713227_01_WRI-L2_F012.png,TP,0.5728091692311446,0.6162197469931161,0,matched_gt_highest_confidence,NMS2,10,10,291.0,525.0,91.0,90.0,330,191,139,0.5787878787878787,0.764
nms,NMS,1009_1049120355_10_WRI-R2_M013.png,FP,0.5714826017825542,0.11795862471392443,0,no_gt_match_or_lower_confidence_on_same_gt,NMS2,1,1,224.0,349.0,144.0,100.0,331,191,140,0.5770392749244713,0.764
nms,NMS,5325_0444985290_01_WRI-R2_F005.png,TP,0.5707913869823369,0.565874925423981,0,matched_gt_highest_confidence,NMS1,1,1,261.0,419.0,91.0,90.0,332,192,140,0.5783132530120482,0.768
nms,NMS,4613_1297459976_01_WRI-L2_F011.PNG,FP,0.5689137307162366,0.0,,no_gt_match_or_lower_confidence_on_same_gt,NMS2,3,3,142.0,275.0,116.0,90.0,333,192,141,0.5765765765765766,0.768
nms,NMS,0979_0438007900_01_WRI-L2_M013.PNG,FP,0.5682139702506047,0.0,,no_gt_match_or_lower_confidence_on_same_gt,NMS3,2,2,172.0,535.0,113.0,90.0,334,192,142,0.5748502994011976,0.768
nms,NMS,5229_1076706016_04_WRI-R1_M008.png,FP,0.5651036177443112,0.0,,no_gt_match_or_lower_confidence_on_same_gt,NMS4,11,11,383.0,541.0,68.0,90.0,335,192,143,0.573134328358209,0.768
nms,NMS,5048_0684397154_02_WRI-L2_F014.PNG,FP,0.5642416771607702,0.28493968570786604,0,no_gt_match_or_lower_confidence_on_same_gt,NMS1,8,8,342.0,395.0,108.0,90.0,336,192,144,0.5714285714285714,0.768
nms,NMS,1171_0294174076_01_WRI-R2_M013.PNG,FP,0.563576049553404,0.128797477023258,0,no_gt_match_or_lower_confidence_on_same_gt,NMS2,9,9,235.0,437.0,91.0,90.0,337,192,145,0.56973293768546,0.768
nms,NMS,5382_1158198931_01_WRI-R1_M012.png,FP,0.5629465698236632,0.13835492112891373,0,no_gt_match_or_lower_confidence_on_same_gt,NMS2,2,2,240.0,517.0,181.0,126.0,338,192,146,0.5680473372781065,0.768
nms,NMS,5474_0834280982_01_WRI-L2_M003.PNG,FP,0.5628831836623239,0.0,,no_gt_match_or_lower_confidence_on_same_gt,NMS3,9,9,114.0,425.0,97.0,90.0,339,192,147,0.5663716814159292,0.768
nms,NMS,0203_1114068044_01_WRI-L1_M011.png,FP,0.558673504059106,0.0,,no_gt_match_or_lower_confidence_on_same_gt,NMS6,14,14,188.0,875.0,142.0,100.0,340,192,148,0.5647058823529412,0.768
nms,NMS,5314_0269274371_04_WRI-R2_F010.PNG,TP,0.5536438891375083,0.8145804800168348,0,matched_gt_highest_confidence,NMS3,4,4,235.0,457.0,152.0,106.0,341,193,148,0.5659824046920822,0.772
nms,NMS,5474_0834280982_01_WRI-L2_M003.PNG,FP,0.5531193841185769,0.0,,no_gt_match_or_lower_confidence_on_same_gt,NMS4,6,6,60.0,535.0,59.0,90.0,342,193,149,0.564327485380117,0.772
nms,NMS,6064_0993979697_01_WRI-R1_M004.PNG,FP,0.552807992820213,0.13005404067546436,0,no_gt_match_or_lower_confidence_on_same_gt,NMS3,4,4,219.0,322.0,91.0,90.0,343,193,150,0.5626822157434402,0.772
nms,NMS,0074_0778270509_01_WRI-L2_F010.PNG,TP,0.5515414878605961,0.5284652378222069,0,matched_gt_highest_confidence,NMS1,2,2,121.0,383.0,133.0,94.0,344,194,150,0.563953488372093,0.776
nms,NMS,5314_0269274371_04_WRI-R2_F010.PNG,FP,0.5509528606717556,0.0,,no_gt_match_or_lower_confidence_on_same_gt,NMS4,14,14,300.0,754.0,91.0,90.0,345,194,151,0.5623188405797102,0.776
nms,NMS,5996_1191043595_01_WRI-R2_M008.PNG,FP,0.5508135431819595,0.22477022556394802,0,no_gt_match_or_lower_confidence_on_same_gt,NMS2,2,2,164.0,335.0,110.0,90.0,346,194,152,0.5606936416184971,0.776
nms,NMS,4963_0373549808_02_WRI-L2_F006.png,TP,0.5485431352530142,0.5766722842593073,0,matched_gt_highest_confidence,NMS1,8,8,334.0,348.0,72.0,90.0,347,195,152,0.5619596541786743,0.78
nms,NMS,1742_0657595114_01_WRI-R2_F009.png,FP,0.5483442284031451,0.0,,no_gt_match_or_lower_confidence_on_same_gt,NMS1,1,1,272.0,296.0,162.0,114.0,348,195,153,0.5603448275862069,0.78
nms,NMS,1036_0797762719_02_WRI-L2_M013.png,FP,0.5469026708546794,0.0,,no_gt_match_or_lower_confidence_on_same_gt,NMS2,1,1,231.0,505.0,120.0,90.0,349,195,154,0.5587392550143266,0.78
nms,NMS,0818_0571314957_03_WRI-L1_M013.png,TP,0.5441788688901108,0.7834791435164025,0,matched_gt_highest_confidence,NMS1,4,4,280.0,520.0,171.0,120.0,350,196,154,0.56,0.784
nms,NMS,4526_0791926653_02_WRI-L1_F012.PNG,FP,0.5441760331087488,0.0,,no_gt_match_or_lower_confidence_on_same_gt,NMS1,11,11,196.0,1035.0,108.0,90.0,351,196,155,0.5584045584045584,0.784
nms,NMS,0589_0821736373_04_WRI-L1_M017.PNG,FP,0.5431146230142427,0.0,,no_gt_match_or_lower_confidence_on_same_gt,NMS2,14,14,206.0,376.0,181.0,126.0,352,196,156,0.5568181818181818,0.784
nms,NMS,0536_1142550502_02_WRI-L2_M010.PNG,FP,0.5415072448823357,0.11282968462051153,0,no_gt_match_or_lower_confidence_on_same_gt,NMS1,6,6,154.0,447.0,86.0,90.0,353,196,157,0.5552407932011332,0.784
nms,NMS,5271_0280502789_01_WRI-L2_F004.PNG,FP,0.5393404609231478,0.15598767932960478,0,no_gt_match_or_lower_confidence_on_same_gt,NMS3,1,1,144.0,335.0,102.0,90.0,354,196,158,0.5536723163841808,0.784
nms,NMS,2079_0634378897_01_WRI-R1_M008.PNG,FP,0.5379457288979466,0.0,,no_gt_match_or_lower_confidence_on_same_gt,NMS2,1,1,169.0,408.0,145.0,102.0,355,196,159,0.5521126760563381,0.784
nms,NMS,0066_1261433167_01_WRI-L2_M011.PNG,FP,0.5322481038251083,0.0,,no_gt_match_or_lower_confidence_on_same_gt,NMS2,12,12,174.0,282.0,91.0,90.0,356,196,160,0.550561797752809,0.784
nms,NMS,1375_0307850434_02_WRI-L2_M011.PNG,TP,0.5308243850397015,0.5155895946628524,0,matched_gt_highest_confidence,NMS1,1,1,235.0,345.0,156.0,110.0,357,197,160,0.5518207282913166,0.788
nms,NMS,5655_0803422185_01_WRI-R2_F010.png,TP,0.5292351546038027,0.6324057611623872,0,matched_gt_highest_confidence,NMS1,1,1,291.0,325.0,83.0,90.0,358,198,160,0.553072625698324,0.792
nms,NMS,5818_0746899911_02_WRI-L2_M014.PNG,FP,0.5290011763266417,0.0,,no_gt_match_or_lower_confidence_on_same_gt,NMS2,2,2,31.0,475.0,110.0,90.0,359,198,161,0.5515320334261838,0.792
nms,NMS,5534_1110536297_02_WRI-L2_M012.PNG,TP,0.5287037809332426,0.5557261314690507,0,matched_gt_highest_confidence,NMS1,8,8,211.0,421.0,91.0,90.0,360,199,161,0.5527777777777778,0.796
nms,NMS,0424_1003218030_03_WRI-R2_M011.PNG,FP,0.5270215894082975,0.0,,no_gt_match_or_lower_confidence_on_same_gt,NMS3,1,1,239.0,335.0,122.0,90.0,361,199,162,0.5512465373961218,0.796
nms,NMS,1215_1223424080_01_WRI-L2_F004.PNG,FP,0.5213072748058334,0.12075767546213904,0,no_gt_match_or_lower_confidence_on_same_gt,NMS2,3,3,205.0,249.0,146.0,102.0,362,199,163,0.5497237569060773,0.796
nms,NMS,1024_1259124783_04_WRI-L1_F011.PNG,TP,0.5206934402720141,0.7149425073295982,0,matched_gt_highest_confidence,NMS1,2,2,312.0,620.0,132.0,92.0,363,200,163,0.5509641873278237,0.8
nms,NMS,4810_0683178845_02_WRI-L1_M011.PNG,FP,0.5195325158604588,0.0,,no_gt_match_or_lower_confidence_on_same_gt,NMS2,2,2,292.0,367.0,152.0,106.0,364,200,164,0.5494505494505495,0.8
nms,NMS,5369_0843630267_04_WRI-L2_M005.PNG,FP,0.5151218279766415,0.18717757929727194,0,no_gt_match_or_lower_confidence_on_same_gt,NMS2,3,"3,7",153.0,345.0,103.0,90.0,365,200,165,0.547945205479452,0.8
nms,NMS,0546_0415831661_01_WRI-L2_F011.PNG,FP,0.514470584286604,0.0,,no_gt_match_or_lower_confidence_on_same_gt,NMS4,6,6,155.0,238.0,91.0,90.0,366,200,166,0.546448087431694,0.8
nms,NMS,5281_0647811461_02_WRI-L2_F006.PNG,TP,0.5141004686590054,0.5531628931458592,0,matched_gt_highest_confidence,NMS4,6,6,187.0,378.0,91.0,90.0,367,201,166,0.547683923705722,0.804
nms,NMS,0482_0829961405_03_WRI-R2_M012.png,FP,0.5122337225361367,1.283852603541912e-06,0,no_gt_match_or_lower_confidence_on_same_gt,NMS2,2,2,253.0,495.0,129.0,90.0,368,201,167,0.5461956521739131,0.804
nms,NMS,0749_0874509515_05_WRI-L2_M005.png,FP,0.5114367428472689,0.11351303149807926,0,no_gt_match_or_lower_confidence_on_same_gt,NMS4,2,2,236.0,441.0,136.0,96.0,369,201,168,0.5447154471544715,0.804
nms,NMS,0422_1294991061_03_WRI-L2_M010.PNG,FP,0.5089371881974118,0.11673657078696419,0,no_gt_match_or_lower_confidence_on_same_gt,NMS2,2,2,195.0,453.0,112.0,90.0,370,201,169,0.5432432432432432,0.804
nms,NMS,0791_0965671308_03_WRI-L2_M016.png,FP,0.5076548956402109,0.00348980818706464,0,no_gt_match_or_lower_confidence_on_same_gt,NMS1,1,1,115.0,511.0,141.0,98.0,371,201,170,0.5417789757412399,0.804
nms,NMS,0203_1114068044_01_WRI-L1_M011.png,FP,0.5073240272923923,0.006600055531343372,0,no_gt_match_or_lower_confidence_on_same_gt,NMS7,7,7,419.0,697.0,165.0,116.0,372,201,171,0.5403225806451613,0.804
nms,NMS,1059_1194450089_01_WRI-R2_M006.png,FP,0.5072671419973089,0.0,,no_gt_match_or_lower_confidence_on_same_gt,NMS2,5,5,12.0,355.0,11.0,90.0,373,201,172,0.5388739946380697,0.804
nms,NMS,0066_1261433167_01_WRI-L2_M011.PNG,FP,0.5059991807111046,0.11355357767948807,0,no_gt_match_or_lower_confidence_on_same_gt,NMS3,13,13,123.0,559.0,91.0,90.0,374,201,173,0.5374331550802139,0.804
nms,NMS,0038_0774132724_01_WRI-L2_M014.png,FP,0.5,0.0,,no_gt_match_or_lower_confidence_on_same_gt,NMS2,3,3,190.0,485.0,82.0,90.0,375,201,174,0.536,0.804
nms,NMS,1375_0307850434_02_WRI-L2_M011.PNG,FP,0.5,0.0,,no_gt_match_or_lower_confidence_on_same_gt,NMS2,12,12,454.0,439.0,91.0,90.0,376,201,175,0.5345744680851063,0.804
nms,NMS,4969_0206805790_03_WRI-L2_F010.PNG,FP,0.5,0.0,,no_gt_match_or_lower_confidence_on_same_gt,NMS3,2,2,195.0,405.0,105.0,90.0,377,201,176,0.53315649867374,0.804
nms,NMS,5980_0997631883_02_WRI-L1_M011.PNG,FP,0.5,0.0,,no_gt_match_or_lower_confidence_on_same_gt,NMS2,4,4,216.0,515.0,99.0,90.0,378,201,177,0.5317460317460317,0.804
nms,NMS,1493_0516110511_02_WRI-L2_F012.PNG,FP,0.49489948867710004,0.0,,no_gt_match_or_lower_confidence_on_same_gt,NMS4,13,13,281.0,741.0,72.0,90.0,379,201,178,0.5303430079155673,0.804
nms,NMS,2975_0736302598_03_WRI-R2_M008.PNG,FP,0.49488948081267237,0.0,,no_gt_match_or_lower_confidence_on_same_gt,NMS2,8,8,251.0,665.0,80.0,90.0,380,201,179,0.5289473684210526,0.804
nms,NMS,0071_0678614107_01_WRI-R1_F009.png,TP,0.49203554416994233,0.5610363415674094,0,matched_gt_highest_confidence,NMS2,13,13,251.0,621.0,91.0,90.0,381,202,179,0.5301837270341208,0.808
nms,NMS,4896_0657191053_02_WRI-L2_M009.png,FP,0.49053487441969557,0.0,,no_gt_match_or_lower_confidence_on_same_gt,NMS1,2,2,317.0,343.0,136.0,96.0,382,202,180,0.5287958115183246,0.808
nms,NMS,5534_1110536297_02_WRI-L2_M012.PNG,FP,0.489465906168898,0.029695144875321367,0,no_gt_match_or_lower_confidence_on_same_gt,NMS2,2,2,194.0,504.0,86.0,90.0,383,202,181,0.5274151436031331,0.808
nms,NMS,5534_1110536297_02_WRI-L2_M012.PNG,FP,0.48850554087467163,0.0,,no_gt_match_or_lower_confidence_on_same_gt,NMS3,3,3,221.0,252.0,163.0,114.0,384,202,182,0.5260416666666666,0.808
nms,NMS,0417_0727766468_03_WRI-R2_F009.png,FP,0.4883960561925658,0.0,,no_gt_match_or_lower_confidence_on_same_gt,NMS3,5,5,540.0,334.0,91.0,90.0,385,202,183,0.5246753246753246,0.808
nms,NMS,1020_0255757840_02_WRI-R2_F010.png,FP,0.488261709274371,0.0,,no_gt_match_or_lower_confidence_on_same_gt,NMS4,18,18,276.0,247.0,91.0,90.0,386,202,184,0.5233160621761658,0.808
nms,NMS,0862_0731070423_02_WRI-R1_F007.PNG,TP,0.4832669955877288,0.5342662681666985,1,matched_gt_highest_confidence,NMS3,5,5,407.0,356.0,75.0,90.0,387,203,184,0.524547803617571,0.812
nms,NMS,4936_0635336029_01_WRI-L1_F012.PNG,FP,0.48061830379133164,0.0,,no_gt_match_or_lower_confidence_on_same_gt,NMS3,8,8,220.0,279.0,91.0,90.0,388,203,185,0.5231958762886598,0.812
nms,NMS,1342_0844831428_01_WRI-R2_F009.PNG,FP,0.4788987347165872,0.2316081967889747,0,no_gt_match_or_lower_confidence_on_same_gt,NMS2,1,1,198.0,355.0,112.0,90.0,389,203,186,0.5218508997429306,0.812
nms,NMS,1743_0153724007_04_WRI-L2_M008.png,FP,0.47784070385081473,0.0,,no_gt_match_or_lower_confidence_on_same_gt,NMS2,2,"2,5",202.0,265.0,100.0,90.0,390,203,187,0.5205128205128206,0.812
nms,NMS,5983_1184814916_01_WRI-L2_M011.png,TP,0.47630748696900116,0.5258497411097097,0,matched_gt_highest_confidence,NMS1,2,2,171.0,485.0,93.0,90.0,391,204,187,0.5217391304347826,0.816
nms,NMS,5664_1006579341_01_WRI-L2_F006.png,TP,0.47451718353014366,0.5548462979473207,0,matched_gt_highest_confidence,NMS2,7,7,144.0,440.0,61.0,90.0,392,205,187,0.5229591836734694,0.82
nms,NMS,0066_1261433167_01_WRI-L2_M011.PNG,TP,0.4722750212669511,0.6511411632049715,0,matched_gt_highest_confidence,NMS4,2,2,131.0,497.0,150.0,106.0,393,206,187,0.5241730279898219,0.824
nms,NMS,0203_1114068044_01_WRI-L1_M011.png,FP,0.4715447452772652,0.0,,no_gt_match_or_lower_confidence_on_same_gt,NMS8,4,4,469.0,342.0,179.0,126.0,394,206,188,0.5228426395939086,0.824
nms,NMS,4951_0422842172_04_WRI-R2_M015.PNG,FP,0.47029820017497975,0.25068925061412767,0,no_gt_match_or_lower_confidence_on_same_gt,NMS1,3,3,265.0,516.0,91.0,90.0,395,206,189,0.5215189873417722,0.824
nms,NMS,5733_0388429441_01_WRI-L2_M015.png,TP,0.4699916582247958,0.5100426786189034,0,matched_gt_highest_confidence,NMS2,2,2,264.0,407.0,181.0,126.0,396,207,189,0.5227272727272727,0.828
nms,NMS,1024_1259124783_04_WRI-L1_F011.PNG,FP,0.4684511198879341,0.06617680864381408,0,no_gt_match_or_lower_confidence_on_same_gt,NMS2,1,1,330.0,711.0,112.0,90.0,397,207,190,0.5214105793450882,0.828
nms,NMS,0844_1081550705_01_WRI-R2_F011.PNG,TP,0.4682401088928594,0.7105284358710284,0,matched_gt_highest_confidence,NMS2,1,1,205.0,435.0,128.0,90.0,398,208,190,0.5226130653266332,0.832
nms,NMS,0126_0816183836_01_WRI-L2_F008.png,FP,0.46511230973512735,0.0,,no_gt_match_or_lower_confidence_on_same_gt,NMS2,3,3,213.0,295.0,94.0,90.0,399,208,191,0.5213032581453634,0.832
nms,NMS,0133_0281744417_01_WRI-R2_M014.png,FP,0.464126156811972,0.1525729032147169,0,no_gt_match_or_lower_confidence_on_same_gt,NMS2,4,4,266.0,516.0,153.0,108.0,400,208,192,0.52,0.832
nms,NMS,1742_0657595114_01_WRI-R2_F009.png,TP,0.4614202075380372,0.5550100370621965,0,matched_gt_highest_confidence,NMS2,11,11,306.0,454.0,91.0,90.0,401,209,192,0.5211970074812967,0.836
nms,NMS,5533_1116362310_04_WRI-R2_F010.png,FP,0.45974359536160075,0.0,,no_gt_match_or_lower_confidence_on_same_gt,NMS2,2,2,224.0,721.0,141.0,98.0,402,209,193,0.5199004975124378,0.836
nms,NMS,0490_0671128517_01_WRI-R1_F012.PNG,FP,0.458578557093499,0.0,,no_gt_match_or_lower_confidence_on_same_gt,NMS3,5,5,257.0,1035.0,124.0,90.0,403,209,194,0.5186104218362283,0.836
nms,NMS,0422_1296201520_04_WRI-L1_M010.PNG,FP,0.45516166344699743,0.0,,no_gt_match_or_lower_confidence_on_same_gt,NMS4,9,9,514.0,329.0,7.0,90.0,404,209,195,0.5173267326732673,0.836
nms,NMS,5144_0421025634_01_WRI-R2_M013.PNG,FP,0.45379914507695296,0.02516946763071928,0,no_gt_match_or_lower_confidence_on_same_gt,NMS2,6,6,251.0,595.0,93.0,90.0,405,209,196,0.5160493827160494,0.836
nms,NMS,0422_1296201520_04_WRI-L1_M010.PNG,FP,0.4537719605041309,0.14193683401865506,0,no_gt_match_or_lower_confidence_on_same_gt,NMS5,18,18,260.0,691.0,91.0,90.0,406,209,197,0.5147783251231527,0.836
nms,NMS,4896_0657191053_02_WRI-L2_M009.png,FP,0.4537528337651344,0.0,,no_gt_match_or_lower_confidence_on_same_gt,NMS2,1,1,452.0,312.0,141.0,98.0,407,209,198,0.5135135135135135,0.836
nms,NMS,1646_0358595502_04_WRI-R1_M007.png,TP,0.4533266485317068,0.715911013197527,1,matched_gt_highest_confidence,NMS2,7,"7,3",290.0,411.0,70.0,90.0,408,210,198,0.5147058823529411,0.84
nms,NMS,2880_0995256867_02_WRI-R2_M010.png,FP,0.45140542165884057,0.0,,no_gt_match_or_lower_confidence_on_same_gt,NMS3,1,1,447.0,505.0,115.0,90.0,409,210,199,0.5134474327628362,0.84
nms,NMS,5238_0561586292_02_WRI-L2_F006.PNG,FP,0.45073610860147045,0.040399549924895216,0,no_gt_match_or_lower_confidence_on_same_gt,NMS1,4,4,174.0,334.0,107.0,90.0,410,210,200,0.5121951219512195,0.84
nms,NMS,1280_0847425934_01_WRI-R2_F016.png,FP,0.45007410144522864,0.0,,no_gt_match_or_lower_confidence_on_same_gt,NMS2,1,1,203.0,285.0,128.0,90.0,411,210,201,0.5109489051094891,0.84
nms,NMS,1563_0496123113_02_WRI-L1_M011.png,FP,0.4486452818124144,0.02274602367513771,0,no_gt_match_or_lower_confidence_on_same_gt,NMS3,16,16,352.0,525.0,91.0,90.0,412,210,202,0.5097087378640777,0.84
nms,NMS,1493_0516110451_02_WRI-L1_F012.PNG,FP,0.44838945172382394,0.0,,no_gt_match_or_lower_confidence_on_same_gt,NMS3,6,6,241.0,525.0,100.0,90.0,413,210,203,0.5084745762711864,0.84
nms,NMS,0562_1096729807_01_WRI-R1_F007.png,FP,0.44655115036405,0.0,,no_gt_match_or_lower_confidence_on_same_gt,NMS2,10,10,272.0,214.0,93.0,90.0,414,210,204,0.5072463768115942,0.84
nms,NMS,4671_1037664684_01_WRI-R1_F009.PNG,FP,0.44575227452867533,0.0,,no_gt_match_or_lower_confidence_on_same_gt,NMS2,1,1,237.0,498.0,110.0,90.0,415,210,205,0.5060240963855421,0.84
nms,NMS,0844_1081550705_01_WRI-R2_F011.PNG,FP,0.4452810355063654,0.0,,no_gt_match_or_lower_confidence_on_same_gt,NMS3,7,7,206.0,220.0,91.0,90.0,416,210,206,0.5048076923076923,0.84
nms,NMS,0038_0774132724_01_WRI-L2_M014.png,FP,0.44468979393649866,0.0,,no_gt_match_or_lower_confidence_on_same_gt,NMS3,2,2,191.0,605.0,82.0,90.0,417,210,207,0.5035971223021583,0.84
nms,NMS,0869_0615436364_02_WRI-R2_M016.PNG,FP,0.4433679516069179,0.11128901113070383,0,no_gt_match_or_lower_confidence_on_same_gt,NMS3,4,4,346.0,374.0,131.0,92.0,418,210,208,0.5023923444976076,0.84
nms,NMS,5355_0294185816_01_WRI-L2_M009.png,FP,0.4429357261043697,0.0,,no_gt_match_or_lower_confidence_on_same_gt,NMS4,2,"2,9",169.0,348.0,146.0,102.0,419,210,209,0.5011933174224343,0.84
nms,NMS,4949_0969499613_03_WRI-R2_M006.png,TP,0.44279296776609145,0.8750601478306551,0,matched_gt_highest_confidence,NMS1,7,7,259.0,295.0,113.0,90.0,420,211,209,0.5023809523809524,0.844
nms,NMS,5474_0881416362_05_WRI-R2_M005.PNG,FP,0.44274934861710763,0.0,,no_gt_match_or_lower_confidence_on_same_gt,NMS3,5,5,462.0,679.0,30.0,90.0,421,211,210,0.501187648456057,0.844
nms,NMS,0507_1135294951_01_WRI-L2_M015.PNG,FP,0.441453226117884,0.04280880378265681,0,no_gt_match_or_lower_confidence_on_same_gt,NMS3,2,2,248.0,555.0,120.0,90.0,422,211,211,0.5,0.844
nms,NMS,4969_0206805790_03_WRI-L2_F010.PNG,FP,0.44121038955475544,0.0,,no_gt_match_or_lower_confidence_on_same_gt,NMS4,9,9,202.0,350.0,91.0,90.0,423,211,212,0.4988179669030733,0.844
nms,NMS,5980_0997631883_02_WRI-L1_M011.PNG,FP,0.44034742523023107,0.0,,no_gt_match_or_lower_confidence_on_same_gt,NMS3,12,12,279.0,176.0,91.0,90.0,424,211,213,0.49764150943396224,0.844
nms,NMS,0522_0599819429_01_WRI-R2_M008.png,TP,0.43954689694395815,0.5373493187587628,0,matched_gt_highest_confidence,NMS2,5,5,128.0,408.0,78.0,90.0,425,212,213,0.4988235294117647,0.848
nms,NMS,0038_0774132724_01_WRI-L2_M014.png,FP,0.4384421971555055,0.0,,no_gt_match_or_lower_confidence_on_same_gt,NMS4,8,8,198.0,695.0,83.0,90.0,426,212,214,0.49765258215962443,0.848
nms,NMS,0239_0828414004_02_WRI-L2_M009.PNG,FP,0.43723747407913904,0.0,,no_gt_match_or_lower_confidence_on_same_gt,NMS3,7,7,303.0,314.0,161.0,112.0,427,212,215,0.4964871194379391,0.848
nms,NMS,4661_0405082997_01_WRI-L1_M002.png,TP,0.4371159763239447,0.5031423845260717,0,matched_gt_highest_confidence,NMS1,1,1,190.0,353.0,116.0,94.0,428,213,215,0.4976635514018692,0.852
nms,NMS,0038_0774132724_01_WRI-L2_M014.png,TP,0.43686529722390854,0.5008094747243039,0,matched_gt_highest_confidence,NMS5,6,"6,1,5",166.0,354.0,91.0,90.0,429,214,215,0.4988344988344988,0.856
nms,NMS,2458_0430068033_05_WRI-L2_M009.PNG,FP,0.43577834252474473,0.19966266799131324,0,no_gt_match_or_lower_confidence_on_same_gt,NMS3,6,6,265.0,640.0,139.0,98.0,430,214,216,0.49767441860465117,0.856
nms,NMS,0536_1142550502_02_WRI-L2_M010.PNG,TP,0.4343749095648098,0.5290846557136948,0,matched_gt_highest_confidence,NMS2,1,1,147.0,405.0,115.0,90.0,431,215,216,0.4988399071925754,0.86
nms,NMS,1646_0358595502_04_WRI-R1_M007.png,FP,0.4295186538418547,0.14016327459800257,1,no_gt_match_or_lower_confidence_on_same_gt,NMS3,2,2,302.0,347.0,60.0,90.0,432,215,217,0.4976851851851852,0.86
nms,NMS,4886_0345385374_03_WRI-L1_F009.PNG,FP,0.4290708116953139,0.0,,no_gt_match_or_lower_confidence_on_same_gt,NMS2,5,5,335.0,935.0,78.0,90.0,433,215,218,0.49653579676674364,0.86
nms,NMS,5357_0717952874_05_WRI-R2_M013.PNG,FP,0.42876349879862613,0.0,,no_gt_match_or_lower_confidence_on_same_gt,NMS2,12,12,360.0,614.0,137.0,96.0,434,215,219,0.49539170506912444,0.86
nms,NMS,4627_0260405716_03_WRI-L2_M008.PNG,TP,0.4287077239425273,0.5922308731544567,0,matched_gt_highest_confidence,NMS2,3,3,243.0,357.0,73.0,90.0,435,216,219,0.496551724137931,0.864
nms,NMS,0417_0727170640_02_WRI-R1_F009.PNG,FP,0.42744559991633374,0.0,,no_gt_match_or_lower_confidence_on_same_gt,NMS4,1,"1,9",170.0,321.0,141.0,98.0,436,216,220,0.4954128440366973,0.864
nms,NMS,0536_1142550502_02_WRI-L2_M010.PNG,FP,0.4274149009009989,0.0,,no_gt_match_or_lower_confidence_on_same_gt,NMS3,2,2,148.0,515.0,80.0,90.0,437,216,221,0.494279176201373,0.864
nms,NMS,6064_0993979697_01_WRI-R1_M004.PNG,FP,0.42504597123148546,0.0,,no_gt_match_or_lower_confidence_on_same_gt,NMS4,2,2,317.0,385.0,77.0,90.0,438,216,222,0.4931506849315068,0.864
nms,NMS,2602_0745106729_06_WRI-L2_M014.png,FP,0.4247872206289983,0.0,,no_gt_match_or_lower_confidence_on_same_gt,NMS3,4,4,127.0,455.0,95.0,90.0,439,216,223,0.4920273348519362,0.864
nms,NMS,2660_0622346450_03_WRI-R1_M013.png,FP,0.4243485161988145,0.0,,no_gt_match_or_lower_confidence_on_same_gt,NMS2,12,12,156.0,492.0,91.0,90.0,440,216,224,0.4909090909090909,0.864
nms,NMS,0862_0731070423_02_WRI-R1_F007.PNG,FP,0.4240090076075881,0.0,,no_gt_match_or_lower_confidence_on_same_gt,NMS4,8,8,205.0,606.0,89.0,90.0,441,216,225,0.4897959183673469,0.864
nms,NMS,5983_1184814878_01_WRI-L1_M011.png,FP,0.4226182543182336,0.0,,no_gt_match_or_lower_confidence_on_same_gt,NMS2,14,14,129.0,582.0,49.0,90.0,442,216,226,0.48868778280542985,0.864
nms,NMS,4551_0708641747_01_WRI-L1_M008.png,FP,0.4211820312752492,0.0,,no_gt_match_or_lower_confidence_on_same_gt,NMS3,4,4,280.0,605.0,80.0,90.0,443,216,227,0.48758465011286684,0.864
nms,NMS,5382_1158198931_01_WRI-R1_M012.png,FP,0.4202704739561183,0.11926861442458943,0,no_gt_match_or_lower_confidence_on_same_gt,NMS3,4,4,194.0,535.0,117.0,90.0,444,216,228,0.4864864864864865,0.864
nms,NMS,4951_0422842172_04_WRI-R2_M015.PNG,FP,0.41952145255977435,0.0,,no_gt_match_or_lower_confidence_on_same_gt,NMS2,4,4,261.0,243.0,91.0,90.0,445,216,229,0.4853932584269663,0.864
nms,NMS,1860_0668647760_02_WRI-R1_M010.png,FP,0.4189167255675414,0.0,,no_gt_match_or_lower_confidence_on_same_gt,NMS4,1,1,165.0,372.0,128.0,90.0,446,216,230,0.484304932735426,0.864
nms,NMS,0490_0671128517_01_WRI-R1_F012.PNG,FP,0.41784121711716316,0.0,,no_gt_match_or_lower_confidence_on_same_gt,NMS4,8,8,246.0,935.0,81.0,90.0,447,216,231,0.48322147651006714,0.864
nms,NMS,0641_0946080010_02_WRI-R2_F012.png,FP,0.41767431434125385,0.0,,no_gt_match_or_lower_confidence_on_same_gt,NMS3,7,7,297.0,349.0,91.0,90.0,448,216,232,0.48214285714285715,0.864
nms,NMS,1392_0677451986_01_WRI-R2_M017.png,FP,0.4153690344138991,0.0,,no_gt_match_or_lower_confidence_on_same_gt,NMS3,5,5,376.0,825.0,131.0,92.0,449,216,233,0.48106904231625836,0.864
nms,NMS,5466_1178121802_02_WRI-L2_M013.png,FP,0.4143817720993749,0.27187570505536346,0,no_gt_match_or_lower_confidence_on_same_gt,NMS4,2,2,196.0,655.0,103.0,90.0,450,216,234,0.48,0.864
nms,NMS,0589_0821736373_04_WRI-L1_M017.PNG,FP,0.41169560630848967,0.0,,no_gt_match_or_lower_confidence_on_same_gt,NMS3,1,1,124.0,729.0,143.0,100.0,451,216,235,0.4789356984478936,0.864
nms,NMS,0490_0671128517_01_WRI-R1_F012.PNG,FP,0.41116590046672113,0.0,,no_gt_match_or_lower_confidence_on_same_gt,NMS5,10,10,211.0,645.0,93.0,90.0,452,216,236,0.4778761061946903,0.864
nms,NMS,5247_0625408586_02_WRI-L2_F008.png,FP,0.4105007451696686,0.0,,no_gt_match_or_lower_confidence_on_same_gt,NMS3,18,18,377.0,397.0,85.0,90.0,453,216,237,0.4768211920529801,0.864
nms,NMS,4847_0436558708_02_WRI-L2_M014.png,FP,0.40938221237878103,0.0,,no_gt_match_or_lower_confidence_on_same_gt,NMS3,3,"3,7",83.0,475.0,40.0,90.0,454,216,238,0.47577092511013214,0.864
nms,NMS,4820_0744003709_04_WRI-L2_M014.PNG,FP,0.40932940453354594,0.16123268591914267,0,no_gt_match_or_lower_confidence_on_same_gt,NMS3,1,1,121.0,615.0,78.0,90.0,455,216,239,0.4747252747252747,0.864
nms,NMS,0003_0663715782_02_WRI-R2_M011.png,FP,0.40835314822681523,0.0,,no_gt_match_or_lower_confidence_on_same_gt,NMS3,13,13,138.0,825.0,39.0,90.0,456,216,240,0.47368421052631576,0.864
nms,NMS,5476_0960726583_01_WRI-R1_M009.png,FP,0.40751008673448313,0.0,,no_gt_match_or_lower_confidence_on_same_gt,NMS2,4,4,339.0,455.0,97.0,90.0,457,216,241,0.4726477024070022,0.864
nms,NMS,2602_0745106729_06_WRI-L2_M014.png,FP,0.4066743109113515,0.0,,no_gt_match_or_lower_confidence_on_same_gt,NMS4,1,"1,9",106.0,335.0,126.0,90.0,458,216,242,0.47161572052401746,0.864
nms,NMS,1043_0381634738_02_WRI-L2_M001.PNG,TP,0.40627071114862334,0.5421430826474252,0,matched_gt_highest_confidence,NMS1,10,"10,1",238.0,290.0,52.0,90.0,459,217,242,0.47276688453159044,0.868
nms,NMS,4810_0683178845_02_WRI-L1_M011.PNG,FP,0.4057042425646275,0.0,,no_gt_match_or_lower_confidence_on_same_gt,NMS3,17,17,554.0,643.0,42.0,90.0,460,217,243,0.4717391304347826,0.868
nms,NMS,5067_1201935013_05_WRI-L1_M014.png,FP,0.40311188508798257,0.15480243822428194,0,no_gt_match_or_lower_confidence_on_same_gt,NMS3,8,8,115.0,442.0,166.0,116.0,461,217,244,0.47071583514099785,0.868
nms,NMS,0546_0415831661_01_WRI-L2_F011.PNG,FP,0.40301844788534424,0.0,,no_gt_match_or_lower_confidence_on_same_gt,NMS5,2,2,171.0,263.0,162.0,114.0,462,217,245,0.4696969696969697,0.868
nms,NMS,5067_1201935013_05_WRI-L1_M014.png,FP,0.4005743025398083,0.0,,no_gt_match_or_lower_confidence_on_same_gt,NMS4,9,9,121.0,544.0,130.0,92.0,463,217,246,0.468682505399568,0.868
nms,NMS,4726_0968399137_05_WRI-R1_F009.png,FP,0.40049224674882195,0.0,,no_gt_match_or_lower_confidence_on_same_gt,NMS3,3,3,159.0,526.0,89.0,90.0,464,217,247,0.4676724137931034,0.868
nms,NMS,1375_0307850434_02_WRI-L2_M011.PNG,FP,0.3996680727316176,0.06926139099558166,0,no_gt_match_or_lower_confidence_on_same_gt,NMS3,6,6,246.0,485.0,105.0,90.0,465,217,248,0.4666666666666667,0.868
nms,NMS,0562_1096729807_01_WRI-R1_F007.png,FP,0.3994369610351397,0.0,,no_gt_match_or_lower_confidence_on_same_gt,NMS3,4,"4,8",361.0,401.0,77.0,90.0,466,217,249,0.4656652360515021,0.868
nms,NMS,1493_0516110511_02_WRI-L2_F012.PNG,FP,0.39927819314414703,0.0,,no_gt_match_or_lower_confidence_on_same_gt,NMS5,19,19,412.0,582.0,80.0,90.0,467,217,250,0.46466809421841543,0.868
nms,NMS,1743_0153724007_04_WRI-L2_M008.png,TP,0.3989864964292213,0.6501434223307085,0,matched_gt_highest_confidence,NMS3,4,4,163.0,495.0,101.0,90.0,468,218,250,0.4658119658119658,0.872
nms,NMS,5934_1088190587_01_WRI-R2_F006.png,FP,0.3976362291701252,0.0,,no_gt_match_or_lower_confidence_on_same_gt,NMS2,8,8,236.0,752.0,91.0,90.0,469,218,251,0.464818763326226,0.872
nms,NMS,0203_1114068044_01_WRI-L1_M011.png,FP,0.3952389795019676,0.0,,no_gt_match_or_lower_confidence_on_same_gt,NMS9,8,8,332.0,743.0,148.0,104.0,470,218,252,0.46382978723404256,0.872
nms,NMS,2975_0736302598_03_WRI-R2_M008.PNG,FP,0.3941330640472768,0.1672402695821799,0,no_gt_match_or_lower_confidence_on_same_gt,NMS3,2,2,259.0,575.0,78.0,90.0,471,218,253,0.46284501061571126,0.872
nms,NMS,5281_0647811461_02_WRI-L2_F006.PNG,FP,0.39317125526983937,0.24186253680510886,0,no_gt_match_or_lower_confidence_on_same_gt,NMS5,2,2,181.0,425.0,80.0,90.0,472,218,254,0.461864406779661,0.872
nms,NMS,1143_0633014370_02_WRI-L1_M012.png,FP,0.3905356725675788,0.0,,no_gt_match_or_lower_confidence_on_same_gt,NMS2,11,11,194.0,632.0,91.0,90.0,473,218,255,0.4608879492600423,0.872
nms,NMS,5533_1116362310_04_WRI-R2_F010.png,FP,0.3890530499646797,0.0,,no_gt_match_or_lower_confidence_on_same_gt,NMS3,5,5,325.0,565.0,74.0,90.0,474,218,256,0.459915611814346,0.872
nms,NMS,1284_0365288370_04_WRI-L2_M010.png,TP,0.3888417682206319,0.5024509803926593,0,matched_gt_highest_confidence,NMS3,2,2,226.0,414.0,82.0,90.0,475,219,256,0.4610526315789474,0.876
nms,NMS,0812_0349793895_03_WRI-L2_M013.PNG,FP,0.3846388502918686,0.0,,no_gt_match_or_lower_confidence_on_same_gt,NMS3,9,9,73.0,642.0,125.0,90.0,476,219,257,0.46008403361344535,0.876
nms,NMS,5983_1184814878_01_WRI-L1_M011.png,FP,0.3832405518875872,0.0,,no_gt_match_or_lower_confidence_on_same_gt,NMS3,5,5,262.0,645.0,106.0,90.0,477,219,258,0.4591194968553459,0.876
nms,NMS,1375_0307850434_02_WRI-L2_M011.PNG,FP,0.38272216540534326,0.0,,no_gt_match_or_lower_confidence_on_same_gt,NMS4,8,8,243.0,595.0,98.0,90.0,478,219,259,0.4581589958158996,0.876
nms,NMS,5456_0603427972_01_WRI-L1_M011.png,FP,0.38087392435684203,0.04107215231986498,0,no_gt_match_or_lower_confidence_on_same_gt,NMS4,5,5,237.0,625.0,124.0,90.0,479,219,260,0.4572025052192067,0.876
nms,NMS,5743_0963537164_04_WRI-R2_M009.PNG,TP,0.3805052502222806,0.6666059105166888,0,matched_gt_highest_confidence,NMS1,7,7,198.0,347.0,91.0,90.0,480,220,260,0.4583333333333333,0.88
nms,NMS,1059_1194450089_01_WRI-R2_M006.png,FP,0.37910766872704693,0.0,,no_gt_match_or_lower_confidence_on_same_gt,NMS3,1,1,7.0,195.0,11.0,90.0,481,220,261,0.4573804573804574,0.88
nms,NMS,1218_0392258361_05_WRI-R2_M014.png,FP,0.3786009897312238,0.0,,no_gt_match_or_lower_confidence_on_same_gt,NMS4,9,9,276.0,835.0,86.0,90.0,482,220,262,0.45643153526970953,0.88
nms,NMS,4672_1042963085_08_WRI-L2_F010.png,FP,0.3782704609759197,0.0,,no_gt_match_or_lower_confidence_on_same_gt,NMS3,1,1,134.0,445.0,119.0,90.0,483,220,263,0.4554865424430642,0.88
nms,NMS,0133_0281744417_01_WRI-R2_M014.png,FP,0.3781904158907546,0.0,,no_gt_match_or_lower_confidence_on_same_gt,NMS3,5,5,213.0,310.0,172.0,120.0,484,220,264,0.45454545454545453,0.88
nms,NMS,4886_0345385374_03_WRI-L1_F009.PNG,FP,0.377575495248624,0.0,,no_gt_match_or_lower_confidence_on_same_gt,NMS3,4,4,155.0,795.0,58.0,90.0,485,220,265,0.4536082474226804,0.88
nms,NMS,5247_0627787842_05_WRI-L2_F008.png,FP,0.37620296229372246,0.0,,no_gt_match_or_lower_confidence_on_same_gt,NMS2,1,1,236.0,717.0,113.0,90.0,486,220,266,0.45267489711934156,0.88
nms,NMS,5865_0983089944_07_WRI-L1_F005.png,FP,0.3754281948648387,0.06013078237614157,0,no_gt_match_or_lower_confidence_on_same_gt,NMS2,1,1,169.0,551.0,73.0,90.0,487,220,267,0.4517453798767967,0.88
nms,NMS,1392_0677451986_01_WRI-R2_M017.png,FP,0.374604646717856,0.0,,no_gt_match_or_lower_confidence_on_same_gt,NMS4,10,10,190.0,426.0,107.0,90.0,488,220,268,0.45081967213114754,0.88
nms,NMS,5931_0732587357_02_WRI-R2_M014.PNG,FP,0.3716357452471046,0.0,,no_gt_match_or_lower_confidence_on_same_gt,NMS4,4,4,391.0,819.0,147.0,102.0,489,220,269,0.4498977505112474,0.88
nms,NMS,5121_0676540097_02_WRI-R1_M011.PNG,FP,0.3708545953716098,0.0,,no_gt_match_or_lower_confidence_on_same_gt,NMS4,6,6,327.0,555.0,75.0,90.0,490,220,270,0.4489795918367347,0.88
nms,NMS,1218_0392258361_05_WRI-R2_M014.png,FP,0.37070901834066355,0.049787565135620784,0,no_gt_match_or_lower_confidence_on_same_gt,NMS5,6,6,259.0,715.0,109.0,90.0,491,220,271,0.4480651731160896,0.88
nms,NMS,5552_0231280543_01_WRI-R2_M005.PNG,FP,0.37050853523479943,0.1671950833248935,0,no_gt_match_or_lower_confidence_on_same_gt,NMS2,1,1,110.0,423.0,135.0,94.0,492,220,272,0.44715447154471544,0.88
nms,NMS,0243_0176233486_01_WRI-L2_M012.png,FP,0.36864873601830894,0.2143804946213886,0,no_gt_match_or_lower_confidence_on_same_gt,NMS2,2,2,223.0,385.0,94.0,90.0,493,220,273,0.4462474645030426,0.88
nms,NMS,0418_0986372204_04_WRI-L2_M008.png,FP,0.36607181970872565,0.06404814306793075,0,no_gt_match_or_lower_confidence_on_same_gt,NMS2,3,3,216.0,415.0,93.0,90.0,494,220,274,0.44534412955465585,0.88
nms,NMS,0240_0448883998_01_WRI-R2_F012.PNG,FP,0.36525291631769063,0.0,,no_gt_match_or_lower_confidence_on_same_gt,NMS2,1,"1,7,6",171.0,239.0,145.0,102.0,495,220,275,0.4444444444444444,0.88
nms,NMS,5983_1184814878_01_WRI-L1_M011.png,FP,0.3649059311561129,0.0,,no_gt_match_or_lower_confidence_on_same_gt,NMS4,3,3,132.0,545.0,56.0,90.0,496,220,276,0.4435483870967742,0.88
nms,NMS,0798_1177663651_03_WRI-R2_M010.png,FP,0.3641213420748885,0.13237546916757578,0,no_gt_match_or_lower_confidence_on_same_gt,NMS4,3,3,156.0,628.0,113.0,90.0,497,220,277,0.4426559356136821,0.88
nms,NMS,4555_0522752808_02_WRI-R2_M013.png,FP,0.3634132477356878,0.0,,no_gt_match_or_lower_confidence_on_same_gt,NMS4,13,13,536.0,886.0,129.0,90.0,498,220,278,0.44176706827309237,0.88
nms,NMS,0469_1003491279_04_WRI-L2_F009.PNG,TP,0.36112091044885114,0.5165262979431317,0,matched_gt_highest_confidence,NMS1,7,"7,2",184.0,548.0,91.0,90.0,499,221,278,0.44288577154308617,0.884
nms,NMS,5229_1076706016_04_WRI-R1_M008.png,FP,0.36078012355422434,0.0620099056419721,0,no_gt_match_or_lower_confidence_on_same_gt,NMS5,3,3,200.0,635.0,108.0,90.0,500,221,279,0.442,0.884
nms,NMS,4928_0630318905_01_WRI-L2_M009.PNG,FP,0.35988906476109395,0.0,,no_gt_match_or_lower_confidence_on_same_gt,NMS3,10,10,166.0,478.0,91.0,90.0,501,221,280,0.4411177644710579,0.884
nms,NMS,1429_0951458673_04_WRI-L1_M007.PNG,FP,0.35971714127070764,0.0,,no_gt_match_or_lower_confidence_on_same_gt,NMS2,2,2,169.0,507.0,61.0,90.0,502,221,281,0.4402390438247012,0.884
nms,NMS,4726_0968399137_05_WRI-R1_F009.png,FP,0.35886185855510255,0.10563534480752455,0,no_gt_match_or_lower_confidence_on_same_gt,NMS4,1,1,132.0,331.0,143.0,100.0,503,221,282,0.4393638170974155,0.884
nms,NMS,4650_0823981766_01_WRI-L2_M014.png,FP,0.3588392788687903,0.0,,no_gt_match_or_lower_confidence_on_same_gt,NMS3,5,5,218.0,371.0,140.0,98.0,504,221,283,0.4384920634920635,0.884
nms,NMS,1342_0844831428_01_WRI-R2_F009.PNG,FP,0.3576938563060212,0.0,,no_gt_match_or_lower_confidence_on_same_gt,NMS3,4,4,195.0,875.0,69.0,90.0,505,221,284,0.4376237623762376,0.884
nms,NMS,0184_0953131511_01_WRI-R2_M017.png,FP,0.3574996670394544,0.0,,no_gt_match_or_lower_confidence_on_same_gt,NMS2,4,4,271.0,853.0,70.0,90.0,506,221,285,0.4367588932806324,0.884
nms,NMS,0418_0986372204_04_WRI-L2_M008.png,FP,0.35712675576844255,0.0,,no_gt_match_or_lower_confidence_on_same_gt,NMS3,5,5,213.0,695.0,69.0,90.0,507,221,286,0.4358974358974359,0.884
nms,NMS,0791_0965671308_03_WRI-L2_M016.png,TP,0.3564808653689544,0.5863275659839683,0,matched_gt_highest_confidence,NMS2,2,2,130.0,407.0,150.0,106.0,508,222,286,0.43700787401574803,0.888
nms,NMS,1392_0677451986_01_WRI-R2_M017.png,FP,0.3537150044650375,0.0,,no_gt_match_or_lower_confidence_on_same_gt,NMS5,7,7,366.0,436.0,125.0,90.0,509,222,287,0.4361493123772102,0.888
nms,NMS,0321_1214605337_02_WRI-L2_M012.PNG,FP,0.3516214908164691,0.0,,no_gt_match_or_lower_confidence_on_same_gt,NMS2,4,"4,9",268.0,295.0,103.0,90.0,510,222,288,0.43529411764705883,0.888
nms,NMS,5357_0717952874_05_WRI-R2_M013.PNG,TP,0.347991446936859,0.5040434474058044,0,matched_gt_highest_confidence,NMS3,5,5,180.0,429.0,181.0,126.0,511,223,288,0.436399217221135,0.892
nms,NMS,1036_0797762719_02_WRI-L2_M013.png,FP,0.34737130027998864,0.2708741312300554,0,no_gt_match_or_lower_confidence_on_same_gt,NMS3,3,3,197.0,595.0,114.0,90.0,512,223,289,0.435546875,0.892
nms,NMS,5314_0269274371_04_WRI-R2_F010.PNG,FP,0.3469377082379453,0.05447501440954477,0,no_gt_match_or_lower_confidence_on_same_gt,NMS5,2,2,234.0,546.0,153.0,108.0,513,223,290,0.4346978557504873,0.892
nms,NMS,5915_0972188803_01_WRI-L1_M011.png,FP,0.3466418019370815,0.06666551835182728,0,no_gt_match_or_lower_confidence_on_same_gt,NMS3,7,7,265.0,411.0,74.0,90.0,514,223,291,0.433852140077821,0.892
nms,NMS,5097_0374478251_05_WRI-R2_M015.png,FP,0.3464507717347862,0.10872452027937406,0,no_gt_match_or_lower_confidence_on_same_gt,NMS3,10,10,379.0,468.0,91.0,90.0,515,223,292,0.4330097087378641,0.892
nms,NMS,1160_0194008938_01_WRI-L2_M010.png,FP,0.3442035673103867,0.20595556904281404,0,no_gt_match_or_lower_confidence_on_same_gt,NMS2,1,1,153.0,394.0,71.0,90.0,516,223,293,0.4321705426356589,0.892
nms,NMS,5048_0684397154_02_WRI-L2_F014.PNG,TP,0.34174698801055464,0.6075219694604235,0,matched_gt_highest_confidence,NMS2,1,1,258.0,379.0,175.0,122.0,517,224,293,0.4332688588007737,0.896
nms,NMS,5247_0625408586_02_WRI-L2_F008.png,FP,0.341162360504816,0.0,,no_gt_match_or_lower_confidence_on_same_gt,NMS4,4,4,387.0,445.0,66.0,90.0,518,224,294,0.43243243243243246,0.896
nms,NMS,1493_0516110451_02_WRI-L1_F012.PNG,FP,0.34101652645460473,0.0,,no_gt_match_or_lower_confidence_on_same_gt,NMS4,22,22,235.0,453.0,92.0,90.0,519,224,295,0.43159922928709055,0.896
nms,NMS,4672_1042963085_08_WRI-L2_F010.png,FP,0.3381281597999473,0.0,,no_gt_match_or_lower_confidence_on_same_gt,NMS4,2,"2,6",208.0,253.0,133.0,94.0,520,224,296,0.4307692307692308,0.896
nms,NMS,1493_0516110511_02_WRI-L2_F012.PNG,FP,0.33698083189670724,0.0,,no_gt_match_or_lower_confidence_on_same_gt,NMS6,7,7,288.0,815.0,65.0,90.0,521,224,297,0.42994241842610365,0.896
nms,NMS,0749_0874509442_05_WRI-L1_M005.png,TP,0.33433657593562255,0.617127324482619,0,matched_gt_highest_confidence,NMS4,9,9,277.0,321.0,91.0,90.0,522,225,297,0.43103448275862066,0.9
nms,NMS,1020_0255757840_02_WRI-R2_F010.png,FP,0.33317759141780495,0.0,,no_gt_match_or_lower_confidence_on_same_gt,NMS5,17,"17,9",114.0,720.0,57.0,90.0,523,225,298,0.43021032504780116,0.9
nms,NMS,0862_0731070423_02_WRI-R1_F007.PNG,FP,0.33284083007930193,0.0,,no_gt_match_or_lower_confidence_on_same_gt,NMS5,16,16,525.0,505.0,52.0,90.0,524,225,299,0.42938931297709926,0.9
nms,NMS,4928_0630318905_01_WRI-L2_M009.PNG,FP,0.3322804841684058,0.0,,no_gt_match_or_lower_confidence_on_same_gt,NMS4,6,6,207.0,875.0,72.0,90.0,525,225,300,0.42857142857142855,0.9
nms,NMS,5845_1129334892_04_WRI-R2_F010.png,FP,0.33206202271947166,0.0,,no_gt_match_or_lower_confidence_on_same_gt,NMS4,7,7,257.0,594.0,72.0,90.0,526,225,301,0.42775665399239543,0.9
nms,NMS,5048_0684397154_02_WRI-L2_F014.PNG,FP,0.33135384046166516,0.0,,no_gt_match_or_lower_confidence_on_same_gt,NMS3,16,16,383.0,776.0,91.0,90.0,527,225,302,0.4269449715370019,0.9
nms,NMS,5379_0388426289_02_WRI-L2_M009.png,FP,0.3292789206563678,0.11995970879126823,0,no_gt_match_or_lower_confidence_on_same_gt,NMS3,1,1,209.0,425.0,133.0,94.0,528,225,303,0.42613636363636365,0.9
nms,NMS,5533_1116362310_04_WRI-R2_F010.png,FP,0.32279373724649246,0.0,,no_gt_match_or_lower_confidence_on_same_gt,NMS5,9,9,497.0,369.0,63.0,90.0,529,225,304,0.42533081285444235,0.9
nms,NMS,1215_1223424080_01_WRI-L2_F004.PNG,FP,0.32258234249214573,0.13736159682689128,0,no_gt_match_or_lower_confidence_on_same_gt,NMS3,4,4,181.0,365.0,53.0,90.0,530,225,305,0.42452830188679247,0.9
nms,NMS,0473_1196675800_01_WRI-R1_M013.PNG,FP,0.32248388442357284,0.0,,no_gt_match_or_lower_confidence_on_same_gt,NMS2,5,5,235.0,674.0,100.0,90.0,531,225,306,0.423728813559322,0.9
nms,NMS,1493_0516110451_02_WRI-L1_F012.PNG,FP,0.3221053050776829,0.0,,no_gt_match_or_lower_confidence_on_same_gt,NMS5,17,17,609.0,639.0,31.0,90.0,532,225,307,0.42293233082706766,0.9
nms,NMS,0422_1294991061_03_WRI-L2_M010.PNG,FP,0.3208877261499707,0.4345290922860014,0,no_gt_match_or_lower_confidence_on_same_gt,NMS3,7,"7,1",199.0,532.0,91.0,90.0,533,225,308,0.42213883677298314,0.9
nms,NMS,2602_0745106729_06_WRI-L2_M014.png,FP,0.3205828656237051,0.0,,no_gt_match_or_lower_confidence_on_same_gt,NMS5,2,2,177.0,755.0,92.0,90.0,534,225,309,0.42134831460674155,0.9
nms,NMS,4526_0791926653_02_WRI-L1_F012.PNG,FP,0.3205557028800405,0.0,,no_gt_match_or_lower_confidence_on_same_gt,NMS2,19,19,329.0,632.0,91.0,90.0,535,225,310,0.4205607476635514,0.9
nms,NMS,6064_0993979697_01_WRI-R1_M004.PNG,FP,0.3191908399691693,0.0,,no_gt_match_or_lower_confidence_on_same_gt,NMS5,9,9,143.0,143.0,92.0,90.0,536,225,311,0.4197761194029851,0.9
nms,NMS,4661_0405082997_01_WRI-L1_M002.png,FP,0.3181782989390755,0.0,,no_gt_match_or_lower_confidence_on_same_gt,NMS2,4,4,100.0,467.0,181.0,126.0,537,225,312,0.41899441340782123,0.9
nms,NMS,5613_0925004359_01_WRI-R2_F012.PNG,FP,0.3178113977052525,0.0,,no_gt_match_or_lower_confidence_on_same_gt,NMS2,10,10,172.0,231.0,78.0,90.0,538,225,313,0.41821561338289964,0.9
nms,NMS,5013_0267679637_04_WRI-L2_M007.png,FP,0.3171496093140939,0.0,,no_gt_match_or_lower_confidence_on_same_gt,NMS3,2,2,162.0,389.0,105.0,90.0,539,225,314,0.4174397031539889,0.9
nms,NMS,0862_0731070423_02_WRI-R1_F007.PNG,FP,0.3164870918472296,0.0,,no_gt_match_or_lower_confidence_on_same_gt,NMS6,15,"15,6",510.0,589.0,61.0,90.0,540,225,315,0.4166666666666667,0.9
nms,NMS,0482_0829961405_03_WRI-R2_M012.png,FP,0.3155632549306832,0.0,,no_gt_match_or_lower_confidence_on_same_gt,NMS3,5,5,187.0,294.0,131.0,92.0,541,225,316,0.41589648798521256,0.9
nms,NMS,5013_0267679637_04_WRI-L2_M007.png,FP,0.31510596777585276,0.0,,no_gt_match_or_lower_confidence_on_same_gt,NMS4,7,"7,5",195.0,357.0,91.0,90.0,542,225,317,0.4151291512915129,0.9
nms,NMS,1036_0797762719_02_WRI-L2_M013.png,FP,0.31315177399411337,0.0,,no_gt_match_or_lower_confidence_on_same_gt,NMS4,5,5,174.0,935.0,93.0,90.0,543,225,318,0.4143646408839779,0.9
nms,NMS,5980_0995828173_01_WRI-L1_M011.png,FP,0.31021571854389,0.0,,no_gt_match_or_lower_confidence_on_same_gt,NMS3,2,2,246.0,515.0,94.0,90.0,544,225,319,0.41360294117647056,0.9
nms,NMS,0422_1294991061_03_WRI-L2_M010.PNG,FP,0.3094486701311197,0.0,,no_gt_match_or_lower_confidence_on_same_gt,NMS4,3,3,194.0,653.0,86.0,90.0,545,225,320,0.41284403669724773,0.9
nms,NMS,0647_0425957122_01_WRI-L2_F008.PNG,FP,0.3092730396224148,0.0,,no_gt_match_or_lower_confidence_on_same_gt,NMS1,4,4,275.0,375.0,105.0,90.0,546,225,321,0.41208791208791207,0.9
nms,NMS,4928_0630318905_01_WRI-L2_M009.PNG,FP,0.3092124696724506,0.0,,no_gt_match_or_lower_confidence_on_same_gt,NMS5,4,4,204.0,765.0,78.0,90.0,547,225,322,0.4113345521023766,0.9
nms,NMS,5097_0374478251_05_WRI-R2_M015.png,FP,0.30921163178868843,0.0,,no_gt_match_or_lower_confidence_on_same_gt,NMS4,1,"1,8",283.0,354.0,131.0,92.0,548,225,323,0.41058394160583944,0.9
nms,NMS,0490_0671128517_01_WRI-R1_F012.PNG,FP,0.30705529229456596,0.0,,no_gt_match_or_lower_confidence_on_same_gt,NMS6,19,19,253.0,979.0,84.0,90.0,549,225,324,0.4098360655737705,0.9
nms,NMS,4896_0657191053_02_WRI-L2_M009.png,TP,0.3069055665767167,0.6558257027554342,0,matched_gt_highest_confidence,NMS3,6,6,198.0,666.0,88.0,90.0,550,226,324,0.4109090909090909,0.904
nms,NMS,0943_0495535496_01_WRI-L1_F009.PNG,FP,0.30682676388632796,0.26395183598260064,0,no_gt_match_or_lower_confidence_on_same_gt,NMS2,4,4,286.0,305.0,91.0,90.0,551,226,325,0.4101633393829401,0.904
nms,NMS,0507_1135294951_01_WRI-L2_M015.PNG,FP,0.3040215048751103,0.0,,no_gt_match_or_lower_confidence_on_same_gt,NMS4,6,6,249.0,655.0,95.0,90.0,552,226,326,0.40942028985507245,0.904
nms,NMS,5643_0898771639_01_WRI-R1_M016.PNG,TP,0.30338671939576145,0.5772218321627092,0,matched_gt_highest_confidence,NMS2,3,3,277.0,632.0,136.0,96.0,553,227,326,0.4104882459312839,0.908
nms,NMS,0818_0571314957_03_WRI-L1_M013.png,FP,0.303372055314465,0.29795327949151507,0,no_gt_match_or_lower_confidence_on_same_gt,NMS2,15,15,346.0,569.0,91.0,90.0,554,227,327,0.40974729241877256,0.908
nms,NMS,0243_0176233486_01_WRI-L2_M012.png,FP,0.2979523409484959,0.0,,no_gt_match_or_lower_confidence_on_same_gt,NMS3,14,14,234.0,323.0,123.0,90.0,555,227,328,0.409009009009009,0.908
nms,NMS,5314_0269274371_04_WRI-R2_F010.PNG,FP,0.297265869484037,0.0,,no_gt_match_or_lower_confidence_on_same_gt,NMS6,15,15,278.0,371.0,91.0,90.0,556,227,329,0.40827338129496404,0.908
nms,NMS,1979_1021352022_02_WRI-R1_M007.PNG,FP,0.29680735616069764,0.0,,no_gt_match_or_lower_confidence_on_same_gt,NMS2,12,12,217.0,613.0,91.0,90.0,557,227,330,0.40754039497307004,0.908
nms,NMS,4896_0657191053_02_WRI-L2_M009.png,FP,0.2926994632257878,0.0,,no_gt_match_or_lower_confidence_on_same_gt,NMS4,4,4,242.0,556.0,89.0,90.0,558,227,331,0.4068100358422939,0.908
nms,NMS,5934_1088190587_01_WRI-R2_F006.png,FP,0.2902802930532988,0.0,,no_gt_match_or_lower_confidence_on_same_gt,NMS3,4,4,227.0,333.0,117.0,90.0,559,227,332,0.40608228980322003,0.908
nms,NMS,1020_0255757840_02_WRI-R2_F010.png,FP,0.289709538968756,0.0,,no_gt_match_or_lower_confidence_on_same_gt,NMS7,12,12,285.0,695.0,56.0,90.0,560,227,333,0.40535714285714286,0.908
nms,NMS,5934_1088190587_01_WRI-R2_F006.png,TP,0.2885191413092192,0.509206047696568,0,matched_gt_highest_confidence,NMS4,7,7,294.0,574.0,91.0,90.0,561,228,333,0.40641711229946526,0.912
nms,NMS,1493_0516110511_02_WRI-L2_F012.PNG,FP,0.2851306113655953,0.0,,no_gt_match_or_lower_confidence_on_same_gt,NMS7,8,8,186.0,925.0,68.0,90.0,562,228,334,0.40569395017793597,0.912
nms,NMS,1009_1045147893_04_WRI-R2_M013.png,FP,0.28505142159211544,0.0,,no_gt_match_or_lower_confidence_on_same_gt,NMS3,4,4,156.0,775.0,82.0,90.0,563,228,335,0.4049733570159858,0.912
nms,NMS,4800_1015202634_01_WRI-L2_F008.PNG,FP,0.28366431163320216,0.19121085781884709,0,no_gt_match_or_lower_confidence_on_same_gt,NMS2,1,1,187.0,275.0,103.0,90.0,564,228,336,0.40425531914893614,0.912
nms,NMS,0066_1261433167_01_WRI-L2_M011.PNG,FP,0.2811532312212509,0.0,,no_gt_match_or_lower_confidence_on_same_gt,NMS5,10,10,333.0,769.0,91.0,90.0,565,228,337,0.40353982300884955,0.912
nms,NMS,5764_0922296377_02_WRI-L2_M008.png,FP,0.27805858419226476,0.0,,no_gt_match_or_lower_confidence_on_same_gt,NMS4,2,2,276.0,283.0,162.0,114.0,566,228,338,0.4028268551236749,0.912
nms,NMS,4526_0791926653_02_WRI-L1_F012.PNG,FP,0.27721523628547884,0.0,,no_gt_match_or_lower_confidence_on_same_gt,NMS3,20,20,352.0,1037.0,91.0,90.0,567,228,339,0.4021164021164021,0.912
nms,NMS,0469_1003491279_04_WRI-L2_F009.PNG,FP,0.2730657090161052,0.0,,no_gt_match_or_lower_confidence_on_same_gt,NMS2,8,"8,1",156.0,357.0,91.0,90.0,568,228,340,0.4014084507042254,0.912
nms,NMS,0791_0965671308_03_WRI-L2_M016.png,FP,0.27219920400995046,0.0,,no_gt_match_or_lower_confidence_on_same_gt,NMS3,4,4,123.0,625.0,126.0,90.0,569,228,341,0.4007029876977153,0.912
nms,NMS,0812_0349793895_03_WRI-L2_M013.PNG,FP,0.2714027886845421,0.0,,no_gt_match_or_lower_confidence_on_same_gt,NMS4,10,10,166.0,292.0,102.0,90.0,570,228,342,0.4,0.912
nms,NMS,0993_0784632097_01_WRI-L2_F012.PNG,FP,0.2712842239522672,0.08838431302394642,0,no_gt_match_or_lower_confidence_on_same_gt,NMS2,1,1,304.0,425.0,87.0,90.0,571,228,343,0.39929947460595444,0.912
nms,NMS,1646_0358595502_04_WRI-R1_M007.png,FP,0.27067223963049114,0.06125953359198375,0,no_gt_match_or_lower_confidence_on_same_gt,NMS4,1,1,141.0,281.0,146.0,102.0,572,228,344,0.3986013986013986,0.912
nms,NMS,4886_0345385374_03_WRI-L1_F009.PNG,FP,0.2703671754065328,0.0,,no_gt_match_or_lower_confidence_on_same_gt,NMS4,10,10,342.0,520.0,91.0,90.0,573,228,345,0.39790575916230364,0.912
nms,NMS,0457_1033174859_01_WRI-R2_F008.png,FP,0.2700807962995318,0.0,,no_gt_match_or_lower_confidence_on_same_gt,NMS3,6,6,146.0,279.0,92.0,90.0,574,228,346,0.397212543554007,0.912
nms,NMS,0066_1261433167_01_WRI-L2_M011.PNG,FP,0.2696438648399669,0.0806754709806159,0,no_gt_match_or_lower_confidence_on_same_gt,NMS6,5,5,174.0,392.0,167.0,116.0,575,228,347,0.39652173913043476,0.912
nms,NMS,0589_0821736373_04_WRI-L1_M017.PNG,FP,0.26731647844794076,0.0,,no_gt_match_or_lower_confidence_on_same_gt,NMS4,19,19,133.0,322.0,134.0,94.0,576,228,348,0.3958333333333333,0.912
nms,NMS,0066_1261433167_01_WRI-L2_M011.PNG,FP,0.26684220997802804,0.0,,no_gt_match_or_lower_confidence_on_same_gt,NMS7,8,8,320.0,325.0,156.0,110.0,577,228,349,0.3951473136915078,0.912
nms,NMS,5552_0231280543_01_WRI-R2_M005.PNG,FP,0.2659146293851285,0.0,,no_gt_match_or_lower_confidence_on_same_gt,NMS3,2,2,117.0,265.0,108.0,90.0,578,228,350,0.3944636678200692,0.912
nms,NMS,0589_0821736373_04_WRI-L1_M017.PNG,FP,0.2653067863965602,0.0,,no_gt_match_or_lower_confidence_on_same_gt,NMS5,28,"28,18",298.0,293.0,91.0,90.0,579,228,351,0.39378238341968913,0.912
nms,NMS,1006_0840174727_01_WRI-L2_M006.png,FP,0.2629496301204673,0.0,,no_gt_match_or_lower_confidence_on_same_gt,NMS2,1,1,118.0,495.0,87.0,90.0,580,228,352,0.3931034482758621,0.912
nms,NMS,0892_1273117426_01_WRI-R2_F010.png,FP,0.26035310858675376,0.0,,no_gt_match_or_lower_confidence_on_same_gt,NMS2,10,10,339.0,188.0,91.0,90.0,581,228,353,0.3924268502581756,0.912
nms,NMS,5084_0371666121_01_WRI-L2_M014.PNG,FP,0.25986491816147317,0.08738428530675638,0,no_gt_match_or_lower_confidence_on_same_gt,NMS2,11,11,185.0,536.0,91.0,90.0,582,228,354,0.3917525773195876,0.912
nms,NMS,1646_0358595502_04_WRI-R1_M007.png,FP,0.2595330390554032,0.0,,no_gt_match_or_lower_confidence_on_same_gt,NMS5,5,5,214.0,221.0,37.0,90.0,583,228,355,0.3910806174957118,0.912
nms,NMS,1979_1021352022_02_WRI-R1_M007.PNG,FP,0.2556877107642387,0.0,,no_gt_match_or_lower_confidence_on_same_gt,NMS3,4,"4,14",278.0,275.0,86.0,90.0,584,228,356,0.3904109589041096,0.912
nms,NMS,4810_0683178845_02_WRI-L1_M011.PNG,FP,0.2552617786156173,0.0,,no_gt_match_or_lower_confidence_on_same_gt,NMS4,19,19,547.0,453.0,24.0,90.0,585,228,357,0.38974358974358975,0.912
nms,NMS,1493_0516110451_02_WRI-L1_F012.PNG,FP,0.25424742203475686,0.0,,no_gt_match_or_lower_confidence_on_same_gt,NMS6,4,4,618.0,415.0,47.0,90.0,586,228,358,0.3890784982935154,0.912
nms,NMS,0798_1177663651_03_WRI-R2_M010.png,FP,0.25283440288845294,0.0,,no_gt_match_or_lower_confidence_on_same_gt,NMS5,5,5,174.0,728.0,99.0,90.0,587,228,359,0.38841567291311757,0.912
nms,NMS,4555_0522752808_02_WRI-R2_M013.png,FP,0.25150228217993326,0.24987037438888182,0,no_gt_match_or_lower_confidence_on_same_gt,NMS5,3,3,386.0,608.0,181.0,126.0,588,228,360,0.3877551020408163,0.912
nms,NMS,2602_0745106729_06_WRI-L2_M014.png,FP,0.2501052556848393,0.23428890489388496,0,no_gt_match_or_lower_confidence_on_same_gt,NMS6,11,11,167.0,575.0,88.0,90.0,589,228,361,0.3870967741935484,0.912
nms,NMS,0071_0678614107_01_WRI-R1_F009.png,FP,0.2486078568832534,0.0,,no_gt_match_or_lower_confidence_on_same_gt,NMS3,7,7,360.0,319.0,113.0,90.0,590,228,362,0.3864406779661017,0.912
nms,NMS,0798_1176968591_01_WRI-L2_M010.PNG,FP,0.248324353137729,0.0,,no_gt_match_or_lower_confidence_on_same_gt,NMS3,12,12,89.0,870.0,35.0,90.0,591,228,363,0.38578680203045684,0.912
nms,NMS,0071_0678614107_01_WRI-R1_F009.png,FP,0.24788923914072897,0.22768948470566092,0,no_gt_match_or_lower_confidence_on_same_gt,NMS4,6,6,247.0,557.0,164.0,114.0,592,228,364,0.38513513513513514,0.912
nms,NMS,5474_0881416362_05_WRI-R2_M005.PNG,FP,0.24613983776084128,0.0,,no_gt_match_or_lower_confidence_on_same_gt,NMS4,1,1,455.0,693.0,38.0,114.0,593,228,365,0.3844856661045531,0.912
nms,NMS,1218_0392258361_05_WRI-R2_M014.png,FP,0.2460427017067504,0.0,,no_gt_match_or_lower_confidence_on_same_gt,NMS6,14,14,293.0,855.0,91.0,90.0,594,228,366,0.3838383838383838,0.912
nms,NMS,6079_0512846944_01_WRI-R2_M011.png,FP,0.23910956906270145,0.0,,no_gt_match_or_lower_confidence_on_same_gt,NMS2,4,4,188.0,655.0,64.0,90.0,595,228,367,0.3831932773109244,0.912
nms,NMS,1036_0797762719_02_WRI-L2_M013.png,FP,0.23653138820878233,0.27915157952224273,0,no_gt_match_or_lower_confidence_on_same_gt,NMS5,6,6,198.0,695.0,81.0,90.0,596,228,368,0.3825503355704698,0.912
nms,NMS,4812_0715449570_01_WRI-R2_M008.PNG,FP,0.2362401659179645,0.027488700939856264,0,no_gt_match_or_lower_confidence_on_same_gt,NMS3,10,10,323.0,193.0,91.0,90.0,597,228,369,0.38190954773869346,0.912
nms,NMS,4661_0405082997_01_WRI-L1_M002.png,FP,0.23546576123928917,0.0,,no_gt_match_or_lower_confidence_on_same_gt,NMS3,3,3,91.0,425.0,100.0,90.0,598,228,370,0.38127090301003347,0.912
nms,NMS,5357_0717952874_05_WRI-R2_M013.PNG,FP,0.23493454597455754,0.0,,no_gt_match_or_lower_confidence_on_same_gt,NMS5,2,2,83.0,737.0,118.0,90.0,599,228,371,0.3806343906510851,0.912
nms,NMS,5931_0732587357_02_WRI-R2_M014.PNG,FP,0.23457907904839823,0.0,,no_gt_match_or_lower_confidence_on_same_gt,NMS5,3,3,371.0,720.0,171.0,120.0,600,228,372,0.38,0.912
nms,NMS,0473_1196675800_01_WRI-R1_M013.PNG,FP,0.23329538921700477,0.0,,no_gt_match_or_lower_confidence_on_same_gt,NMS3,7,7,253.0,884.0,103.0,90.0,601,228,373,0.3793677204658902,0.912
nms,NMS,5144_0421025634_01_WRI-R2_M013.PNG,FP,0.2331117904500353,0.0,,no_gt_match_or_lower_confidence_on_same_gt,NMS3,3,3,233.0,300.0,144.0,100.0,602,228,374,0.3787375415282392,0.912
nms,NMS,0598_0792616571_01_WRI-L1_F008.png,FP,0.23304744471100733,0.0,,no_gt_match_or_lower_confidence_on_same_gt,NMS3,4,4,190.0,696.0,71.0,90.0,603,228,375,0.3781094527363184,0.912
nms,NMS,0798_1176968591_01_WRI-L2_M010.PNG,FP,0.23244250748613907,0.21233203521581143,0,no_gt_match_or_lower_confidence_on_same_gt,NMS4,3,3,318.0,462.0,171.0,120.0,604,228,376,0.37748344370860926,0.912
nms,NMS,5048_0684397154_02_WRI-L2_F014.PNG,FP,0.23182826392659567,0.0,,no_gt_match_or_lower_confidence_on_same_gt,NMS4,6,6,307.0,895.0,126.0,90.0,605,228,377,0.3768595041322314,0.912
nms,NMS,4857_1142512186_03_WRI-L2_M014.PNG,FP,0.2315960978931831,0.1992968754095259,0,no_gt_match_or_lower_confidence_on_same_gt,NMS3,4,"4,8",195.0,535.0,71.0,90.0,606,228,378,0.37623762376237624,0.912
nms,NMS,2660_0622346450_03_WRI-R1_M013.png,FP,0.23119170561000324,0.0,,no_gt_match_or_lower_confidence_on_same_gt,NMS3,10,10,353.0,538.0,91.0,90.0,607,228,379,0.3756177924217463,0.912
nms,NMS,4951_0422842172_04_WRI-R2_M015.PNG,TP,0.23062820134194695,0.6825177484194026,0,matched_gt_highest_confidence,NMS3,2,2,257.0,455.0,91.0,90.0,608,229,379,0.37664473684210525,0.916
nms,NMS,5229_1076706016_04_WRI-R1_M008.png,FP,0.22987906214291137,0.0,,no_gt_match_or_lower_confidence_on_same_gt,NMS6,1,1,501.0,335.0,52.0,90.0,609,229,380,0.3760262725779967,0.916
nms,NMS,0003_0663715782_02_WRI-R2_M011.png,FP,0.22874392862748594,0.0,,no_gt_match_or_lower_confidence_on_same_gt,NMS4,8,8,177.0,476.0,51.0,90.0,610,229,381,0.37540983606557377,0.916
nms,NMS,5355_0294185816_01_WRI-L2_M009.png,FP,0.22573906919083922,0.0,,no_gt_match_or_lower_confidence_on_same_gt,NMS5,4,4,244.0,316.0,181.0,126.0,611,229,382,0.37479541734860883,0.916
nms,NMS,4810_0683178845_02_WRI-L1_M011.PNG,FP,0.22526573096909783,0.0,,no_gt_match_or_lower_confidence_on_same_gt,NMS5,3,3,155.0,705.0,68.0,90.0,612,229,383,0.3741830065359477,0.916
nms,NMS,5287_0484979563_04_WRI-L2_F009.png,FP,0.22487992403336612,0.0,,no_gt_match_or_lower_confidence_on_same_gt,NMS2,2,"2,5",405.0,285.0,125.0,90.0,613,229,384,0.3735725938009788,0.916
nms,NMS,5814_0407544765_01_WRI-L1_M016.PNG,FP,0.2234970083948212,0.0,,no_gt_match_or_lower_confidence_on_same_gt,NMS3,11,11,268.0,848.0,59.0,90.0,614,229,385,0.3729641693811075,0.916
nms,NMS,0066_1263156785_04_WRI-L1_M011.png,FP,0.22292393463625157,0.0,,no_gt_match_or_lower_confidence_on_same_gt,NMS2,7,7,449.0,305.0,122.0,90.0,615,229,386,0.3723577235772358,0.916
nms,NMS,0288_1220813964_01_WRI-L2_F008.png,FP,0.22254359225651435,0.0,,no_gt_match_or_lower_confidence_on_same_gt,NMS4,9,9,237.0,393.0,91.0,90.0,616,229,387,0.3717532467532468,0.916
nms,NMS,0628_0628606612_01_WRI-L2_F007.PNG,FP,0.22170637294159995,0.0,,no_gt_match_or_lower_confidence_on_same_gt,NMS3,2,2,165.0,675.0,65.0,90.0,617,229,388,0.3711507293354943,0.916
nms,NMS,2458_0430068033_05_WRI-L2_M009.PNG,TP,0.2216532039731075,0.5516689286849,0,matched_gt_highest_confidence,NMS4,11,11,323.0,701.0,91.0,90.0,618,230,388,0.37216828478964403,0.92
nms,NMS,0028_0578333865_02_WRI-R1_M008.png,FP,0.22128246324460193,0.0,,no_gt_match_or_lower_confidence_on_same_gt,NMS3,3,3,375.0,335.0,53.0,90.0,619,230,389,0.3715670436187399,0.92
nms,NMS,5614_0382067224_01_WRI-L2_F010.png,FP,0.22025972917274686,0.0,,no_gt_match_or_lower_confidence_on_same_gt,NMS3,1,1,326.0,359.0,94.0,90.0,620,230,390,0.3709677419354839,0.92
nms,NMS,0184_0953131511_01_WRI-R2_M017.png,FP,0.21960284374815892,0.10248872782349112,0,no_gt_match_or_lower_confidence_on_same_gt,NMS3,7,7,212.0,461.0,91.0,90.0,621,230,391,0.37037037037037035,0.92
nms,NMS,5743_0963537164_04_WRI-R2_M009.PNG,FP,0.219260092200444,0.09304214503074637,0,no_gt_match_or_lower_confidence_on_same_gt,NMS2,1,1,197.0,285.0,122.0,90.0,622,230,392,0.36977491961414793,0.92
nms,NMS,1280_0847425934_01_WRI-R2_F016.png,FP,0.21895707118962976,0.0,,no_gt_match_or_lower_confidence_on_same_gt,NMS3,5,5,157.0,245.0,113.0,90.0,623,230,393,0.36918138041733545,0.92
nms,NMS,5643_0898771639_01_WRI-R1_M016.PNG,FP,0.2186181468434018,0.0,,no_gt_match_or_lower_confidence_on_same_gt,NMS3,4,4,306.0,755.0,98.0,90.0,624,230,394,0.3685897435897436,0.92
nms,NMS,0827_0782390551_01_WRI-L1_M016.PNG,FP,0.21839776679034226,0.0,,no_gt_match_or_lower_confidence_on_same_gt,NMS3,3,3,141.0,465.0,67.0,90.0,625,230,395,0.368,0.92
nms,NMS,1043_0381634738_02_WRI-L2_M001.PNG,FP,0.21741836095206127,0.0,,no_gt_match_or_lower_confidence_on_same_gt,NMS2,4,4,60.0,175.0,80.0,90.0,626,230,396,0.36741214057507987,0.92
nms,NMS,5865_0983089944_07_WRI-L1_F005.png,FP,0.2158680992027952,0.052073236651965525,0,no_gt_match_or_lower_confidence_on_same_gt,NMS3,7,7,183.0,379.0,91.0,90.0,627,230,397,0.3668261562998405,0.92
nms,NMS,1993_0548434682_03_WRI-R2_F009.PNG,FP,0.21506433831007013,0.0,,no_gt_match_or_lower_confidence_on_same_gt,NMS2,2,"2,5",129.0,194.0,104.0,90.0,628,230,398,0.3662420382165605,0.92
nms,NMS,5097_0374478251_05_WRI-R2_M015.png,FP,0.21500951877595087,0.0633227755994192,0,no_gt_match_or_lower_confidence_on_same_gt,NMS5,3,3,330.0,615.0,117.0,90.0,629,230,399,0.3656597774244833,0.92
nms,NMS,5238_0561586292_02_WRI-L2_F006.PNG,TP,0.2148775783939701,0.5755671212839966,0,matched_gt_highest_confidence,NMS2,1,1,164.0,434.0,91.0,90.0,630,231,399,0.36666666666666664,0.924
nms,NMS,0469_1003491279_04_WRI-L2_F009.PNG,FP,0.2126144627159243,0.0,,no_gt_match_or_lower_confidence_on_same_gt,NMS3,4,4,158.0,675.0,69.0,90.0,631,231,400,0.36608557844690964,0.924
nms,NMS,1143_0633014370_02_WRI-L1_M012.png,FP,0.21225782426559064,0.10832385632509793,0,no_gt_match_or_lower_confidence_on_same_gt,NMS3,2,2,341.0,614.0,130.0,92.0,632,231,401,0.36550632911392406,0.924
nms,NMS,5013_0267679637_04_WRI-L2_M007.png,FP,0.21204132251184374,0.0,,no_gt_match_or_lower_confidence_on_same_gt,NMS5,1,1,172.0,261.0,93.0,146.0,633,231,402,0.36492890995260663,0.924
nms,NMS,1375_0307850434_02_WRI-L2_M011.PNG,FP,0.21140722296301742,0.0,,no_gt_match_or_lower_confidence_on_same_gt,NMS5,11,11,462.0,679.0,91.0,90.0,634,231,403,0.3643533123028391,0.924
nms,NMS,1284_0365288370_04_WRI-L2_M010.png,FP,0.21030393076716064,0.0,,no_gt_match_or_lower_confidence_on_same_gt,NMS4,3,3,217.0,524.0,84.0,90.0,635,231,404,0.3637795275590551,0.924
nms,NMS,1493_0516110451_02_WRI-L1_F012.PNG,FP,0.21001574456986352,0.0,,no_gt_match_or_lower_confidence_on_same_gt,NMS7,8,8,613.0,585.0,44.0,90.0,636,231,405,0.3632075471698113,0.924
nms,NMS,1707_0497635109_01_WRI-R3_M008.PNG,FP,0.20970440856553055,0.2797265706350752,0,no_gt_match_or_lower_confidence_on_same_gt,NMS2,7,7,266.0,570.0,93.0,90.0,637,231,406,0.3626373626373626,0.924
nms,NMS,5915_0972188803_01_WRI-L1_M011.png,FP,0.20943033176692913,0.0,,no_gt_match_or_lower_confidence_on_same_gt,NMS4,1,1,235.0,370.0,156.0,110.0,638,231,407,0.3620689655172414,0.924
nms,NMS,0003_0663715782_02_WRI-R2_M011.png,FP,0.20889453682462072,0.0,,no_gt_match_or_lower_confidence_on_same_gt,NMS5,14,"14,7",155.0,602.0,55.0,90.0,639,231,408,0.3615023474178404,0.924
nms,NMS,0482_0829961405_03_WRI-R2_M012.png,FP,0.2083621601526293,0.0,,no_gt_match_or_lower_confidence_on_same_gt,NMS4,10,10,286.0,281.0,91.0,90.0,640,231,409,0.3609375,0.924
nms,NMS,4605_0740967567_01_WRI-L2_F011.PNG,FP,0.20820061150323002,0.0,,no_gt_match_or_lower_confidence_on_same_gt,NMS3,4,4,483.0,325.0,19.0,90.0,641,231,410,0.36037441497659906,0.924
nms,NMS,1143_0633014370_02_WRI-L1_M012.png,FP,0.20732117509838577,0.0,,no_gt_match_or_lower_confidence_on_same_gt,NMS4,4,4,331.0,735.0,121.0,90.0,642,231,411,0.3598130841121495,0.924
nms,NMS,0589_0821736373_04_WRI-L1_M017.PNG,FP,0.2071836382215131,0.0,,no_gt_match_or_lower_confidence_on_same_gt,NMS6,9,9,176.0,476.0,181.0,126.0,643,231,412,0.359253499222395,0.924
nms,NMS,2176_1073963460_04_WRI-L2_M009.png,FP,0.20703307002466104,0.03315223793029696,0,no_gt_match_or_lower_confidence_on_same_gt,NMS3,7,7,165.0,359.0,91.0,90.0,644,231,413,0.358695652173913,0.924
nms,NMS,1036_0797762719_02_WRI-L2_M013.png,FP,0.20515940922379775,0.0,,no_gt_match_or_lower_confidence_on_same_gt,NMS6,11,11,276.0,463.0,91.0,90.0,645,231,414,0.3581395348837209,0.924
nms,NMS,5247_0625408586_02_WRI-L2_F008.png,FP,0.20380089547601699,0.0,,no_gt_match_or_lower_confidence_on_same_gt,NMS5,8,8,31.0,1075.0,28.0,90.0,646,231,415,0.35758513931888547,0.924
nms,NMS,5247_0625408586_02_WRI-L2_F008.png,FP,0.20367284643651418,0.0,,no_gt_match_or_lower_confidence_on_same_gt,NMS6,26,26,198.0,973.0,84.0,90.0,647,231,416,0.357032457496136,0.924
nms,NMS,5534_1110536297_02_WRI-L2_M012.PNG,FP,0.20253180427164752,0.0,,no_gt_match_or_lower_confidence_on_same_gt,NMS4,7,7,219.0,233.0,91.0,90.0,648,231,417,0.35648148148148145,0.924
nms,NMS,1036_0797762719_02_WRI-L2_M013.png,FP,0.20053726346896023,0.04974674902194053,0,no_gt_match_or_lower_confidence_on_same_gt,NMS7,8,8,215.0,561.0,93.0,90.0,649,231,418,0.3559322033898305,0.924
nms,NMS,0321_1214605337_02_WRI-L2_M012.PNG,FP,0.20027381909148181,0.0,,no_gt_match_or_lower_confidence_on_same_gt,NMS3,14,14,197.0,299.0,91.0,90.0,650,231,419,0.3553846153846154,0.924
nms,NMS,2079_0634378897_01_WRI-R1_M008.PNG,FP,0.19946746714095542,0.0,,no_gt_match_or_lower_confidence_on_same_gt,NMS3,2,"2,3",342.0,404.0,79.0,90.0,651,231,420,0.3548387096774194,0.924
nms,NMS,5922_0905499124_02_WRI-L2_F012.png,FP,0.19938102071991318,0.0,,no_gt_match_or_lower_confidence_on_same_gt,NMS5,5,5,254.0,329.0,82.0,90.0,652,231,421,0.35429447852760737,0.924
nms,NMS,0422_1296201520_04_WRI-L1_M010.PNG,FP,0.19906819776801227,0.0,,no_gt_match_or_lower_confidence_on_same_gt,NMS6,6,6,511.0,290.0,15.0,90.0,653,231,422,0.3537519142419602,0.924
nms,NMS,0809_0409215096_03_WRI-L2_F007.png,FP,0.1990017951342552,0.03858011261550602,0,no_gt_match_or_lower_confidence_on_same_gt,NMS2,2,"2,3",145.0,315.0,93.0,90.0,654,231,423,0.3532110091743119,0.924
nms,NMS,0417_0727766468_03_WRI-R2_F009.png,FP,0.19800864552747813,0.19337398870557146,0,no_gt_match_or_lower_confidence_on_same_gt,NMS4,7,7,568.0,601.0,76.0,90.0,655,231,424,0.3526717557251908,0.924
nms,NMS,5818_0746899911_02_WRI-L2_M014.PNG,FP,0.19533674685234084,0.0,,no_gt_match_or_lower_confidence_on_same_gt,NMS3,15,15,70.0,254.0,91.0,90.0,656,231,425,0.3521341463414634,0.924
nms,NMS,0993_0784632097_01_WRI-L2_F012.PNG,TP,0.19502536892955658,0.6246764352295565,0,matched_gt_highest_confidence,NMS3,5,5,304.0,360.0,91.0,90.0,657,232,425,0.3531202435312024,0.928
nms,NMS,5230_0288804781_01_WRI-L2_M010.png,FP,0.1946690992030444,0.0,,no_gt_match_or_lower_confidence_on_same_gt,NMS2,1,"1,4",239.0,424.0,131.0,92.0,658,232,426,0.3525835866261398,0.928
nms,NMS,0407_1248541446_05_WRI-R2_F008.PNG,FP,0.1939895318946504,0.0,,no_gt_match_or_lower_confidence_on_same_gt,NMS1,12,12,417.0,639.0,91.0,90.0,659,232,427,0.3520485584218513,0.928
nms,NMS,5303_0992053123_02_WRI-R2_F014.PNG,FP,0.1937616630305331,0.0,,no_gt_match_or_lower_confidence_on_same_gt,NMS3,2,2,198.0,252.0,137.0,96.0,660,232,428,0.3515151515151515,0.928
nms,NMS,4526_0791926653_02_WRI-L1_F012.PNG,FP,0.19324415992900154,0.2902408483114955,0,no_gt_match_or_lower_confidence_on_same_gt,NMS4,16,16,389.0,480.0,91.0,90.0,661,232,429,0.35098335854765506,0.928
nms,NMS,5227_0411829511_01_WRI-L2_M011.png,FP,0.19316910197638115,0.0,,no_gt_match_or_lower_confidence_on_same_gt,NMS3,7,7,146.0,555.0,74.0,90.0,662,232,430,0.3504531722054381,0.928
nms,NMS,1280_0847425934_01_WRI-R2_F016.png,FP,0.19219677131990212,0.0,,no_gt_match_or_lower_confidence_on_same_gt,NMS4,4,4,233.0,685.0,91.0,90.0,663,232,431,0.34992458521870284,0.928
nms,NMS,5931_0732587357_02_WRI-R2_M014.PNG,FP,0.1914761780755532,0.0,,no_gt_match_or_lower_confidence_on_same_gt,NMS6,1,1,302.0,394.0,160.0,112.0,664,232,432,0.3493975903614458,0.928
nms,NMS,6060_0585926294_01_WRI-R2_M015.png,FP,0.1911931241753621,0.0,,no_gt_match_or_lower_confidence_on_same_gt,NMS3,11,11,162.0,303.0,91.0,90.0,665,232,433,0.34887218045112783,0.928
nms,NMS,5931_0732587357_02_WRI-R2_M014.PNG,FP,0.19075728932439961,0.24180511715464503,0,no_gt_match_or_lower_confidence_on_same_gt,NMS7,6,6,280.0,637.0,152.0,106.0,666,232,434,0.3483483483483483,0.928
nms,NMS,0862_0731070423_02_WRI-R1_F007.PNG,FP,0.19041576062150592,0.0,,no_gt_match_or_lower_confidence_on_same_gt,NMS7,2,2,349.0,596.0,122.0,90.0,667,232,435,0.34782608695652173,0.928
nms,NMS,1392_0677451986_01_WRI-R2_M017.png,FP,0.18953577392794968,0.0,,no_gt_match_or_lower_confidence_on_same_gt,NMS7,6,6,376.0,916.0,128.0,90.0,668,232,436,0.3473053892215569,0.928
nms,NMS,5489_0628153015_04_WRI-R2_M006.png,FP,0.1875898934064597,0.19745819082670832,0,no_gt_match_or_lower_confidence_on_same_gt,NMS2,1,1,185.0,375.0,109.0,90.0,669,232,437,0.34678624813153963,0.928
nms,NMS,5818_0746899911_02_WRI-L2_M014.PNG,FP,0.18670359483347052,0.06912076132163317,0,no_gt_match_or_lower_confidence_on_same_gt,NMS4,4,4,86.0,552.0,165.0,116.0,670,232,438,0.34626865671641793,0.928
nms,NMS,5303_0992053123_02_WRI-R2_F014.PNG,FP,0.1865498062010543,0.0,,no_gt_match_or_lower_confidence_on_same_gt,NMS4,4,4,152.0,232.0,137.0,96.0,671,232,439,0.34575260804769004,0.928
nms,NMS,1391_1164684862_01_WRI-L2_F012.PNG,FP,0.18610340584279958,0.15591849602727378,0,no_gt_match_or_lower_confidence_on_same_gt,NMS3,2,2,138.0,315.0,84.0,90.0,672,232,440,0.34523809523809523,0.928
nms,NMS,5373_0602157892_03_WRI-L2_F009.png,FP,0.18602332945331732,0.0,,no_gt_match_or_lower_confidence_on_same_gt,NMS2,1,1,196.0,475.0,102.0,90.0,673,232,441,0.3447251114413076,0.928
nms,NMS,1143_0707678749_04_WRI-R1_M014.png,FP,0.18590592017635413,0.07203925851377398,0,no_gt_match_or_lower_confidence_on_same_gt,NMS4,3,3,83.0,210.0,91.0,90.0,674,232,442,0.34421364985163205,0.928
nms,NMS,1536_1072748039_01_WRI-L2_M010.png,FP,0.18528821586472893,0.0,,no_gt_match_or_lower_confidence_on_same_gt,NMS3,2,2,162.0,585.0,124.0,90.0,675,232,443,0.3437037037037037,0.928
nms,NMS,0203_1114068044_01_WRI-L1_M011.png,FP,0.18457721981720066,0.0,,no_gt_match_or_lower_confidence_on_same_gt,NMS10,9,"9,21",199.0,790.0,121.0,90.0,676,232,444,0.3431952662721893,0.928
nms,NMS,0288_1220813964_01_WRI-L2_F008.png,FP,0.18454517505278323,0.0,,no_gt_match_or_lower_confidence_on_same_gt,NMS5,12,12,85.0,622.0,23.0,90.0,677,232,445,0.34268833087149186,0.928
nms,NMS,0542_0298295711_03_WRI-L2_F010.PNG,FP,0.18446409751107296,0.08125896486816453,0,no_gt_match_or_lower_confidence_on_same_gt,NMS3,3,3,132.0,453.0,78.0,90.0,678,232,446,0.3421828908554572,0.928
nms,NMS,1979_1021352022_02_WRI-R1_M007.PNG,FP,0.18338477112104135,0.0,,no_gt_match_or_lower_confidence_on_same_gt,NMS4,1,1,470.0,321.0,139.0,98.0,679,232,447,0.34167893961708395,0.928
nms,NMS,5922_0905499124_02_WRI-L2_F012.png,FP,0.1825246119456328,0.0,,no_gt_match_or_lower_confidence_on_same_gt,NMS6,4,4,218.0,695.0,98.0,90.0,680,232,448,0.3411764705882353,0.928
nms,NMS,0869_0615436364_02_WRI-R2_M016.PNG,FP,0.18189293843214063,0.10022275009917107,0,no_gt_match_or_lower_confidence_on_same_gt,NMS4,1,1,257.0,327.0,150.0,106.0,681,232,449,0.3406754772393539,0.928
nms,NMS,6060_0585926294_01_WRI-R2_M015.png,FP,0.18149353663646312,0.0,,no_gt_match_or_lower_confidence_on_same_gt,NMS4,7,7,222.0,406.0,91.0,90.0,682,232,450,0.34017595307917886,0.928
nms,NMS,0066_1263156785_04_WRI-L1_M011.png,FP,0.18093915836776805,0.24902696363446522,0,no_gt_match_or_lower_confidence_on_same_gt,NMS3,1,1,259.0,587.0,181.0,126.0,683,232,451,0.3396778916544656,0.928
nms,NMS,0125_0729674162_02_WRI-L2_M013.png,FP,0.180589286483463,0.0,,no_gt_match_or_lower_confidence_on_same_gt,NMS6,1,1,286.0,320.0,144.0,100.0,684,232,452,0.3391812865497076,0.928
nms,NMS,5934_1088190587_01_WRI-R2_F006.png,FP,0.1791427448600482,0.0,,no_gt_match_or_lower_confidence_on_same_gt,NMS5,9,9,263.0,301.0,83.0,90.0,685,232,453,0.3386861313868613,0.928
nms,NMS,0030_0853281744_01_WRI-L2_F008.png,FP,0.1757773104124855,0.0,,no_gt_match_or_lower_confidence_on_same_gt,NMS2,4,4,204.0,445.0,53.0,90.0,686,232,454,0.33819241982507287,0.928
nms,NMS,4812_0715449570_01_WRI-R2_M008.PNG,FP,0.17572038886876334,0.0,,no_gt_match_or_lower_confidence_on_same_gt,NMS4,2,2,361.0,408.0,69.0,90.0,687,232,455,0.33770014556040756,0.928
nms,NMS,0003_0663715782_02_WRI-R2_M011.png,FP,0.17525728527303122,0.0,,no_gt_match_or_lower_confidence_on_same_gt,NMS6,15,15,336.0,430.0,91.0,90.0,688,232,456,0.3372093023255814,0.928
nms,NMS,5247_0627787842_05_WRI-L2_F008.png,FP,0.17406441876225054,0.2747222854100481,0,no_gt_match_or_lower_confidence_on_same_gt,NMS3,9,9,238.0,637.0,78.0,90.0,689,232,457,0.3367198838896952,0.928
nms,NMS,0589_0821736373_04_WRI-L1_M017.PNG,FP,0.1732155175201517,0.15014190198759902,0,no_gt_match_or_lower_confidence_on_same_gt,NMS7,6,6,256.0,646.0,181.0,126.0,690,232,458,0.336231884057971,0.928
nms,NMS,4661_0405082997_01_WRI-L1_M002.png,FP,0.17307665085053972,0.0,,no_gt_match_or_lower_confidence_on_same_gt,NMS4,5,5,190.0,475.0,109.0,90.0,691,232,459,0.3357452966714906,0.928
nms,NMS,5303_0992053123_02_WRI-R2_F014.PNG,FP,0.17208006187723007,0.0,,no_gt_match_or_lower_confidence_on_same_gt,NMS5,8,8,265.0,211.0,91.0,90.0,692,232,460,0.3352601156069364,0.928
nms,NMS,5121_0676540097_02_WRI-R1_M011.PNG,FP,0.17174685492846803,0.0,,no_gt_match_or_lower_confidence_on_same_gt,NMS5,3,3,310.0,675.0,99.0,90.0,693,232,461,0.3347763347763348,0.928
nms,NMS,0611_0470785500_02_WRI-L2_F014.png,FP,0.17163354125713282,0.0,,no_gt_match_or_lower_confidence_on_same_gt,NMS3,5,5,282.0,804.0,130.0,92.0,694,232,462,0.33429394812680113,0.928
nms,NMS,5456_0603427972_01_WRI-L1_M011.png,FP,0.17152115595862796,0.0,,no_gt_match_or_lower_confidence_on_same_gt,NMS5,16,16,408.0,691.0,91.0,90.0,695,232,463,0.3338129496402878,0.928
nms,NMS,0469_1003491279_04_WRI-L2_F009.PNG,FP,0.17126568146957075,0.0,,no_gt_match_or_lower_confidence_on_same_gt,NMS4,6,6,191.0,312.0,91.0,90.0,696,232,464,0.3333333333333333,0.928
nms,NMS,4969_0206805790_03_WRI-L2_F010.PNG,FP,0.17113998136910782,0.0,,no_gt_match_or_lower_confidence_on_same_gt,NMS5,1,"1,8",225.0,515.0,114.0,90.0,697,232,465,0.3328550932568149,0.928
nms,NMS,5534_1110536297_02_WRI-L2_M012.PNG,FP,0.17073343490613402,0.0,,no_gt_match_or_lower_confidence_on_same_gt,NMS5,4,4,194.0,644.0,71.0,90.0,698,232,466,0.332378223495702,0.928
nms,NMS,5332_0567714023_02_WRI-L2_F011.PNG,FP,0.17060340029656357,0.0,,no_gt_match_or_lower_confidence_on_same_gt,NMS2,1,1,284.0,344.0,117.0,90.0,699,232,467,0.3319027181688126,0.928
nms,NMS,0201_0583807806_04_WRI-L2_M011.png,FP,0.16945580729816576,0.0,,no_gt_match_or_lower_confidence_on_same_gt,NMS4,11,11,143.0,250.0,91.0,90.0,700,232,468,0.3314285714285714,0.928
nms,NMS,5373_0602157892_03_WRI-L2_F009.png,FP,0.1694155094102917,0.1399124390112626,0,no_gt_match_or_lower_confidence_on_same_gt,NMS3,2,2,209.0,365.0,95.0,90.0,701,232,469,0.3309557774607703,0.928
nms,NMS,5456_0603428013_02_WRI-L2_M011.PNG,FP,0.16867197464539113,0.0,,no_gt_match_or_lower_confidence_on_same_gt,NMS2,4,4,187.0,725.0,72.0,90.0,702,232,470,0.33048433048433046,0.928
nms,NMS,1218_0392258361_05_WRI-R2_M014.png,FP,0.16703517963065134,0.0,,no_gt_match_or_lower_confidence_on_same_gt,NMS7,8,8,230.0,505.0,109.0,90.0,703,232,471,0.33001422475106684,0.928
nms,NMS,0598_0792844418_02_WRI-L2_F008.png,FP,0.16687863629021443,0.0,,no_gt_match_or_lower_confidence_on_same_gt,NMS2,4,4,198.0,544.0,59.0,90.0,704,232,472,0.32954545454545453,0.928
nms,NMS,4969_0206805790_03_WRI-L2_F010.PNG,FP,0.1668517413893221,0.0,,no_gt_match_or_lower_confidence_on_same_gt,NMS6,5,5,265.0,481.0,91.0,90.0,705,232,473,0.32907801418439714,0.928
nms,NMS,5643_0898771639_01_WRI-R1_M016.PNG,FP,0.16552518065734215,0.2831185137487153,0,no_gt_match_or_lower_confidence_on_same_gt,NMS4,8,8,353.0,579.0,91.0,90.0,706,232,474,0.3286118980169972,0.928
nms,NMS,5084_0371666121_01_WRI-L2_M014.PNG,FP,0.16464885296005297,0.0,,no_gt_match_or_lower_confidence_on_same_gt,NMS3,3,3,231.0,265.0,112.0,90.0,707,232,475,0.32814710042432815,0.928
nms,NMS,4526_0791926653_02_WRI-L1_F012.PNG,TP,0.16464334444759188,0.5127140242608698,0,matched_gt_highest_confidence,NMS5,1,1,303.0,436.0,154.0,108.0,708,233,475,0.3290960451977401,0.932
nms,NMS,5097_0374478251_05_WRI-R2_M015.png,FP,0.16410156216890753,0.0,,no_gt_match_or_lower_confidence_on_same_gt,NMS6,4,4,230.0,315.0,97.0,90.0,709,233,476,0.32863187588152326,0.932
nms,NMS,5614_0382067224_01_WRI-L2_F010.png,FP,0.16354165132158485,0.0,,no_gt_match_or_lower_confidence_on_same_gt,NMS4,8,8,329.0,318.0,91.0,90.0,710,233,477,0.32816901408450705,0.932
nms,NMS,1392_0677451986_01_WRI-R2_M017.png,FP,0.16317553139544175,0.0,,no_gt_match_or_lower_confidence_on_same_gt,NMS8,19,19,141.0,352.0,26.0,90.0,711,233,478,0.32770745428973275,0.932
nms,NMS,0321_1214605337_02_WRI-L2_M012.PNG,FP,0.16295684408287206,0.0,,no_gt_match_or_lower_confidence_on_same_gt,NMS4,12,12,46.0,561.0,19.0,90.0,712,233,479,0.32724719101123595,0.932
nms,NMS,4928_0630318905_01_WRI-L2_M009.PNG,FP,0.1626933701814611,0.0,,no_gt_match_or_lower_confidence_on_same_gt,NMS6,2,"2,9",180.0,375.0,93.0,90.0,713,233,480,0.3267882187938289,0.932
nms,NMS,1143_0633014370_02_WRI-L1_M012.png,FP,0.16181246515109712,0.0,,no_gt_match_or_lower_confidence_on_same_gt,NMS5,7,7,280.0,391.0,93.0,90.0,714,233,481,0.32633053221288516,0.932
nms,NMS,0063_0566100866_02_WRI-R2_F011.png,FP,0.16155801646886,0.0,,no_gt_match_or_lower_confidence_on_same_gt,NMS3,1,1,250.0,585.0,89.0,90.0,715,233,482,0.3258741258741259,0.932
nms,NMS,0177_0391004130_04_WRI-R2_M007.PNG,FP,0.16121501521850973,0.0,,no_gt_match_or_lower_confidence_on_same_gt,NMS4,3,3,176.0,185.0,91.0,90.0,716,233,483,0.3254189944134078,0.932
nms,NMS,2660_0622346450_03_WRI-R1_M013.png,FP,0.1605835270358891,0.0,,no_gt_match_or_lower_confidence_on_same_gt,NMS4,1,1,498.0,265.0,16.0,90.0,717,233,484,0.32496513249651326,0.932
nms,NMS,4896_0657191053_02_WRI-L2_M009.png,FP,0.16051432049281975,0.0,,no_gt_match_or_lower_confidence_on_same_gt,NMS5,7,7,170.0,756.0,92.0,90.0,718,233,485,0.3245125348189415,0.932
nms,NMS,0818_0571314957_03_WRI-L1_M013.png,FP,0.160278379578498,0.0,,no_gt_match_or_lower_confidence_on_same_gt,NMS3,7,7,17.0,696.0,154.0,108.0,719,233,486,0.3240611961057024,0.932
nms,NMS,0133_0281744417_01_WRI-R2_M014.png,FP,0.1596209173429195,0.0,,no_gt_match_or_lower_confidence_on_same_gt,NMS4,1,1,314.0,308.0,148.0,104.0,720,233,487,0.3236111111111111,0.932
nms,NMS,0809_0409215096_03_WRI-L2_F007.png,FP,0.15934991660945794,0.0,,no_gt_match_or_lower_confidence_on_same_gt,NMS3,4,4,144.0,186.0,91.0,90.0,721,233,488,0.3231622746185853,0.932
nms,NMS,0936_0638208714_03_WRI-R2_M008.PNG,FP,0.15915921706377925,0.0,,no_gt_match_or_lower_confidence_on_same_gt,NMS3,6,"6,5",168.0,297.0,91.0,90.0,722,233,489,0.32271468144044324,0.932
nms,NMS,4681_0424478056_02_WRI-R2_M013.png,FP,0.15913971122616957,0.0,,no_gt_match_or_lower_confidence_on_same_gt,NMS3,3,3,178.0,865.0,87.0,90.0,723,233,490,0.32226832641770403,0.932
nms,NMS,4555_0522752808_02_WRI-R2_M013.png,FP,0.15864212142001805,0.0,,no_gt_match_or_lower_confidence_on_same_gt,NMS6,9,9,496.0,376.0,117.0,90.0,724,233,491,0.3218232044198895,0.932
nms,NMS,5983_1184814878_01_WRI-L1_M011.png,FP,0.15806585463923215,0.0,,no_gt_match_or_lower_confidence_on_same_gt,NMS5,17,"17,7",202.0,731.0,91.0,90.0,725,233,492,0.3213793103448276,0.932
nms,NMS,5201_0616435065_02_WRI-L2_M006.PNG,FP,0.15785849371942073,0.0,,no_gt_match_or_lower_confidence_on_same_gt,NMS2,3,3,191.0,335.0,103.0,90.0,726,233,493,0.3209366391184573,0.932
nms,NMS,5456_0603427972_01_WRI-L1_M011.png,FP,0.1577857592836011,0.0,,no_gt_match_or_lower_confidence_on_same_gt,NMS6,9,"9,15",390.0,835.0,123.0,90.0,727,233,494,0.3204951856946355,0.932
nms,NMS,4891_0935989047_01_WRI-R1_M011.png,FP,0.156725037266701,0.0,,no_gt_match_or_lower_confidence_on_same_gt,NMS2,5,5,165.0,230.0,96.0,90.0,728,233,495,0.32005494505494503,0.932
nms,NMS,0918_0390357076_01_WRI-L2_F012.png,FP,0.15663097861797284,0.14149061371909646,0,no_gt_match_or_lower_confidence_on_same_gt,NMS2,4,"4,2",194.0,497.0,91.0,90.0,729,233,496,0.3196159122085048,0.932
nms,NMS,0203_1114068044_01_WRI-L1_M011.png,FP,0.15597066550393177,0.0,,no_gt_match_or_lower_confidence_on_same_gt,NMS11,29,29,104.0,305.0,33.0,90.0,730,233,497,0.31917808219178084,0.932
nms,NMS,0647_0425957122_01_WRI-L2_F008.PNG,TP,0.1555211895088366,0.5147615433839103,0,matched_gt_highest_confidence,NMS2,5,5,261.0,485.0,122.0,90.0,731,234,497,0.320109439124487,0.936
nms,NMS,0598_0792844418_02_WRI-L2_F008.png,FP,0.1553989775433535,0.23470456597579192,0,no_gt_match_or_lower_confidence_on_same_gt,NMS3,11,11,194.0,378.0,91.0,90.0,732,234,498,0.319672131147541,0.936
nms,NMS,1493_0516110511_02_WRI-L2_F012.PNG,TP,0.15503857462976814,0.5694596510116752,0,matched_gt_highest_confidence,NMS8,18,18,204.0,572.0,91.0,90.0,733,235,498,0.32060027285129605,0.94
nms,NMS,1024_1259124783_04_WRI-L1_F011.PNG,FP,0.15500120309649265,0.0,,no_gt_match_or_lower_confidence_on_same_gt,NMS3,3,3,172.0,731.0,71.0,90.0,734,235,499,0.3201634877384196,0.94
nms,NMS,1215_1223424080_01_WRI-L2_F004.PNG,FP,0.15403666065942517,0.0,,no_gt_match_or_lower_confidence_on_same_gt,NMS4,5,5,182.0,475.0,47.0,90.0,735,235,500,0.3197278911564626,0.94
nms,NMS,4526_0791926653_02_WRI-L1_F012.PNG,FP,0.15379933969221365,0.23854335449325922,0,no_gt_match_or_lower_confidence_on_same_gt,NMS6,7,"7,18",258.0,422.0,136.0,96.0,736,235,501,0.31929347826086957,0.94
nms,NMS,5357_0717952874_05_WRI-R2_M013.PNG,FP,0.1537123738647121,0.0,,no_gt_match_or_lower_confidence_on_same_gt,NMS6,14,14,150.0,639.0,181.0,126.0,737,235,502,0.31886024423337855,0.94
nms,NMS,0862_0731070423_02_WRI-R1_F007.PNG,FP,0.15329207104299516,0.08440872310661533,0,no_gt_match_or_lower_confidence_on_same_gt,NMS8,12,12,213.0,325.0,19.0,90.0,738,235,503,0.31842818428184283,0.94
nms,NMS,5983_1184814916_01_WRI-L2_M011.png,FP,0.15273993563627802,0.0,,no_gt_match_or_lower_confidence_on_same_gt,NMS2,6,6,176.0,318.0,91.0,90.0,739,235,504,0.31799729364005414,0.94
nms,NMS,0422_1296201520_04_WRI-L1_M010.PNG,FP,0.15202175243985086,0.04645124841553917,0,no_gt_match_or_lower_confidence_on_same_gt,NMS7,16,16,251.0,498.0,91.0,90.0,740,235,505,0.31756756756756754,0.94
nms,NMS,0482_0829961405_03_WRI-R2_M012.png,FP,0.15132502251291596,0.0,,no_gt_match_or_lower_confidence_on_same_gt,NMS5,4,4,233.0,705.0,127.0,90.0,741,235,506,0.31713900134952766,0.94
nms,NMS,0611_0470785500_02_WRI-L2_F014.png,FP,0.15042368861841462,0.0,,no_gt_match_or_lower_confidence_on_same_gt,NMS4,4,4,276.0,585.0,95.0,90.0,742,235,507,0.316711590296496,0.94
nms,NMS,4672_1042963085_08_WRI-L2_F010.png,FP,0.15021724909648304,0.0,,no_gt_match_or_lower_confidence_on_same_gt,NMS5,8,8,157.0,332.0,91.0,90.0,743,235,508,0.3162853297442799,0.94
nms,NMS,0457_1033174859_01_WRI-R2_F008.png,FP,0.15016080627407408,0.013506511042259398,0,no_gt_match_or_lower_confidence_on_same_gt,NMS4,1,1,259.0,575.0,57.0,90.0,744,235,509,0.31586021505376344,0.94
nms,NMS,4661_0405082997_01_WRI-L1_M002.png,FP,0.1501019802193313,0.26210485502976555,0,no_gt_match_or_lower_confidence_on_same_gt,NMS5,8,8,226.0,379.0,91.0,90.0,745,235,510,0.31543624161073824,0.94
nms,NMS,0125_0729674162_02_WRI-L2_M013.png,FP,0.1498519117866027,0.0,,no_gt_match_or_lower_confidence_on_same_gt,NMS7,8,8,256.0,436.0,91.0,90.0,746,235,511,0.31501340482573725,0.94
nms,NMS,0611_0470785500_02_WRI-L2_F014.png,FP,0.1496303538481394,0.0,,no_gt_match_or_lower_confidence_on_same_gt,NMS5,13,13,274.0,527.0,91.0,90.0,747,235,512,0.31459170013386883,0.94
nms,NMS,5764_0922296377_02_WRI-L2_M008.png,FP,0.14959067556593067,0.12754532625311937,0,no_gt_match_or_lower_confidence_on_same_gt,NMS5,3,"3,10",300.0,645.0,61.0,90.0,748,235,513,0.3141711229946524,0.94
nms,NMS,5996_1191043595_01_WRI-R2_M008.PNG,FP,0.14935016543322943,0.0,,no_gt_match_or_lower_confidence_on_same_gt,NMS3,5,5,76.0,158.0,91.0,90.0,749,235,514,0.3137516688918558,0.94
nms,NMS,5614_0382067224_01_WRI-L2_F010.png,TP,0.14931309219042152,0.5141642329792232,1,matched_gt_highest_confidence,NMS5,10,10,346.0,515.0,91.0,90.0,750,236,514,0.31466666666666665,0.944
nms,NMS,1493_0516110451_02_WRI-L1_F012.PNG,FP,0.14886845506673094,0.14236237786167324,0,no_gt_match_or_lower_confidence_on_same_gt,NMS8,2,2,250.0,377.0,181.0,126.0,751,236,515,0.31424766977363516,0.944
nms,NMS,1742_0657595114_01_WRI-R2_F009.png,FP,0.14870808507296943,0.0,,no_gt_match_or_lower_confidence_on_same_gt,NMS3,8,8,413.0,635.0,137.0,96.0,752,236,516,0.31382978723404253,0.944
nms,NMS,1742_0657595114_01_WRI-R2_F009.png,FP,0.14844496529273124,0.2824892467905024,0,no_gt_match_or_lower_confidence_on_same_gt,NMS4,5,5,305.0,501.0,149.0,104.0,753,236,517,0.31341301460823373,0.944
nms,NMS,4886_0345385374_03_WRI-L1_F009.PNG,FP,0.14843300707498575,0.0,,no_gt_match_or_lower_confidence_on_same_gt,NMS5,1,1,291.0,504.0,131.0,92.0,754,236,518,0.3129973474801061,0.944
nms,NMS,0417_0727766468_03_WRI-R2_F009.png,FP,0.14801230707340002,0.0,,no_gt_match_or_lower_confidence_on_same_gt,NMS5,6,6,536.0,281.0,91.0,90.0,755,236,519,0.3125827814569536,0.944
nms,NMS,5614_0382067224_01_WRI-L2_F010.png,FP,0.14745706324952645,0.0,,no_gt_match_or_lower_confidence_on_same_gt,NMS6,7,7,385.0,287.0,91.0,90.0,756,236,520,0.31216931216931215,0.944
nms,NMS,1171_0294174076_01_WRI-R2_M013.PNG,FP,0.14737798269446764,0.0,,no_gt_match_or_lower_confidence_on_same_gt,NMS3,7,7,215.0,312.0,91.0,90.0,757,236,521,0.31175693527080584,0.944
nms,NMS,0892_1273117426_01_WRI-R2_F010.png,FP,0.1472703037435982,0.0,,no_gt_match_or_lower_confidence_on_same_gt,NMS3,8,8,168.0,223.0,91.0,90.0,758,236,522,0.3113456464379947,0.944
nms,NMS,0422_1296201520_04_WRI-L1_M010.PNG,FP,0.14716940188272457,0.04328318018964936,0,no_gt_match_or_lower_confidence_on_same_gt,NMS8,5,5,248.0,720.0,101.0,90.0,759,236,523,0.310935441370224,0.944
nms,NMS,4928_0630318905_01_WRI-L2_M009.PNG,FP,0.1470886786970484,0.0,,no_gt_match_or_lower_confidence_on_same_gt,NMS7,7,7,113.0,308.0,91.0,90.0,760,236,524,0.3105263157894737,0.944
nms,NMS,5874_0879009645_04_WRI-L2_M013.png,FP,0.14691197335707593,0.0,,no_gt_match_or_lower_confidence_on_same_gt,NMS2,3,3,223.0,615.0,88.0,90.0,761,236,525,0.31011826544021026,0.944
nms,NMS,0239_0828414004_02_WRI-L2_M009.PNG,FP,0.14612858919503746,0.0,,no_gt_match_or_lower_confidence_on_same_gt,NMS4,1,1,239.0,346.0,155.0,108.0,762,236,526,0.30971128608923887,0.944
nms,NMS,5144_0421025634_01_WRI-R2_M013.PNG,FP,0.14550178889727008,0.0,,no_gt_match_or_lower_confidence_on_same_gt,NMS5,5,5,260.0,695.0,82.0,90.0,763,236,527,0.30930537352555704,0.944
nms,NMS,5247_0625408586_02_WRI-L2_F008.png,FP,0.14509745669597746,0.0,,no_gt_match_or_lower_confidence_on_same_gt,NMS7,3,3,194.0,435.0,88.0,90.0,764,236,528,0.3089005235602094,0.944
nms,NMS,5230_0288804781_01_WRI-L2_M010.png,FP,0.14461019526512722,0.0,,no_gt_match_or_lower_confidence_on_same_gt,NMS3,2,2,182.0,905.0,105.0,90.0,765,236,529,0.3084967320261438,0.944
nms,NMS,5613_0925004359_01_WRI-R2_F012.PNG,FP,0.14446823452714516,0.0,,no_gt_match_or_lower_confidence_on_same_gt,NMS3,3,3,156.0,645.0,75.0,90.0,766,236,530,0.30809399477806787,0.944
nms,NMS,5845_1129334892_04_WRI-R2_F010.png,FP,0.14445128770413487,0.0,,no_gt_match_or_lower_confidence_on_same_gt,NMS5,3,3,274.0,315.0,96.0,90.0,767,236,531,0.3076923076923077,0.944
nms,NMS,0321_1214605337_02_WRI-L2_M012.PNG,FP,0.14300539701346296,0.0,,no_gt_match_or_lower_confidence_on_same_gt,NMS5,3,3,208.0,685.0,71.0,90.0,768,236,532,0.3072916666666667,0.944
nms,NMS,5953_1118750249_01_WRI-L2_F013.png,FP,0.14289113665187994,0.19896490479649198,0,no_gt_match_or_lower_confidence_on_same_gt,NMS2,9,9,195.0,428.0,91.0,90.0,769,236,533,0.3068920676202861,0.944
nms,NMS,5626_0900518003_02_WRI-R2_F006.PNG,FP,0.14267207383144845,0.07174507884107538,0,no_gt_match_or_lower_confidence_on_same_gt,NMS2,2,2,186.0,324.0,89.0,90.0,770,236,534,0.3064935064935065,0.944
nms,NMS,0071_0678614107_01_WRI-R1_F009.png,FP,0.1421042442264333,0.0,,no_gt_match_or_lower_confidence_on_same_gt,NMS5,3,3,260.0,301.0,181.0,126.0,771,236,535,0.30609597924773024,0.944
nms,NMS,4542_0289418685_06_WRI-R2_M012.PNG,FP,0.14137732890555982,0.0,,no_gt_match_or_lower_confidence_on_same_gt,NMS4,8,8,355.0,325.0,91.0,90.0,772,236,536,0.30569948186528495,0.944
nms,NMS,0071_0678614107_01_WRI-R1_F009.png,FP,0.14135732515582944,0.0,,no_gt_match_or_lower_confidence_on_same_gt,NMS6,11,11,217.0,319.0,91.0,90.0,773,236,537,0.3053040103492885,0.944
nms,NMS,4627_0260405716_03_WRI-L2_M008.PNG,FP,0.14130553776265636,0.0,,no_gt_match_or_lower_confidence_on_same_gt,NMS3,4,4,222.0,537.0,62.0,90.0,774,236,538,0.3049095607235142,0.944
nms,NMS,1342_0844831428_01_WRI-R2_F009.PNG,FP,0.14080605633404775,0.0,,no_gt_match_or_lower_confidence_on_same_gt,NMS4,3,3,204.0,605.0,74.0,90.0,775,236,539,0.30451612903225805,0.944
nms,NMS,5066_1055147597_05_WRI-L1_M011.png,FP,0.14076012030223473,0.11807225973679307,0,no_gt_match_or_lower_confidence_on_same_gt,NMS3,13,13,225.0,510.0,91.0,90.0,776,236,540,0.30412371134020616,0.944
nms,NMS,5337_0874269007_02_WRI-R2_F012.PNG,FP,0.14064132719660496,0.0,,no_gt_match_or_lower_confidence_on_same_gt,NMS3,2,2,197.0,444.0,134.0,94.0,777,236,541,0.30373230373230375,0.944
nms,NMS,5227_0411829511_01_WRI-L2_M011.png,FP,0.14053371056472486,0.0,,no_gt_match_or_lower_confidence_on_same_gt,NMS4,6,6,12.0,445.0,56.0,90.0,778,236,542,0.3033419023136247,0.944
nms,NMS,0241_0751818378_01_WRI-L2_M014.PNG,FP,0.13974269533567002,0.019502447843233878,0,no_gt_match_or_lower_confidence_on_same_gt,NMS2,5,5,160.0,452.0,136.0,96.0,779,236,543,0.3029525032092426,0.944
nms,NMS,5874_0879009645_04_WRI-L2_M013.png,FP,0.1395901016857705,0.0,,no_gt_match_or_lower_confidence_on_same_gt,NMS3,4,4,202.0,855.0,87.0,90.0,780,236,544,0.30256410256410254,0.944
nms,NMS,5733_0388429441_01_WRI-L2_M015.png,FP,0.1389285826688914,0.18014603725355277,0,no_gt_match_or_lower_confidence_on_same_gt,NMS3,7,7,333.0,353.0,91.0,90.0,781,236,545,0.30217669654289375,0.944
nms,NMS,0243_0176233486_01_WRI-L2_M012.png,FP,0.13819689725579523,0.0,,no_gt_match_or_lower_confidence_on_same_gt,NMS4,6,6,256.0,535.0,79.0,90.0,782,236,546,0.30179028132992325,0.944
nms,NMS,5048_0684397154_02_WRI-L2_F014.PNG,FP,0.13793989043626956,0.0,,no_gt_match_or_lower_confidence_on_same_gt,NMS5,13,13,396.0,676.0,91.0,90.0,783,236,547,0.30140485312899107,0.944
nms,NMS,5643_0898771639_01_WRI-R1_M016.PNG,FP,0.1374977835217077,0.0,,no_gt_match_or_lower_confidence_on_same_gt,NMS5,5,5,308.0,875.0,94.0,90.0,784,236,548,0.3010204081632653,0.944
nms,NMS,5456_0603427972_01_WRI-L1_M011.png,FP,0.13654475462021212,0.0,,no_gt_match_or_lower_confidence_on_same_gt,NMS7,10,10,228.0,522.0,13.0,90.0,785,236,549,0.3006369426751592,0.944
nms,NMS,5980_0995828173_01_WRI-L1_M011.png,FP,0.1356935545316339,0.0,,no_gt_match_or_lower_confidence_on_same_gt,NMS4,6,6,253.0,645.0,78.0,90.0,786,236,550,0.30025445292620867,0.944
nms,NMS,5733_0388429441_01_WRI-L2_M015.png,FP,0.13529993324693085,0.0,,no_gt_match_or_lower_confidence_on_same_gt,NMS4,6,"6,10",308.0,715.0,88.0,90.0,787,236,551,0.29987293519695046,0.944
nms,NMS,1979_1021352022_02_WRI-R1_M007.PNG,FP,0.1349158534246182,0.0,,no_gt_match_or_lower_confidence_on_same_gt,NMS5,16,16,131.0,394.0,51.0,90.0,788,236,552,0.29949238578680204,0.944
nms,NMS,5980_0995828173_01_WRI-L1_M011.png,FP,0.13400728981873974,0.26714024086216126,0,no_gt_match_or_lower_confidence_on_same_gt,NMS5,9,9,229.0,328.0,91.0,90.0,789,236,553,0.2991128010139417,0.944
nms,NMS,0313_0949893580_07_WRI-R2_F015.png,FP,0.13304110398863522,0.03315719840475765,0,no_gt_match_or_lower_confidence_on_same_gt,NMS2,3,3,286.0,615.0,117.0,90.0,790,236,554,0.29873417721518986,0.944
nms,NMS,5168_0338948778_01_WRI-R2_M007.PNG,FP,0.13231118267336858,0.2924611781657192,0,no_gt_match_or_lower_confidence_on_same_gt,NMS3,3,3,196.0,505.0,61.0,90.0,791,236,555,0.29835651074589126,0.944
nms,NMS,0818_0571314957_03_WRI-L1_M013.png,FP,0.13154771183246963,0.008320024597468317,0,no_gt_match_or_lower_confidence_on_same_gt,NMS4,6,6,280.0,639.0,145.0,102.0,792,236,556,0.29797979797979796,0.944
nms,NMS,1284_0365288370_04_WRI-L2_M010.png,FP,0.13140276337878784,0.0,,no_gt_match_or_lower_confidence_on_same_gt,NMS5,7,7,227.0,636.0,91.0,90.0,793,236,557,0.29760403530895335,0.944
nms,NMS,0407_1248541446_05_WRI-R2_F008.PNG,FP,0.1306608559520138,0.0,,no_gt_match_or_lower_confidence_on_same_gt,NMS2,7,7,560.0,668.0,148.0,104.0,794,236,558,0.2972292191435768,0.944
nms,NMS,1020_0255757840_02_WRI-R2_F010.png,FP,0.12979662116437538,0.0,,no_gt_match_or_lower_confidence_on_same_gt,NMS8,2,2,263.0,455.0,111.0,90.0,795,236,559,0.2968553459119497,0.944
nms,NMS,0240_0448883998_01_WRI-R2_F012.PNG,FP,0.129786599023631,0.0,,no_gt_match_or_lower_confidence_on_same_gt,NMS3,4,4,265.0,625.0,64.0,90.0,796,236,560,0.2964824120603015,0.944
nms,NMS,5456_0603428013_02_WRI-L2_M011.PNG,FP,0.12966990571563794,0.0,,no_gt_match_or_lower_confidence_on_same_gt,NMS3,2,2,192.0,371.0,139.0,98.0,797,236,561,0.2961104140526976,0.944
nms,NMS,0589_0821736373_04_WRI-L1_M017.PNG,FP,0.12964012238624387,0.1644591875802504,0,no_gt_match_or_lower_confidence_on_same_gt,NMS8,4,4,456.0,744.0,103.0,90.0,798,236,562,0.2957393483709273,0.944
nms,NMS,1632_0634171744_02_WRI-R2_M003.png,FP,0.12928747373258814,0.0,,no_gt_match_or_lower_confidence_on_same_gt,NMS2,2,2,154.0,415.0,89.0,90.0,799,236,563,0.295369211514393,0.944
nms,NMS,4612_0535367399_03_WRI-L2_M012.PNG,FP,0.12883414909102853,0.0,,no_gt_match_or_lower_confidence_on_same_gt,NMS4,3,3,229.0,525.0,74.0,90.0,800,236,564,0.295,0.944
nms,NMS,4891_0935989047_01_WRI-R1_M011.png,FP,0.12737973602320102,0.0,,no_gt_match_or_lower_confidence_on_same_gt,NMS4,9,9,165.0,201.0,91.0,90.0,801,236,565,0.29463171036204744,0.944
nms,NMS,4949_0969499613_03_WRI-R2_M006.png,FP,0.1273062083976253,0.0,,no_gt_match_or_lower_confidence_on_same_gt,NMS3,1,1,262.0,494.0,160.0,112.0,802,236,566,0.2942643391521197,0.944
nms,NMS,4551_0708641747_01_WRI-L1_M008.png,FP,0.12712380974071805,0.0,,no_gt_match_or_lower_confidence_on_same_gt,NMS4,12,12,554.0,363.0,36.0,90.0,803,236,567,0.29389788293897884,0.944
nms,NMS,5642_0300991869_04_WRI-R1_M010.PNG,FP,0.1269942851110313,0.0,,no_gt_match_or_lower_confidence_on_same_gt,NMS2,2,2,354.0,526.0,54.0,90.0,804,236,568,0.2935323383084577,0.944
nms,NMS,5865_0983089944_07_WRI-L1_F005.png,FP,0.1266610107477126,0.0,,no_gt_match_or_lower_confidence_on_same_gt,NMS4,3,3,96.0,471.0,43.0,90.0,805,236,569,0.29316770186335406,0.944
nms,NMS,0589_0821736373_04_WRI-L1_M017.PNG,FP,0.12663664811690328,0.0,,no_gt_match_or_lower_confidence_on_same_gt,NMS9,29,29,67.0,474.0,21.0,90.0,806,236,570,0.29280397022332505,0.944
nms,NMS,0407_1248541446_05_WRI-R2_F008.PNG,FP,0.12659410730346196,0.0,,no_gt_match_or_lower_confidence_on_same_gt,NMS3,14,14,192.0,259.0,93.0,90.0,807,236,571,0.29244114002478316,0.944
nms,NMS,4963_0373549808_02_WRI-L2_F006.png,FP,0.12458431327587212,0.08563364630834457,0,no_gt_match_or_lower_confidence_on_same_gt,NMS2,2,2,330.0,406.0,66.0,90.0,808,236,572,0.29207920792079206,0.944
nms,NMS,1143_0633014370_02_WRI-L1_M012.png,FP,0.12457116163377917,0.0,,no_gt_match_or_lower_confidence_on_same_gt,NMS6,3,3,441.0,305.0,108.0,90.0,809,236,573,0.29171817058096416,0.944
nms,NMS,5474_0834280982_01_WRI-L2_M003.PNG,FP,0.12403923774030975,0.17010440972493635,0,no_gt_match_or_lower_confidence_on_same_gt,NMS5,1,1,71.0,614.0,160.0,112.0,810,236,574,0.291358024691358,0.944
nms,NMS,0490_0671128517_01_WRI-R1_F012.PNG,FP,0.12344232977258411,0.0,,no_gt_match_or_lower_confidence_on_same_gt,NMS7,4,4,362.0,955.0,55.0,90.0,811,236,575,0.2909987669543773,0.944
nms,NMS,1743_0153724007_04_WRI-L2_M008.png,FP,0.12268709572792404,0.0,,no_gt_match_or_lower_confidence_on_same_gt,NMS4,3,3,159.0,595.0,100.0,90.0,812,236,576,0.29064039408866993,0.944
nms,NMS,0598_0792616571_01_WRI-L1_F008.png,FP,0.12234744609863532,0.0,,no_gt_match_or_lower_confidence_on_same_gt,NMS4,2,"2,5",160.0,354.0,58.0,90.0,813,236,577,0.2902829028290283,0.944
nms,NMS,5066_1055147597_05_WRI-L1_M011.png,FP,0.12148224248164075,0.0,,no_gt_match_or_lower_confidence_on_same_gt,NMS4,8,8,144.0,444.0,53.0,90.0,814,236,578,0.28992628992628994,0.944
nms,NMS,4661_0405082997_01_WRI-L1_M002.png,FP,0.12104558660800872,0.0,,no_gt_match_or_lower_confidence_on_same_gt,NMS6,7,7,101.0,218.0,91.0,90.0,815,236,579,0.28957055214723926,0.944
nms,NMS,5476_0960726583_01_WRI-R1_M009.png,FP,0.12082620477787602,0.0,,no_gt_match_or_lower_confidence_on_same_gt,NMS3,3,"3,6",158.0,281.0,139.0,98.0,816,236,580,0.28921568627450983,0.944
nms,NMS,4500_0833654044_01_WRI-L2_F004.PNG,FP,0.12082322644452118,0.0,,no_gt_match_or_lower_confidence_on_same_gt,NMS2,4,4,160.0,422.0,46.0,90.0,817,236,581,0.28886168910648713,0.944
nms,NMS,2363_0844094867_02_WRI-R2_F010.PNG,FP,0.12058074352915735,0.0,,no_gt_match_or_lower_confidence_on_same_gt,NMS4,4,4,160.0,705.0,123.0,90.0,818,236,582,0.2885085574572127,0.944
nms,NMS,1009_1049120355_10_WRI-R2_M013.png,FP,0.11989776192035216,0.03440728531136823,0,no_gt_match_or_lower_confidence_on_same_gt,NMS3,2,2,277.0,344.0,125.0,90.0,819,236,583,0.28815628815628813,0.944
nms,NMS,4526_0791926653_02_WRI-L1_F012.PNG,FP,0.11984815912096904,0.0,,no_gt_match_or_lower_confidence_on_same_gt,NMS7,9,9,173.0,605.0,111.0,90.0,820,236,584,0.28780487804878047,0.944
nms,NMS,5201_0616435065_02_WRI-L2_M006.PNG,FP,0.11882416913169552,0.21477238422860054,0,no_gt_match_or_lower_confidence_on_same_gt,NMS3,1,1,141.0,515.0,117.0,90.0,821,236,585,0.2874543239951279,0.944
nms,NMS,1173_0822043658_01_WRI-R2_F009.PNG,FP,0.11827849946247876,0.0,,no_gt_match_or_lower_confidence_on_same_gt,NMS3,2,2,204.0,399.0,71.0,90.0,822,236,586,0.2871046228710462,0.944
nms,NMS,2660_0622346450_03_WRI-R1_M013.png,FP,0.11827276355301683,0.07345544364724653,0,no_gt_match_or_lower_confidence_on_same_gt,NMS5,2,2,158.0,675.0,123.0,90.0,823,236,587,0.2867557715674362,0.944
nms,NMS,5474_0836354168_04_WRI-L2_M003.png,FP,0.1175034227883948,0.0,,no_gt_match_or_lower_confidence_on_same_gt,NMS2,3,3,143.0,615.0,114.0,90.0,824,236,588,0.28640776699029125,0.944
nms,NMS,0422_1296201520_04_WRI-L1_M010.PNG,FP,0.11718287564508108,0.0,,no_gt_match_or_lower_confidence_on_same_gt,NMS9,7,7,95.0,740.0,69.0,90.0,825,236,589,0.28606060606060607,0.944
nms,NMS,4951_0422842172_04_WRI-R2_M015.PNG,FP,0.11625004553108621,0.0,,no_gt_match_or_lower_confidence_on_same_gt,NMS4,1,1,220.0,317.0,134.0,94.0,826,236,590,0.2857142857142857,0.944
nms,NMS,0589_0821736373_04_WRI-L1_M017.PNG,FP,0.11620886017632825,0.0,,no_gt_match_or_lower_confidence_on_same_gt,NMS10,7,7,346.0,397.0,177.0,124.0,827,236,591,0.28536880290205563,0.944
nms,NMS,5067_1201935013_05_WRI-L1_M014.png,FP,0.11615769720950209,0.0,,no_gt_match_or_lower_confidence_on_same_gt,NMS5,10,10,260.0,675.0,158.0,110.0,828,236,592,0.28502415458937197,0.944
nms,NMS,5934_1088190587_01_WRI-R2_F006.png,FP,0.11563695638585636,0.0,,no_gt_match_or_lower_confidence_on_same_gt,NMS6,1,"1,13",258.0,453.0,105.0,90.0,829,236,593,0.28468033775633295,0.944
nms,NMS,5843_0796713227_01_WRI-L2_F012.png,FP,0.11559142819198474,0.0,,no_gt_match_or_lower_confidence_on_same_gt,NMS3,2,2,240.0,207.0,168.0,118.0,830,236,594,0.28433734939759037,0.944
nms,NMS,0589_0821736373_04_WRI-L1_M017.PNG,FP,0.11552127086269648,0.0,,no_gt_match_or_lower_confidence_on_same_gt,NMS11,21,21,168.0,514.0,99.0,90.0,831,236,595,0.28399518652226236,0.944
nms,NMS,4650_0823981766_01_WRI-L2_M014.png,FP,0.11542921751188685,0.0,,no_gt_match_or_lower_confidence_on_same_gt,NMS4,7,7,150.0,893.0,133.0,94.0,832,236,596,0.28365384615384615,0.944
nms,NMS,5474_0881416362_05_WRI-R2_M005.PNG,FP,0.11469762575637314,0.0,,no_gt_match_or_lower_confidence_on_same_gt,NMS5,6,6,205.0,295.0,70.0,90.0,833,236,597,0.28331332533013204,0.944
nms,NMS,5381_0723559946_01_WRI-L1_F008.PNG,FP,0.11426693477158231,0.0,,no_gt_match_or_lower_confidence_on_same_gt,NMS2,2,2,149.0,821.0,61.0,90.0,834,236,598,0.2829736211031175,0.944
nms,NMS,5247_0627787842_05_WRI-L2_F008.png,FP,0.11404203277269222,0.0,,no_gt_match_or_lower_confidence_on_same_gt,NMS4,2,2,370.0,759.0,181.0,126.0,835,236,599,0.28263473053892213,0.944
nms,NMS,1493_0516110511_02_WRI-L2_F012.PNG,FP,0.11360906084737757,0.0,,no_gt_match_or_lower_confidence_on_same_gt,NMS9,12,12,258.0,339.0,92.0,90.0,836,236,600,0.2822966507177033,0.944
nms,NMS,1342_0844831428_01_WRI-R2_F009.PNG,FP,0.11334138648354831,0.0,,no_gt_match_or_lower_confidence_on_same_gt,NMS5,2,2,212.0,485.0,75.0,90.0,837,236,601,0.2819593787335723,0.944
nms,NMS,5314_0269274371_04_WRI-R2_F010.PNG,FP,0.11288534873778332,0.0,,no_gt_match_or_lower_confidence_on_same_gt,NMS7,18,18,201.0,798.0,65.0,90.0,838,236,602,0.28162291169451076,0.944
nms,NMS,1375_0307850434_02_WRI-L2_M011.PNG,FP,0.1126779525026051,0.07347911403809398,0,no_gt_match_or_lower_confidence_on_same_gt,NMS6,10,10,235.0,297.0,91.0,90.0,839,236,603,0.28128724672228844,0.944
nms,NMS,4896_0657191053_02_WRI-L2_M009.png,FP,0.11212668504198525,0.0,,no_gt_match_or_lower_confidence_on_same_gt,NMS6,5,"5,16",260.0,453.0,137.0,96.0,840,236,604,0.28095238095238095,0.944
nms,NMS,5953_1118750249_01_WRI-L2_F013.png,FP,0.11107309630263636,0.0,,no_gt_match_or_lower_confidence_on_same_gt,NMS3,4,4,265.0,701.0,79.0,90.0,841,236,605,0.2806183115338882,0.944
nms,NMS,5238_0561586292_02_WRI-L2_F006.PNG,FP,0.11025159066914711,0.0,,no_gt_match_or_lower_confidence_on_same_gt,NMS3,8,8,204.0,200.0,91.0,90.0,842,236,606,0.28028503562945367,0.944
nms,NMS,0589_0821736373_04_WRI-L1_M017.PNG,FP,0.10999044933214515,0.0,,no_gt_match_or_lower_confidence_on_same_gt,NMS12,27,27,41.0,377.0,23.0,90.0,843,236,607,0.27995255041518385,0.944
nms,NMS,0125_0729674162_02_WRI-L2_M013.png,FP,0.10971388527309467,0.0,,no_gt_match_or_lower_confidence_on_same_gt,NMS8,9,9,285.0,305.0,91.0,90.0,844,236,608,0.2796208530805687,0.944
nms,NMS,4936_0635336029_01_WRI-L1_F012.PNG,FP,0.10969886505168758,0.0,,no_gt_match_or_lower_confidence_on_same_gt,NMS4,9,"9,4",332.0,226.0,91.0,90.0,845,236,609,0.27928994082840236,0.944
nms,NMS,5227_0411829511_01_WRI-L2_M011.png,FP,0.10969675328353186,0.0,,no_gt_match_or_lower_confidence_on_same_gt,NMS5,8,8,142.0,825.0,80.0,90.0,846,236,610,0.2789598108747045,0.944
nms,NMS,1742_0657595114_01_WRI-R2_F009.png,FP,0.1095326361348373,0.0,,no_gt_match_or_lower_confidence_on_same_gt,NMS6,9,9,413.0,538.0,121.0,90.0,847,236,611,0.27863046044864226,0.944
nms,NMS,4810_0683178845_02_WRI-L1_M011.PNG,TP,0.10950500974165782,0.6117269160915894,0,matched_gt_highest_confidence,NMS7,1,1,312.0,503.0,135.0,94.0,848,237,611,0.2794811320754717,0.948
nms,NMS,2230_0341843437_01_WRI-L2_F005.PNG,FP,0.10862076570639728,0.0,,no_gt_match_or_lower_confidence_on_same_gt,NMS3,4,4,212.0,259.0,91.0,90.0,849,237,612,0.2791519434628975,0.948
nms,NMS,5818_0746899911_02_WRI-L2_M014.PNG,FP,0.10834709704074065,0.0,,no_gt_match_or_lower_confidence_on_same_gt,NMS6,5,5,52.0,315.0,109.0,90.0,850,237,613,0.2788235294117647,0.948
nms,NMS,5247_0625408586_02_WRI-L2_F008.png,FP,0.10832058652592472,0.0,,no_gt_match_or_lower_confidence_on_same_gt,NMS8,9,"9,17",313.0,1065.0,95.0,90.0,851,237,614,0.2784958871915394,0.948
nms,NMS,1009_1049120355_10_WRI-R2_M013.png,FP,0.10761110018252905,0.0,,no_gt_match_or_lower_confidence_on_same_gt,NMS4,6,6,281.0,794.0,113.0,90.0,852,237,615,0.27816901408450706,0.948
nms,NMS,5314_0269274371_04_WRI-R2_F010.PNG,FP,0.10710662640007469,0.0,,no_gt_match_or_lower_confidence_on_same_gt,NMS8,9,9,159.0,355.0,27.0,90.0,853,237,616,0.27784290738569756,0.948
nms,NMS,4650_0823981766_01_WRI-L2_M014.png,FP,0.1069871941210728,0.0,,no_gt_match_or_lower_confidence_on_same_gt,NMS5,3,"3,12",167.0,565.0,126.0,90.0,854,237,617,0.2775175644028103,0.948
nms,NMS,1536_1072748039_01_WRI-L2_M010.png,FP,0.10694703410800369,0.0,,no_gt_match_or_lower_confidence_on_same_gt,NMS4,9,9,288.0,674.0,91.0,90.0,855,237,618,0.2771929824561403,0.948
nms,NMS,0313_0949893580_07_WRI-R2_F015.png,FP,0.10603249460234959,0.0,,no_gt_match_or_lower_confidence_on_same_gt,NMS3,4,4,279.0,705.0,113.0,90.0,856,237,619,0.27686915887850466,0.948
nms,NMS,4526_0791926653_02_WRI-L1_F012.PNG,FP,0.10548449936575327,0.0,,no_gt_match_or_lower_confidence_on_same_gt,NMS8,21,21,179.0,501.0,91.0,90.0,857,237,620,0.2765460910151692,0.948
nms,NMS,4812_0715449570_01_WRI-R2_M008.PNG,FP,0.10511596082369805,0.0,,no_gt_match_or_lower_confidence_on_same_gt,NMS5,9,9,263.0,582.0,91.0,90.0,858,237,621,0.2762237762237762,0.948
nms,NMS,4681_0424478056_02_WRI-R2_M013.png,FP,0.1040672253019272,0.0,,no_gt_match_or_lower_confidence_on_same_gt,NMS4,1,"1,6",184.0,388.0,149.0,104.0,859,237,622,0.2759022118742724,0.948
nms,NMS,0798_1176968591_01_WRI-L2_M010.PNG,FP,0.10396281123936918,0.15913833037774525,0,no_gt_match_or_lower_confidence_on_same_gt,NMS7,10,10,417.0,426.0,91.0,90.0,860,237,623,0.2755813953488372,0.948
nms,NMS,4928_0630318905_01_WRI-L2_M009.PNG,FP,0.10395915029746734,0.0,,no_gt_match_or_lower_confidence_on_same_gt,NMS8,1,1,190.0,465.0,109.0,90.0,861,237,624,0.27526132404181186,0.948
nms,NMS,1536_1072748039_01_WRI-L2_M010.png,FP,0.10328224990142229,0.0,,no_gt_match_or_lower_confidence_on_same_gt,NMS5,6,6,271.0,527.0,78.0,90.0,862,237,625,0.27494199535962877,0.948
nms,NMS,5314_0269274371_04_WRI-R2_F010.PNG,FP,0.10284048456097786,0.0,,no_gt_match_or_lower_confidence_on_same_gt,NMS9,6,6,310.0,935.0,117.0,90.0,863,237,626,0.2746234067207416,0.948
nms,NMS,4977_0714310037_05_WRI-R2_F008.PNG,FP,0.10277337772466263,0.0,,no_gt_match_or_lower_confidence_on_same_gt,NMS3,3,3,232.0,535.0,89.0,90.0,864,237,627,0.2743055555555556,0.948
nms,NMS,0798_1176968591_01_WRI-L2_M010.PNG,FP,0.10239390064384239,0.0,,no_gt_match_or_lower_confidence_on_same_gt,NMS8,5,5,268.0,817.0,87.0,90.0,865,237,628,0.27398843930635836,0.948
nms,NMS,5845_1129334892_04_WRI-R2_F010.png,FP,0.1023518750652346,0.0,,no_gt_match_or_lower_confidence_on_same_gt,NMS6,5,5,254.0,655.0,72.0,90.0,866,237,629,0.27367205542725176,0.948
nms,NMS,5381_0723559946_01_WRI-L1_F008.PNG,FP,0.10213313336783791,0.0,,no_gt_match_or_lower_confidence_on_same_gt,NMS3,5,5,373.0,782.0,13.0,90.0,867,237,630,0.27335640138408307,0.948
nms,NMS,0071_0678614107_01_WRI-R1_F009.png,FP,0.1020442595712995,0.0,,no_gt_match_or_lower_confidence_on_same_gt,NMS7,8,8,336.0,269.0,91.0,90.0,868,237,631,0.2730414746543779,0.948
nms,NMS,0288_1220813964_01_WRI-L2_F008.png,FP,0.10203062352881913,0.0,,no_gt_match_or_lower_confidence_on_same_gt,NMS6,6,6,335.0,215.0,106.0,90.0,869,237,632,0.2727272727272727,0.948
nms,NMS,4963_0373549808_02_WRI-L2_F006.png,FP,0.10193101208185344,0.19964883371962222,0,no_gt_match_or_lower_confidence_on_same_gt,NMS3,1,1,292.0,286.0,119.0,90.0,870,237,633,0.27241379310344827,0.948
nms,NMS,1043_0381634738_02_WRI-L2_M001.PNG,FP,0.10142359092571042,0.0,,no_gt_match_or_lower_confidence_on_same_gt,NMS3,11,"11,6",66.0,264.0,68.0,90.0,871,237,634,0.27210103329506313,0.948
nms,NMS,1020_0255757840_02_WRI-R2_F010.png,FP,0.10096754418180913,0.0,,no_gt_match_or_lower_confidence_on_same_gt,NMS9,10,10,104.0,515.0,51.0,90.0,872,237,635,0.2717889908256881,0.948
nms,NMS,4708_0685185180_02_WRI-L3_M005.png,FP,0.1009392144499932,0.05210524761767982,0,no_gt_match_or_lower_confidence_on_same_gt,NMS2,3,3,119.0,218.0,91.0,90.0,873,237,636,0.27147766323024053,0.948
nms,NMS,5814_0407544765_01_WRI-L1_M016.PNG,FP,0.10072273894365193,0.0,,no_gt_match_or_lower_confidence_on_same_gt,NMS4,13,13,350.0,1239.0,91.0,90.0,874,237,637,0.2711670480549199,0.948
nms,NMS,4526_0791926653_02_WRI-L1_F012.PNG,FP,0.10043731748121126,0.0,,no_gt_match_or_lower_confidence_on_same_gt,NMS9,8,8,186.0,905.0,118.0,90.0,875,237,638,0.27085714285714285,0.948
nms,NMS,0074_0778270509_01_WRI-L2_F010.PNG,FP,0.10024726104466336,0.0,,no_gt_match_or_lower_confidence_on_same_gt,NMS2,4,4,133.0,485.0,118.0,90.0,876,237,639,0.2705479452054795,0.948
nms,NMS,4587_0374311805_01_WRI-L2_M010.png,FP,0.10024350881516945,0.0,,no_gt_match_or_lower_confidence_on_same_gt,NMS3,1,"1,3",208.0,239.0,143.0,100.0,877,237,640,0.2702394526795895,0.948
nms,NMS,1284_0365288370_04_WRI-L2_M010.png,FP,0.10008633245068829,0.0,,no_gt_match_or_lower_confidence_on_same_gt,NMS6,1,1,541.0,684.0,49.0,90.0,878,237,641,0.26993166287015946,0.948
nms,NMS,4708_0685185180_02_WRI-L3_M005.png,FP,0.09964327609440535,0.0,,no_gt_match_or_lower_confidence_on_same_gt,NMS3,5,5,199.0,389.0,91.0,90.0,879,237,642,0.2696245733788396,0.948
nms,NMS,0239_0828414004_02_WRI-L2_M009.PNG,FP,0.09888290091429773,0.0,,no_gt_match_or_lower_confidence_on_same_gt,NMS5,11,11,251.0,356.0,91.0,90.0,880,237,643,0.26931818181818185,0.948
nms,NMS,5626_0900518003_02_WRI-R2_F006.PNG,FP,0.09866229950002549,0.0,,no_gt_match_or_lower_confidence_on_same_gt,NMS3,3,3,147.0,182.0,91.0,90.0,881,237,644,0.2690124858115778,0.948
nms,NMS,6053_0664550533_02_WRI-R2_M010.PNG,FP,0.09859091054389439,0.0,,no_gt_match_or_lower_confidence_on_same_gt,NMS2,2,2,255.0,715.0,85.0,90.0,882,237,645,0.2687074829931973,0.948
nms,NMS,5915_0972188803_01_WRI-L1_M011.png,FP,0.09840871319177108,0.0,,no_gt_match_or_lower_confidence_on_same_gt,NMS5,5,5,211.0,806.0,17.0,90.0,883,237,646,0.26840317100792754,0.948
nms,NMS,5084_0371666121_01_WRI-L2_M014.PNG,FP,0.0980198975977336,0.0,,no_gt_match_or_lower_confidence_on_same_gt,NMS4,6,6,174.0,675.0,94.0,90.0,884,237,647,0.2680995475113122,0.948
nms,NMS,1043_0381634738_02_WRI-L2_M001.PNG,FP,0.09780057639326478,0.0,,no_gt_match_or_lower_confidence_on_same_gt,NMS4,3,3,226.0,415.0,63.0,90.0,885,237,648,0.2677966101694915,0.948
nms,NMS,6064_0993979697_01_WRI-R1_M004.PNG,FP,0.0972545902110776,0.0,,no_gt_match_or_lower_confidence_on_same_gt,NMS6,6,6,168.0,218.0,52.0,90.0,886,237,649,0.26749435665914223,0.948
nms,NMS,0812_0349793895_03_WRI-L2_M013.PNG,FP,0.09704865537601436,0.0,,no_gt_match_or_lower_confidence_on_same_gt,NMS5,4,4,177.0,314.0,181.0,126.0,887,237,650,0.26719278466741825,0.948
nms,NMS,4555_0522752808_02_WRI-R2_M013.png,FP,0.09687158999930313,0.1643813139865059,0,no_gt_match_or_lower_confidence_on_same_gt,NMS7,2,2,396.0,468.0,181.0,126.0,888,237,651,0.2668918918918919,0.948
nms,NMS,1218_0392258361_05_WRI-R2_M014.png,FP,0.09679354817426077,0.23756862760101197,0,no_gt_match_or_lower_confidence_on_same_gt,NMS8,16,16,314.0,588.0,91.0,90.0,889,237,652,0.26659167604049494,0.948
nms,NMS,4555_0522752808_02_WRI-R2_M013.png,FP,0.09656911700685064,0.0,,no_gt_match_or_lower_confidence_on_same_gt,NMS8,14,14,350.0,766.0,12.0,90.0,890,237,653,0.2662921348314607,0.948
nms,NMS,1043_0381634738_02_WRI-L2_M001.PNG,FP,0.09648407154943683,0.0,,no_gt_match_or_lower_confidence_on_same_gt,NMS5,2,"2,9",49.0,385.0,58.0,90.0,891,237,654,0.265993265993266,0.948
nms,NMS,1020_0255757840_02_WRI-R2_F010.png,FP,0.09643262564203899,0.0,,no_gt_match_or_lower_confidence_on_same_gt,NMS10,15,15,112.0,345.0,87.0,90.0,892,237,655,0.265695067264574,0.948
nms,NMS,5818_0746899911_02_WRI-L2_M014.PNG,FP,0.09590865063753705,0.0,,no_gt_match_or_lower_confidence_on_same_gt,NMS7,11,11,155.0,729.0,146.0,102.0,893,237,656,0.26539753639417696,0.948
nms,NMS,4977_0714310037_05_WRI-R2_F008.PNG,FP,0.0957483727507151,0.0,,no_gt_match_or_lower_confidence_on_same_gt,NMS4,5,5,201.0,232.0,93.0,90.0,894,237,657,0.2651006711409396,0.948
nms,NMS,0321_1214605337_02_WRI-L2_M012.PNG,FP,0.09567090705808778,0.2429921630089149,0,no_gt_match_or_lower_confidence_on_same_gt,NMS6,10,10,247.0,479.0,91.0,90.0,895,237,658,0.264804469273743,0.948
nms,NMS,5474_0834280982_01_WRI-L2_M003.PNG,FP,0.09548089988056305,0.0,,no_gt_match_or_lower_confidence_on_same_gt,NMS6,2,2,61.0,717.0,150.0,106.0,896,237,659,0.26450892857142855,0.948
nms,NMS,5534_1110536297_02_WRI-L2_M012.PNG,FP,0.09539860358567881,2.243634027472079e-06,0,no_gt_match_or_lower_confidence_on_same_gt,NMS6,1,"1,5",189.0,340.0,139.0,98.0,897,237,660,0.26421404682274247,0.948
nms,NMS,0133_0281744417_01_WRI-R2_M014.png,TP,0.09494733133773217,0.5206604258665256,0,matched_gt_highest_confidence,NMS5,6,6,249.0,625.0,105.0,90.0,898,238,660,0.2650334075723831,0.952
nms,NMS,5743_0963537164_04_WRI-R2_M009.PNG,FP,0.09453598146937951,0.0,,no_gt_match_or_lower_confidence_on_same_gt,NMS3,2,2,276.0,665.0,123.0,90.0,899,238,661,0.26473859844271413,0.952
nms,NMS,5247_0628996773_06_WRI-L2_F009.png,FP,0.09452313298969127,0.0,,no_gt_match_or_lower_confidence_on_same_gt,NMS2,5,5,199.0,636.0,79.0,90.0,900,238,662,0.2644444444444444,0.952
nms,NMS,1493_0516110451_02_WRI-L1_F012.PNG,FP,0.09442779142497137,0.0,,no_gt_match_or_lower_confidence_on_same_gt,NMS9,11,11,236.0,655.0,95.0,90.0,901,238,663,0.2641509433962264,0.952
nms,NMS,5474_0834280982_01_WRI-L2_M003.PNG,FP,0.09392318483172332,0.0,,no_gt_match_or_lower_confidence_on_same_gt,NMS7,5,5,99.0,305.0,122.0,90.0,902,238,664,0.2638580931263858,0.952
nms,NMS,5474_0836354168_04_WRI-L2_M003.png,FP,0.09329213912696631,1.573908109111187e-07,0,no_gt_match_or_lower_confidence_on_same_gt,NMS3,2,2,154.0,515.0,109.0,90.0,903,238,665,0.26356589147286824,0.952
nms,NMS,5613_0925004359_01_WRI-R2_F012.PNG,FP,0.09306807750718303,0.0,,no_gt_match_or_lower_confidence_on_same_gt,NMS4,9,9,133.0,385.0,91.0,90.0,904,238,666,0.26327433628318586,0.952
nms,NMS,0321_1214605337_02_WRI-L2_M012.PNG,FP,0.09299686427535941,0.0,,no_gt_match_or_lower_confidence_on_same_gt,NMS7,1,1,222.0,341.0,141.0,98.0,905,238,667,0.26298342541436465,0.952
nms,NMS,0490_0671128517_01_WRI-R1_F012.PNG,FP,0.09289830729147161,0.0,,no_gt_match_or_lower_confidence_on_same_gt,NMS8,17,17,546.0,862.0,14.0,90.0,906,238,668,0.26269315673289184,0.952
nms,NMS,0812_0349793895_03_WRI-L2_M013.PNG,FP,0.09251254008688015,0.0,,no_gt_match_or_lower_confidence_on_same_gt,NMS6,7,7,267.0,314.0,181.0,126.0,907,238,669,0.2624035281146637,0.952
nms,NMS,0074_0778270509_01_WRI-L2_F010.PNG,FP,0.09238656538535761,0.0,,no_gt_match_or_lower_confidence_on_same_gt,NMS3,5,5,123.0,715.0,116.0,90.0,908,238,670,0.2621145374449339,0.952
nms,NMS,0239_0828414004_02_WRI-L2_M009.PNG,FP,0.09181365914817281,0.11319830086867431,0,no_gt_match_or_lower_confidence_on_same_gt,NMS6,4,4,223.0,665.0,99.0,90.0,909,238,671,0.26182618261826185,0.952
nms,NMS,5247_0625408586_02_WRI-L2_F008.png,FP,0.09178779274297114,0.0,,no_gt_match_or_lower_confidence_on_same_gt,NMS9,19,19,373.0,534.0,73.0,90.0,910,238,672,0.26153846153846155,0.952
nms,NMS,2660_0622346450_03_WRI-R1_M013.png,FP,0.09178493759630776,0.0,,no_gt_match_or_lower_confidence_on_same_gt,NMS6,6,6,495.0,447.0,15.0,90.0,911,238,673,0.26125137211855104,0.952
nms,NMS,5238_0561586292_02_WRI-L2_F006.PNG,FP,0.09146631556571554,0.0,,no_gt_match_or_lower_confidence_on_same_gt,NMS4,6,6,260.0,539.0,11.0,90.0,912,238,674,0.26096491228070173,0.952
nms,NMS,4605_0740967567_01_WRI-L2_F011.PNG,FP,0.0913597641688068,0.0,,no_gt_match_or_lower_confidence_on_same_gt,NMS4,10,10,426.0,351.0,9.0,90.0,913,238,675,0.2606790799561884,0.952
nms,NMS,5814_0407544765_01_WRI-L1_M016.PNG,FP,0.0911211326461417,0.0,,no_gt_match_or_lower_confidence_on_same_gt,NMS5,7,7,267.0,905.0,91.0,90.0,914,238,676,0.2603938730853392,0.952
nms,NMS,0407_1248541446_05_WRI-R2_F008.PNG,FP,0.09093182176403038,0.0,,no_gt_match_or_lower_confidence_on_same_gt,NMS4,9,9,631.0,567.0,8.0,90.0,915,238,677,0.26010928961748636,0.952
nms,NMS,0642_0931369220_01_WRI-L2_F009.png,FP,0.09090985834211705,0.0,,no_gt_match_or_lower_confidence_on_same_gt,NMS2,2,2,90.0,525.0,87.0,90.0,916,238,678,0.259825327510917,0.952
nms,NMS,5277_0502084754_04_WRI-R2_M014.png,FP,0.0908811922745744,0.0,,no_gt_match_or_lower_confidence_on_same_gt,NMS2,2,2,228.0,475.0,83.0,90.0,917,238,679,0.2595419847328244,0.952
nms,NMS,0628_0628606612_01_WRI-L2_F007.PNG,FP,0.09071571300743078,0.0,,no_gt_match_or_lower_confidence_on_same_gt,NMS4,6,6,174.0,215.0,135.0,94.0,918,238,680,0.25925925925925924,0.952
nms,NMS,5953_1118750249_01_WRI-L2_F013.png,FP,0.09019017229140468,0.0,,no_gt_match_or_lower_confidence_on_same_gt,NMS4,6,6,238.0,707.0,22.0,90.0,919,238,681,0.2589771490750816,0.952
nms,NMS,1006_0840174727_01_WRI-L2_M006.png,FP,0.0901274421943357,0.0,,no_gt_match_or_lower_confidence_on_same_gt,NMS3,3,3,124.0,595.0,73.0,90.0,920,238,682,0.25869565217391305,0.952
nms,NMS,5168_0340721647_04_WRI-R2_M007.PNG,FP,0.09011838025907745,0.0,,no_gt_match_or_lower_confidence_on_same_gt,NMS3,4,4,135.0,300.0,91.0,90.0,921,238,683,0.25841476655808904,0.952
nms,NMS,4963_0373549808_02_WRI-L2_F006.png,FP,0.0896289674888491,0.0,,no_gt_match_or_lower_confidence_on_same_gt,NMS4,3,3,304.0,546.0,79.0,90.0,922,238,684,0.25813449023861174,0.952
nms,NMS,5247_0625408586_02_WRI-L2_F008.png,FP,0.08920063141703534,0.0,,no_gt_match_or_lower_confidence_on_same_gt,NMS10,20,"20,11",44.0,929.0,21.0,90.0,923,238,685,0.25785482123510295,0.952
nms,NMS,1284_0365288370_04_WRI-L2_M010.png,FP,0.08871482741286829,0.0,,no_gt_match_or_lower_confidence_on_same_gt,NMS7,13,13,514.0,451.0,29.0,90.0,924,238,686,0.25757575757575757,0.952
nms,NMS,1392_0677451986_01_WRI-R2_M017.png,FP,0.08859563713057098,0.0,,no_gt_match_or_lower_confidence_on_same_gt,NMS9,24,24,595.0,704.0,25.0,90.0,925,238,687,0.2572972972972973,0.952
nms,NMS,0071_0678614107_01_WRI-R1_F009.png,FP,0.08855704574458069,0.0,,no_gt_match_or_lower_confidence_on_same_gt,NMS8,10,10,235.0,461.0,91.0,90.0,926,238,688,0.2570194384449244,0.952
nms,NMS,0589_0821736373_04_WRI-L1_M017.PNG,FP,0.08814021918490274,0.0,,no_gt_match_or_lower_confidence_on_same_gt,NMS13,15,15,54.0,434.0,24.0,90.0,927,238,689,0.25674217907227614,0.952
nms,NMS,4800_1015202634_01_WRI-L2_F008.PNG,FP,0.0881322136543508,0.0,,no_gt_match_or_lower_confidence_on_same_gt,NMS3,3,3,179.0,405.0,73.0,90.0,928,238,690,0.25646551724137934,0.952
nms,NMS,0203_1114068044_01_WRI-L1_M011.png,FP,0.08803091991011822,0.19293229413029905,0,no_gt_match_or_lower_confidence_on_same_gt,NMS12,2,2,409.0,572.0,181.0,126.0,929,238,691,0.25618945102260493,0.952
nms,NMS,5084_0371666121_01_WRI-L2_M014.PNG,FP,0.0879131341757351,0.0,,no_gt_match_or_lower_confidence_on_same_gt,NMS5,2,2,175.0,575.0,100.0,90.0,930,238,692,0.25591397849462366,0.952
nms,NMS,5121_0676540097_02_WRI-R1_M011.PNG,FP,0.08767271983235923,0.0,,no_gt_match_or_lower_confidence_on_same_gt,NMS6,15,15,347.0,645.0,91.0,90.0,931,238,693,0.2556390977443609,0.952
nms,NMS,0003_0663715782_02_WRI-R2_M011.png,FP,0.08763786247856699,0.0,,no_gt_match_or_lower_confidence_on_same_gt,NMS7,2,2,299.0,826.0,101.0,90.0,932,238,694,0.2553648068669528,0.952
nms,NMS,0641_0946080010_02_WRI-R2_F012.png,FP,0.08735785642940531,0.0,,no_gt_match_or_lower_confidence_on_same_gt,NMS4,1,1,299.0,733.0,125.0,90.0,933,238,695,0.25509110396570206,0.952
nms,NMS,1632_0634171744_02_WRI-R2_M003.png,FP,0.08733917727013868,0.0,,no_gt_match_or_lower_confidence_on_same_gt,NMS3,4,4,146.0,228.0,77.0,90.0,934,238,696,0.25481798715203424,0.952
nms,NMS,0473_1196675800_01_WRI-R1_M013.PNG,FP,0.08711162268898806,0.0,,no_gt_match_or_lower_confidence_on_same_gt,NMS4,10,10,346.0,862.0,56.0,90.0,935,238,697,0.2545454545454545,0.952
nms,NMS,0522_0599819429_01_WRI-R2_M008.png,FP,0.08675548019908819,0.07287947131215151,0,no_gt_match_or_lower_confidence_on_same_gt,NMS3,2,2,128.0,490.0,86.0,90.0,936,238,698,0.25427350427350426,0.952
nms,NMS,5843_0796713227_01_WRI-L2_F012.png,FP,0.08673546362571241,0.0,,no_gt_match_or_lower_confidence_on_same_gt,NMS4,5,5,250.0,328.0,11.0,90.0,937,238,699,0.25400213447171827,0.952
nms,NMS,0530_0793776717_02_WRI-L2_M012.png,FP,0.08662968177537507,0.0,,no_gt_match_or_lower_confidence_on_same_gt,NMS3,4,4,251.0,636.0,119.0,90.0,938,238,700,0.2537313432835821,0.952
nms,NMS,0066_1263156785_04_WRI-L1_M011.png,FP,0.08662490713964816,0.0,,no_gt_match_or_lower_confidence_on_same_gt,NMS4,4,4,233.0,382.0,167.0,116.0,939,238,701,0.2534611288604899,0.952
nms,NMS,5664_1006579341_01_WRI-L2_F006.png,FP,0.08644142560428598,0.0,,no_gt_match_or_lower_confidence_on_same_gt,NMS3,4,"4,8",153.0,255.0,126.0,90.0,940,238,702,0.2531914893617021,0.952
nms,NMS,5733_0388429441_01_WRI-L2_M015.png,FP,0.08638796049563469,0.05880573560710191,0,no_gt_match_or_lower_confidence_on_same_gt,NMS5,3,3,280.0,499.0,175.0,122.0,941,238,703,0.25292242295430395,0.952
nms,NMS,4726_0968399137_05_WRI-R1_F009.png,FP,0.08610448080423622,0.0,,no_gt_match_or_lower_confidence_on_same_gt,NMS5,7,7,268.0,264.0,1.0,90.0,942,238,704,0.2526539278131635,0.952
nms,NMS,5332_0567714023_02_WRI-L2_F011.PNG,FP,0.08589635706304818,0.0,,no_gt_match_or_lower_confidence_on_same_gt,NMS3,9,9,282.0,292.0,91.0,90.0,943,238,705,0.2523860021208908,0.952
nms,NMS,5048_0684397154_02_WRI-L2_F014.PNG,FP,0.0857260293070655,0.0,,no_gt_match_or_lower_confidence_on_same_gt,NMS6,9,9,510.0,883.0,7.0,90.0,944,238,706,0.2521186440677966,0.952
nms,NMS,2230_0341843437_01_WRI-L2_F005.PNG,FP,0.08572092124085806,0.2254412191245117,0,no_gt_match_or_lower_confidence_on_same_gt,NMS4,1,1,221.0,425.0,73.0,90.0,945,238,707,0.2518518518518518,0.952
nms,NMS,4810_0683178845_02_WRI-L1_M011.PNG,FP,0.08570467569910876,0.0,,no_gt_match_or_lower_confidence_on_same_gt,NMS8,9,9,90.0,656.0,14.0,90.0,946,238,708,0.25158562367864695,0.952
nms,NMS,5048_0684397154_02_WRI-L2_F014.PNG,FP,0.08552614766656297,0.0,,no_gt_match_or_lower_confidence_on_same_gt,NMS7,10,10,286.0,912.0,2.0,90.0,947,238,709,0.25131995776135163,0.952
nms,NMS,5814_0407544765_01_WRI-L1_M016.PNG,FP,0.08550554884036535,0.0,,no_gt_match_or_lower_confidence_on_same_gt,NMS6,4,4,294.0,755.0,41.0,90.0,948,238,710,0.2510548523206751,0.952
nms,NMS,5953_1118750249_01_WRI-L2_F013.png,FP,0.0854295596221967,0.0,,no_gt_match_or_lower_confidence_on_same_gt,NMS5,3,3,249.0,601.0,88.0,90.0,949,238,711,0.2507903055848261,0.952
nms,NMS,0791_0965671308_03_WRI-L2_M016.png,FP,0.08538423837623131,0.0,,no_gt_match_or_lower_confidence_on_same_gt,NMS4,5,"5,6",120.0,225.0,112.0,90.0,950,238,712,0.2505263157894737,0.952
nms,NMS,4671_1037664684_01_WRI-R1_F009.PNG,FP,0.08528367750954982,0.0,,no_gt_match_or_lower_confidence_on_same_gt,NMS3,3,3,464.0,652.0,19.0,90.0,951,238,713,0.2502628811777077,0.952
nms,NMS,0546_0415831661_01_WRI-L2_F011.PNG,FP,0.08513533660073003,0.0,,no_gt_match_or_lower_confidence_on_same_gt,NMS6,5,"5,1",200.0,377.0,72.0,90.0,952,238,714,0.25,0.952
nms,NMS,5980_0995828173_01_WRI-L1_M011.png,FP,0.08499063456952785,0.0,,no_gt_match_or_lower_confidence_on_same_gt,NMS6,5,5,117.0,545.0,56.0,90.0,953,238,715,0.2497376705141658,0.952
nms,NMS,0598_0792844418_02_WRI-L2_F008.png,FP,0.08487083030867273,0.0,,no_gt_match_or_lower_confidence_on_same_gt,NMS4,10,10,296.0,561.0,11.0,90.0,954,238,716,0.24947589098532494,0.952
nms,NMS,1036_0797762719_02_WRI-L2_M013.png,FP,0.08465908201233,0.0,,no_gt_match_or_lower_confidence_on_same_gt,NMS8,9,9,299.0,310.0,91.0,90.0,955,238,717,0.24921465968586387,0.952
nms,NMS,5229_1076706016_04_WRI-R1_M008.png,FP,0.08450889472242944,0.0,,no_gt_match_or_lower_confidence_on_same_gt,NMS7,6,6,368.0,441.0,10.0,90.0,956,238,718,0.2489539748953975,0.952
nms,NMS,5227_0411829511_01_WRI-L2_M011.png,FP,0.084287107501054,0.0,,no_gt_match_or_lower_confidence_on_same_gt,NMS6,5,5,17.0,345.0,60.0,90.0,957,238,719,0.24869383490073146,0.952
nms,NMS,4810_0683178845_02_WRI-L1_M011.PNG,FP,0.08414498645791683,0.0,,no_gt_match_or_lower_confidence_on_same_gt,NMS9,12,12,146.0,299.0,20.0,90.0,958,238,720,0.24843423799582465,0.952
nms,NMS,5874_0879009645_04_WRI-L2_M013.png,FP,0.08388397147675937,0.0,,no_gt_match_or_lower_confidence_on_same_gt,NMS4,1,"1,6",189.0,363.0,134.0,94.0,959,238,721,0.24817518248175183,0.952
nms,NMS,4555_0522752808_02_WRI-R2_M013.png,FP,0.08357255283041667,0.0,,no_gt_match_or_lower_confidence_on_same_gt,NMS9,12,12,350.0,893.0,137.0,96.0,960,238,722,0.24791666666666667,0.952
nms,NMS,4963_0373549808_02_WRI-L2_F006.png,FP,0.08348493479987072,0.0,,no_gt_match_or_lower_confidence_on_same_gt,NMS5,6,6,456.0,616.0,1.0,90.0,961,238,723,0.24765868886576484,0.952
nms,NMS,5277_0502084754_04_WRI-R2_M014.png,FP,0.08344266393737461,0.0,,no_gt_match_or_lower_confidence_on_same_gt,NMS3,3,3,312.0,276.0,5.0,90.0,962,238,724,0.24740124740124741,0.952
nms,NMS,5048_0684397154_02_WRI-L2_F014.PNG,FP,0.08339661770135792,0.0,,no_gt_match_or_lower_confidence_on_same_gt,NMS8,12,12,275.0,742.0,17.0,90.0,963,238,725,0.24714434060228452,0.952
nms,NMS,0827_0782390551_01_WRI-L1_M016.PNG,FP,0.08339208726604226,0.0,,no_gt_match_or_lower_confidence_on_same_gt,NMS4,4,4,263.0,605.0,37.0,90.0,964,238,726,0.24688796680497926,0.952
nms,NMS,4949_0969499613_03_WRI-R2_M006.png,FP,0.08318966508186722,0.2305841936067389,0,no_gt_match_or_lower_confidence_on_same_gt,NMS4,5,5,281.0,248.0,148.0,104.0,965,238,727,0.24663212435233162,0.952
nms,NMS,5357_0717952874_05_WRI-R2_M013.PNG,FP,0.08301367306204178,0.0,,no_gt_match_or_lower_confidence_on_same_gt,NMS7,19,19,98.0,365.0,11.0,90.0,966,238,728,0.2463768115942029,0.952
nms,NMS,4896_0657191053_02_WRI-L2_M009.png,FP,0.08298714856271144,0.0,,no_gt_match_or_lower_confidence_on_same_gt,NMS7,10,10,514.0,341.0,2.0,90.0,967,238,729,0.24612202688728024,0.952
nms,NMS,5814_0407544765_01_WRI-L1_M016.PNG,FP,0.08287305394052395,0.0,,no_gt_match_or_lower_confidence_on_same_gt,NMS7,8,8,357.0,1009.0,91.0,90.0,968,238,730,0.24586776859504134,0.952
nms,NMS,5227_0411829511_01_WRI-L2_M011.png,FP,0.08280908200409876,0.0,,no_gt_match_or_lower_confidence_on_same_gt,NMS7,10,10,146.0,715.0,74.0,90.0,969,238,731,0.24561403508771928,0.952
nms,NMS,5764_0922296377_02_WRI-L2_M008.png,FP,0.08266771924937795,0.0,,no_gt_match_or_lower_confidence_on_same_gt,NMS6,7,7,257.0,235.0,1.0,90.0,970,238,732,0.24536082474226803,0.952
nms,NMS,5084_0371666121_01_WRI-L2_M014.PNG,FP,0.0826195628306208,0.0,,no_gt_match_or_lower_confidence_on_same_gt,NMS6,7,7,212.0,251.0,3.0,90.0,971,238,733,0.2451081359423275,0.952
nms,NMS,1024_1259124783_04_WRI-L1_F011.PNG,TP,0.08238113788393918,0.5155549977338361,1,matched_gt_highest_confidence,NMS4,4,4,166.0,611.0,58.0,90.0,972,239,733,0.24588477366255143,0.956
nms,NMS,5534_1110536297_02_WRI-L2_M012.PNG,FP,0.08236134840177234,0.0,,no_gt_match_or_lower_confidence_on_same_gt,NMS7,6,6,230.0,307.0,91.0,90.0,973,239,734,0.24563206577595068,0.956
nms,NMS,5048_0684397154_02_WRI-L2_F014.PNG,FP,0.08213594719301552,0.0,,no_gt_match_or_lower_confidence_on_same_gt,NMS9,11,11,268.0,1014.0,20.0,90.0,974,239,735,0.24537987679671458,0.956
nms,NMS,4812_0715449570_01_WRI-R2_M008.PNG,FP,0.08208579218871015,0.0,,no_gt_match_or_lower_confidence_on_same_gt,NMS6,8,8,275.0,452.0,7.0,90.0,975,239,736,0.24512820512820513,0.956
nms,NMS,4963_0373549808_02_WRI-L2_F006.png,FP,0.08189646579139945,0.0,,no_gt_match_or_lower_confidence_on_same_gt,NMS6,5,5,178.0,246.0,37.0,90.0,976,239,737,0.24487704918032788,0.956
nms,NMS,4650_0823981766_01_WRI-L2_M014.png,FP,0.08188715054976066,0.0,,no_gt_match_or_lower_confidence_on_same_gt,NMS6,9,9,188.0,457.0,2.0,90.0,977,239,738,0.24462640736949848,0.956
nms,NMS,0407_1248541446_05_WRI-R2_F008.PNG,FP,0.08185583011169913,0.0,,no_gt_match_or_lower_confidence_on_same_gt,NMS5,6,6,679.0,525.0,28.0,90.0,978,239,739,0.2443762781186094,0.956
nms,NMS,1743_0153724007_04_WRI-L2_M008.png,FP,0.08172178620685355,0.0,,no_gt_match_or_lower_confidence_on_same_gt,NMS5,6,6,218.0,328.0,91.0,90.0,979,239,740,0.24412665985699694,0.956
nms,NMS,5066_1055147597_05_WRI-L1_M011.png,FP,0.08167571267094859,0.0,,no_gt_match_or_lower_confidence_on_same_gt,NMS5,2,2,114.0,495.0,78.0,90.0,980,239,741,0.24387755102040817,0.956
nms,NMS,5337_0874269007_02_WRI-R2_F012.PNG,FP,0.08153361821147845,0.0,,no_gt_match_or_lower_confidence_on_same_gt,NMS4,13,13,226.0,305.0,91.0,90.0,981,239,742,0.2436289500509684,0.956
nms,NMS,0827_0782390551_01_WRI-L1_M016.PNG,FP,0.08146595646958173,0.0,,no_gt_match_or_lower_confidence_on_same_gt,NMS5,2,"2,10",134.0,315.0,102.0,90.0,982,239,743,0.24338085539714868,0.956
nms,NMS,5474_0834280982_01_WRI-L2_M003.PNG,FP,0.08134021806306395,0.0,,no_gt_match_or_lower_confidence_on_same_gt,NMS8,11,11,91.0,469.0,9.0,90.0,983,239,744,0.24313326551373346,0.956
nms,NMS,5303_0992053123_02_WRI-R2_F014.PNG,FP,0.08129578114427598,0.0,,no_gt_match_or_lower_confidence_on_same_gt,NMS6,5,5,204.0,596.0,3.0,90.0,984,239,745,0.24288617886178862,0.956
nms,NMS,0611_0470785500_02_WRI-L2_F014.png,TP,0.08124001217096517,0.5393441234633268,0,matched_gt_highest_confidence,NMS6,14,14,250.0,418.0,91.0,90.0,985,240,745,0.2436548223350254,0.96
nms,NMS,1392_0677451986_01_WRI-R2_M017.png,FP,0.08116171695557775,0.0,,no_gt_match_or_lower_confidence_on_same_gt,NMS10,17,17,208.0,458.0,92.0,90.0,986,240,746,0.2434077079107505,0.96
nms,NMS,0530_0793776717_02_WRI-L2_M012.png,FP,0.08089408644628455,0.0,,no_gt_match_or_lower_confidence_on_same_gt,NMS4,15,15,241.0,304.0,4.0,90.0,987,240,747,0.24316109422492402,0.96
nms,NMS,0589_0821736373_04_WRI-L1_M017.PNG,FP,0.08087164809998924,0.0,,no_gt_match_or_lower_confidence_on_same_gt,NMS14,25,25,101.0,590.0,17.0,90.0,988,240,748,0.242914979757085,0.96
nms,NMS,5048_0684397154_02_WRI-L2_F014.PNG,FP,0.08082290451310549,0.0,,no_gt_match_or_lower_confidence_on_same_gt,NMS10,5,5,304.0,971.0,169.0,118.0,989,240,749,0.24266936299292213,0.96
nms,NMS,5466_1178121802_02_WRI-L2_M013.png,FP,0.08079596727984367,0.0,,no_gt_match_or_lower_confidence_on_same_gt,NMS5,8,8,180.0,430.0,3.0,90.0,990,240,750,0.24242424242424243,0.96
nms,NMS,4928_0630318905_01_WRI-L2_M009.PNG,FP,0.0805395663779327,0.0,,no_gt_match_or_lower_confidence_on_same_gt,NMS9,14,14,42.0,807.0,28.0,90.0,991,240,751,0.24217961654894046,0.96
nms,NMS,0589_0821736373_04_WRI-L1_M017.PNG,FP,0.08049276991251113,0.0,,no_gt_match_or_lower_confidence_on_same_gt,NMS15,24,24,521.0,300.0,3.0,90.0,992,240,752,0.24193548387096775,0.96
nms,NMS,2602_0745106729_06_WRI-L2_M014.png,FP,0.08046065436759257,0.0,,no_gt_match_or_lower_confidence_on_same_gt,NMS7,3,3,150.0,525.0,96.0,90.0,993,240,753,0.24169184290030213,0.96
nms,NMS,5227_0411829511_01_WRI-L2_M011.png,FP,0.08015413884166313,0.0,,no_gt_match_or_lower_confidence_on_same_gt,NMS8,17,17,280.0,509.0,1.0,90.0,994,240,754,0.2414486921529175,0.96
nms,NMS,1993_0548434682_03_WRI-R2_F009.PNG,FP,0.08011189023579135,0.0,,no_gt_match_or_lower_confidence_on_same_gt,NMS3,4,4,195.0,261.0,19.0,90.0,995,240,755,0.24120603015075376,0.96
nms,NMS,4969_0206805790_03_WRI-L2_F010.PNG,FP,0.07967886890032867,0.0,,no_gt_match_or_lower_confidence_on_same_gt,NMS7,4,4,286.0,878.0,7.0,90.0,996,240,756,0.24096385542168675,0.96
nms,NMS,5048_0684397154_02_WRI-L2_F014.PNG,FP,0.07961060495298494,0.15958676251384146,0,no_gt_match_or_lower_confidence_on_same_gt,NMS11,18,18,289.0,481.0,91.0,90.0,997,240,757,0.24072216649949849,0.96
nms,NMS,0536_1142550502_02_WRI-L2_M010.PNG,FP,0.07941197644238034,0.06342615210635796,0,no_gt_match_or_lower_confidence_on_same_gt,NMS4,5,5,148.0,329.0,56.0,90.0,998,240,758,0.24048096192384769,0.96
nms,NMS,1563_0496123113_02_WRI-L1_M011.png,FP,0.07939124289708739,0.05332357039429779,0,no_gt_match_or_lower_confidence_on_same_gt,NMS4,5,5,167.0,707.0,181.0,126.0,999,240,759,0.24024024024024024,0.96
nms,NMS,0611_0470785500_02_WRI-L2_F014.png,FP,0.07930965252218634,0.0,,no_gt_match_or_lower_confidence_on_same_gt,NMS7,7,7,214.0,739.0,9.0,90.0,1000,240,760,0.24,0.96
nms,NMS,0005_0073601967_01_WRI-R2_F014.png,FP,0.07908705330108666,0.0,,no_gt_match_or_lower_confidence_on_same_gt,NMS2,5,5,288.0,415.0,7.0,90.0,1001,240,761,0.23976023976023977,0.96
nms,NMS,0812_0349793895_03_WRI-L2_M013.PNG,FP,0.07895743275364817,0.23926635794274353,0,no_gt_match_or_lower_confidence_on_same_gt,NMS7,16,16,328.0,533.0,91.0,90.0,1002,240,762,0.23952095808383234,0.96
nms,NMS,1536_1072748039_01_WRI-L2_M010.png,FP,0.07885259453758638,0.0,,no_gt_match_or_lower_confidence_on_same_gt,NMS6,7,7,301.0,351.0,3.0,90.0,1003,240,763,0.23928215353938184,0.96
nms,NMS,0417_0727170640_02_WRI-R1_F009.PNG,FP,0.0788276223936606,0.0,,no_gt_match_or_lower_confidence_on_same_gt,NMS5,7,7,177.0,723.0,3.0,90.0,1004,240,764,0.23904382470119523,0.96
nms,NMS,5814_0407544765_01_WRI-L1_M016.PNG,FP,0.07880485893815753,0.0,,no_gt_match_or_lower_confidence_on_same_gt,NMS8,9,9,151.0,956.0,91.0,90.0,1005,240,765,0.23880597014925373,0.96
nms,NMS,0407_1248541446_05_WRI-R2_F008.PNG,FP,0.07873544529466435,0.0,,no_gt_match_or_lower_confidence_on_same_gt,NMS6,8,8,655.0,428.0,11.0,90.0,1006,240,766,0.23856858846918488,0.96
nms,NMS,5337_0874269007_02_WRI-R2_F012.PNG,FP,0.07865420474333414,0.0,,no_gt_match_or_lower_confidence_on_same_gt,NMS5,8,8,188.0,782.0,7.0,90.0,1007,240,767,0.23833167825223436,0.96
nms,NMS,5048_0684397154_02_WRI-L2_F014.PNG,FP,0.07865321863519777,0.0,,no_gt_match_or_lower_confidence_on_same_gt,NMS12,7,7,308.0,803.0,135.0,94.0,1008,240,768,0.23809523809523808,0.96
nms,NMS,5376_1092312623_01_WRI-L1_M008.PNG,FP,0.07849569441364863,0.0,,no_gt_match_or_lower_confidence_on_same_gt,NMS2,3,3,180.0,325.0,2.0,90.0,1009,240,769,0.23785926660059464,0.96
nms,NMS,5067_1201935013_05_WRI-L1_M014.png,FP,0.07839445353638506,0.0,,no_gt_match_or_lower_confidence_on_same_gt,NMS6,11,11,419.0,277.0,7.0,90.0,1010,240,770,0.2376237623762376,0.96
nms,NMS,4886_0345385374_03_WRI-L1_F009.PNG,FP,0.07803041198244272,0.0,,no_gt_match_or_lower_confidence_on_same_gt,NMS6,3,3,149.0,905.0,63.0,90.0,1011,240,771,0.23738872403560832,0.96
nms,NMS,5121_0676540097_02_WRI-R1_M011.PNG,FP,0.0780209912522458,0.0,,no_gt_match_or_lower_confidence_on_same_gt,NMS7,12,12,74.0,403.0,8.0,90.0,1012,240,772,0.23715415019762845,0.96
nms,NMS,5357_0717952874_05_WRI-R2_M013.PNG,FP,0.07782580999195234,0.0,,no_gt_match_or_lower_confidence_on_same_gt,NMS8,10,10,160.0,309.0,181.0,126.0,1013,240,773,0.23692003948667326,0.96
nms,NMS,1493_0516110511_02_WRI-L2_F012.PNG,FP,0.07778199526866467,0.0,,no_gt_match_or_lower_confidence_on_same_gt,NMS10,9,"9,11",282.0,935.0,63.0,90.0,1014,240,774,0.23668639053254437,0.96
nms,NMS,0126_0816183836_01_WRI-L2_F008.png,FP,0.077718179084462,0.11047406112180144,0,no_gt_match_or_lower_confidence_on_same_gt,NMS3,6,6,201.0,339.0,91.0,90.0,1015,240,775,0.23645320197044334,0.96
nms,NMS,5764_0922296377_02_WRI-L2_M008.png,FP,0.07751811440501588,0.0,,no_gt_match_or_lower_confidence_on_same_gt,NMS7,14,14,162.0,562.0,19.0,90.0,1016,240,776,0.23622047244094488,0.96
nms,NMS,5489_0628153015_04_WRI-R2_M006.png,FP,0.07746441695663983,0.0,,no_gt_match_or_lower_confidence_on_same_gt,NMS3,5,5,211.0,218.0,91.0,90.0,1017,240,777,0.2359882005899705,0.96
nms,NMS,1009_1045147893_04_WRI-R2_M013.png,FP,0.0772407880905189,0.0,,no_gt_match_or_lower_confidence_on_same_gt,NMS4,1,"1,7",175.0,502.0,136.0,96.0,1018,240,778,0.2357563850687623,0.96
nms,NMS,4896_0657191053_02_WRI-L2_M009.png,FP,0.07722766517893846,0.0,,no_gt_match_or_lower_confidence_on_same_gt,NMS8,12,12,158.0,330.0,3.0,90.0,1019,240,779,0.23552502453385674,0.96
nms,NMS,5456_0603428013_02_WRI-L2_M011.PNG,FP,0.07721375434356077,0.0,,no_gt_match_or_lower_confidence_on_same_gt,NMS4,8,8,303.0,921.0,7.0,90.0,1020,240,780,0.23529411764705882,0.96
nms,NMS,5229_1076706016_04_WRI-R1_M008.png,FP,0.07718396203808241,0.0,,no_gt_match_or_lower_confidence_on_same_gt,NMS8,9,9,357.0,777.0,4.0,90.0,1021,240,781,0.23506366307541626,0.96
nms,NMS,0473_1196675800_01_WRI-R1_M013.PNG,FP,0.07718297156165181,0.0,,no_gt_match_or_lower_confidence_on_same_gt,NMS5,11,11,245.0,369.0,9.0,90.0,1022,240,782,0.23483365949119372,0.96
nms,NMS,1392_0677451986_01_WRI-R2_M017.png,FP,0.07690175205586225,0.0,,no_gt_match_or_lower_confidence_on_same_gt,NMS11,20,20,265.0,541.0,91.0,90.0,1023,240,783,0.23460410557184752,0.96
nms,NMS,4896_0657191053_02_WRI-L2_M009.png,FP,0.07685117987814005,0.0,,no_gt_match_or_lower_confidence_on_same_gt,NMS9,11,11,434.0,751.0,7.0,90.0,1024,240,784,0.234375,0.96
nms,NMS,5980_0995828173_01_WRI-L1_M011.png,FP,0.07675320272186088,0.0,,no_gt_match_or_lower_confidence_on_same_gt,NMS7,4,4,137.0,385.0,47.0,90.0,1025,240,785,0.23414634146341465,0.96
nms,NMS,1493_0516110451_02_WRI-L1_F012.PNG,FP,0.07659768585857331,0.0,,no_gt_match_or_lower_confidence_on_same_gt,NMS10,15,15,360.0,1001.0,141.0,98.0,1026,240,786,0.23391812865497075,0.96
nms,NMS,0979_0438007900_01_WRI-L2_M013.PNG,FP,0.07655854053906437,0.0,,no_gt_match_or_lower_confidence_on_same_gt,NMS4,5,5,234.0,282.0,91.0,90.0,1027,240,787,0.23369036027263876,0.96
nms,NMS,0642_0931369220_01_WRI-L2_F009.png,FP,0.07655739918149956,0.0,,no_gt_match_or_lower_confidence_on_same_gt,NMS3,4,4,258.0,204.0,1.0,90.0,1028,240,788,0.23346303501945526,0.96
nms,NMS,5379_0388426289_02_WRI-L2_M009.png,FP,0.07649641156314459,0.0,,no_gt_match_or_lower_confidence_on_same_gt,NMS4,6,6,352.0,915.0,22.0,90.0,1029,240,789,0.23323615160349853,0.96
nms,NMS,5289_0680957054_03_WRI-L2_M009.PNG,FP,0.07641366639474416,0.026494683364465765,0,no_gt_match_or_lower_confidence_on_same_gt,NMS2,10,10,298.0,366.0,5.0,90.0,1030,240,790,0.23300970873786409,0.96
nms,NMS,0530_0793776717_02_WRI-L2_M012.png,FP,0.07633652681013234,0.0,,no_gt_match_or_lower_confidence_on_same_gt,NMS5,13,13,341.0,296.0,7.0,90.0,1031,240,791,0.23278370514064015,0.96
nms,NMS,1059_1194450089_01_WRI-R2_M006.png,FP,0.07628888404828589,0.0,,no_gt_match_or_lower_confidence_on_same_gt,NMS4,3,3,185.0,335.0,67.0,90.0,1032,240,792,0.23255813953488372,0.96
nms,NMS,0562_1096729807_01_WRI-R1_F007.png,FP,0.07616562678010387,0.0,,no_gt_match_or_lower_confidence_on_same_gt,NMS4,9,9,259.0,264.0,1.0,90.0,1033,240,793,0.23233301064859632,0.96
nms,NMS,1020_0255757840_02_WRI-R2_F010.png,FP,0.07615095894578727,0.0,,no_gt_match_or_lower_confidence_on_same_gt,NMS11,4,4,195.0,283.0,135.0,94.0,1034,240,794,0.23210831721470018,0.96
nms,NMS,1284_0365288370_04_WRI-L2_M010.png,FP,0.07612187296957715,0.0,,no_gt_match_or_lower_confidence_on_same_gt,NMS8,5,5,418.0,624.0,10.0,90.0,1035,240,795,0.2318840579710145,0.96
nms,NMS,0203_1114068044_01_WRI-L1_M011.png,FP,0.07608134148747647,0.0,,no_gt_match_or_lower_confidence_on_same_gt,NMS13,25,25,298.0,665.0,7.0,90.0,1036,240,796,0.23166023166023167,0.96
nms,NMS,1979_1021352022_02_WRI-R1_M007.PNG,FP,0.07591160061277401,0.0,,no_gt_match_or_lower_confidence_on_same_gt,NMS6,3,3,53.0,745.0,60.0,90.0,1037,240,797,0.23143683702989393,0.96
nms,NMS,4671_1037664684_01_WRI-R1_F009.PNG,FP,0.07579067693801131,0.0030434351126772657,0,no_gt_match_or_lower_confidence_on_same_gt,NMS4,8,8,238.0,547.0,1.0,90.0,1038,240,798,0.23121387283236994,0.96
nms,NMS,4526_0791926653_02_WRI-L1_F012.PNG,FP,0.07578088303182419,0.0,,no_gt_match_or_lower_confidence_on_same_gt,NMS10,15,15,581.0,1049.0,7.0,90.0,1039,240,799,0.23099133782483156,0.96
nms,NMS,6079_0512846944_01_WRI-R2_M011.png,FP,0.0755719522837883,0.0,,no_gt_match_or_lower_confidence_on_same_gt,NMS3,9,9,258.0,256.0,7.0,90.0,1040,240,800,0.23076923076923078,0.96
nms,NMS,4963_0373549808_02_WRI-L2_F006.png,FP,0.07556094507809318,0.0,,no_gt_match_or_lower_confidence_on_same_gt,NMS7,10,10,124.0,605.0,30.0,90.0,1041,240,801,0.23054755043227665,0.96
nms,NMS,2660_0622346450_03_WRI-R1_M013.png,FP,0.07541805446279454,0.0,,no_gt_match_or_lower_confidence_on_same_gt,NMS7,5,5,150.0,354.0,8.0,90.0,1042,240,802,0.23032629558541268,0.96
nms,NMS,5456_0603428013_02_WRI-L2_M011.PNG,FP,0.0753712506012374,0.0,,no_gt_match_or_lower_confidence_on_same_gt,NMS5,10,10,333.0,340.0,91.0,90.0,1043,240,803,0.23010546500479387,0.96
nms,NMS,0611_0470785500_02_WRI-L2_F014.png,FP,0.07530239040110062,0.0,,no_gt_match_or_lower_confidence_on_same_gt,NMS8,6,"6,11",196.0,855.0,41.0,90.0,1044,240,804,0.22988505747126436,0.96
nms,NMS,5247_0627787842_05_WRI-L2_F008.png,FP,0.07519392867565035,0.019515065571514074,0,no_gt_match_or_lower_confidence_on_same_gt,NMS5,6,6,252.0,545.0,7.0,90.0,1045,240,805,0.22966507177033493,0.96
nms,NMS,6079_0512846944_01_WRI-R2_M011.png,FP,0.07515763135093473,0.0,,no_gt_match_or_lower_confidence_on_same_gt,NMS4,10,10,153.0,293.0,7.0,90.0,1046,240,806,0.2294455066921606,0.96
nms,NMS,1218_0392258361_05_WRI-R2_M014.png,FP,0.07514264591495055,0.026145667362930298,0,no_gt_match_or_lower_confidence_on_same_gt,NMS9,1,1,252.0,513.0,133.0,94.0,1047,240,807,0.22922636103151864,0.96
nms,NMS,5357_0717952874_05_WRI-R2_M013.PNG,FP,0.07513227388133968,0.1445735368370738,0,no_gt_match_or_lower_confidence_on_same_gt,NMS9,7,7,200.0,539.0,181.0,126.0,1048,240,808,0.22900763358778625,0.96
nms,NMS,0749_0874509442_05_WRI-L1_M005.png,FP,0.07512206584539885,0.0,,no_gt_match_or_lower_confidence_on_same_gt,NMS5,7,7,288.0,211.0,91.0,90.0,1049,240,809,0.22878932316491898,0.96
nms,NMS,0203_1114068044_01_WRI-L1_M011.png,FP,0.07510663938371148,0.0,,no_gt_match_or_lower_confidence_on_same_gt,NMS14,18,18,369.0,325.0,1.0,90.0,1050,240,810,0.22857142857142856,0.96
nms,NMS,1006_0840174727_01_WRI-L2_M006.png,FP,0.07489530966260516,0.0,,no_gt_match_or_lower_confidence_on_same_gt,NMS4,4,4,160.0,277.0,60.0,90.0,1051,240,811,0.22835394862036157,0.96
nms,NMS,0589_0821736373_04_WRI-L1_M017.PNG,FP,0.07478242955182236,0.0,,no_gt_match_or_lower_confidence_on_same_gt,NMS16,32,32,101.0,259.0,84.0,90.0,1052,240,812,0.22813688212927757,0.96
nms,NMS,1742_0657595114_01_WRI-R2_F009.png,FP,0.07476305445337081,0.0,,no_gt_match_or_lower_confidence_on_same_gt,NMS7,2,2,343.0,302.0,147.0,102.0,1053,240,813,0.22792022792022792,0.96
nms,NMS,5814_0407544765_01_WRI-L1_M016.PNG,FP,0.07465221965925736,0.0,,no_gt_match_or_lower_confidence_on_same_gt,NMS9,3,3,194.0,635.0,70.0,90.0,1054,240,814,0.22770398481973433,0.96
nms,NMS,5066_1055147597_05_WRI-L1_M011.png,FP,0.07463391741631291,0.0,,no_gt_match_or_lower_confidence_on_same_gt,NMS6,7,7,408.0,311.0,7.0,90.0,1055,240,815,0.22748815165876776,0.96
nms,NMS,0749_0874509515_05_WRI-L2_M005.png,FP,0.07462398703791545,0.0,,no_gt_match_or_lower_confidence_on_same_gt,NMS6,8,8,330.0,548.0,4.0,90.0,1056,240,816,0.22727272727272727,0.96
nms,NMS,4672_1042963085_08_WRI-L2_F010.png,FP,0.0745460937377676,0.0,,no_gt_match_or_lower_confidence_on_same_gt,NMS6,3,3,188.0,305.0,109.0,90.0,1057,240,817,0.22705771050141912,0.96
nms,NMS,5067_1201935013_05_WRI-L1_M014.png,FP,0.07451176987514962,0.0,,no_gt_match_or_lower_confidence_on_same_gt,NMS7,14,14,116.0,355.0,7.0,90.0,1058,240,818,0.22684310018903592,0.96
nms,NMS,1979_1021352022_02_WRI-R1_M007.PNG,FP,0.07434289284100035,0.0,,no_gt_match_or_lower_confidence_on_same_gt,NMS7,9,9,262.0,511.0,7.0,90.0,1059,240,819,0.22662889518413598,0.96
nms,NMS,1742_0657595114_01_WRI-R2_F009.png,FP,0.07422223485764476,0.0,,no_gt_match_or_lower_confidence_on_same_gt,NMS8,10,10,238.0,267.0,10.0,90.0,1060,240,820,0.22641509433962265,0.96
nms,NMS,5289_0680957054_03_WRI-L2_M009.PNG,FP,0.07408851085204933,0.0,,no_gt_match_or_lower_confidence_on_same_gt,NMS3,11,11,405.0,258.0,11.0,90.0,1061,240,821,0.22620169651272384,0.96
nms,NMS,0530_0793776717_02_WRI-L2_M012.png,FP,0.0740246668322862,0.0,,no_gt_match_or_lower_confidence_on_same_gt,NMS6,2,2,246.0,536.0,105.0,90.0,1062,240,822,0.22598870056497175,0.96
nms,NMS,5874_0879009645_04_WRI-L2_M013.png,FP,0.0740111274977008,0.21386189947395337,0,no_gt_match_or_lower_confidence_on_same_gt,NMS5,2,2,202.0,455.0,110.0,90.0,1063,240,823,0.2257761053621825,0.96
nms,NMS,5121_0676540097_02_WRI-R1_M011.PNG,FP,0.07382102290621223,0.0,,no_gt_match_or_lower_confidence_on_same_gt,NMS8,18,18,50.0,273.0,13.0,90.0,1064,240,824,0.22556390977443608,0.96
nms,NMS,0071_0678614107_01_WRI-R1_F009.png,FP,0.07381619130576789,0.0,,no_gt_match_or_lower_confidence_on_same_gt,NMS9,9,9,481.0,432.0,9.0,90.0,1065,240,825,0.22535211267605634,0.96
nms,NMS,1218_0392258361_05_WRI-R2_M014.png,FP,0.07373686271891645,0.0,,no_gt_match_or_lower_confidence_on_same_gt,NMS10,4,4,176.0,366.0,153.0,108.0,1066,240,826,0.225140712945591,0.96
nms,NMS,5533_1116362310_04_WRI-R2_F010.png,FP,0.07372488007351231,0.0,,no_gt_match_or_lower_confidence_on_same_gt,NMS6,7,7,493.0,267.0,7.0,90.0,1067,240,827,0.22492970946579194,0.96
nms,NMS,0628_0628606612_01_WRI-L2_F007.PNG,FP,0.07364694111949635,0.0,,no_gt_match_or_lower_confidence_on_same_gt,NMS5,3,3,280.0,538.0,3.0,90.0,1068,240,828,0.2247191011235955,0.96
nms,NMS,1143_0633014370_02_WRI-L1_M012.png,FP,0.07344450018586507,0.0020149721367866834,0,no_gt_match_or_lower_confidence_on_same_gt,NMS7,6,6,506.0,485.0,1.0,90.0,1069,240,829,0.2245088868101029,0.96
nms,NMS,5626_0900518003_02_WRI-R2_F006.PNG,FP,0.07320184315525673,0.0,,no_gt_match_or_lower_confidence_on_same_gt,NMS4,4,4,197.0,205.0,91.0,90.0,1070,240,830,0.22429906542056074,0.96
nms,NMS,5227_0411829511_01_WRI-L2_M011.png,FP,0.07319931354275115,0.0,,no_gt_match_or_lower_confidence_on_same_gt,NMS9,9,9,12.0,635.0,57.0,90.0,1071,240,831,0.22408963585434175,0.96
nms,NMS,0243_0176233486_01_WRI-L2_M012.png,FP,0.07319021557498173,0.0,,no_gt_match_or_lower_confidence_on_same_gt,NMS5,15,15,400.0,823.0,8.0,90.0,1072,240,832,0.22388059701492538,0.96
nms,NMS,0628_0628606612_01_WRI-L2_F007.PNG,FP,0.07312685499747013,0.0,,no_gt_match_or_lower_confidence_on_same_gt,NMS6,5,5,247.0,642.0,63.0,90.0,1073,240,833,0.22367194780987884,0.96
nms,NMS,0589_0821736373_04_WRI-L1_M017.PNG,FP,0.07299628153082453,0.0,,no_gt_match_or_lower_confidence_on_same_gt,NMS17,22,22,556.0,513.0,7.0,90.0,1074,240,834,0.22346368715083798,0.96
nms,NMS,5764_0922296377_02_WRI-L2_M008.png,FP,0.07296458628825311,0.0,,no_gt_match_or_lower_confidence_on_same_gt,NMS8,12,12,173.0,361.0,21.0,90.0,1075,240,835,0.22325581395348837,0.96
nms,NMS,5247_0625408586_02_WRI-L2_F008.png,FP,0.07290461852802707,0.0,,no_gt_match_or_lower_confidence_on_same_gt,NMS11,7,7,393.0,565.0,55.0,90.0,1076,240,836,0.22304832713754646,0.96
nms,NMS,2602_0745106729_06_WRI-L2_M014.png,FP,0.0727559640459659,0.0,,no_gt_match_or_lower_confidence_on_same_gt,NMS8,6,6,287.0,752.0,11.0,90.0,1077,240,837,0.22284122562674094,0.96
nms,NMS,4551_0708641747_01_WRI-L1_M008.png,FP,0.07264566855706384,0.0,,no_gt_match_or_lower_confidence_on_same_gt,NMS5,1,1,305.0,285.0,89.0,90.0,1078,240,838,0.22263450834879406,0.96
nms,NMS,5379_0388426289_02_WRI-L2_M009.png,FP,0.07229015225116797,0.0,,no_gt_match_or_lower_confidence_on_same_gt,NMS5,9,9,227.0,860.0,91.0,90.0,1079,240,839,0.22242817423540315,0.96
nms,NMS,4820_0744003709_04_WRI-L2_M014.PNG,FP,0.07228985414623304,0.0,,no_gt_match_or_lower_confidence_on_same_gt,NMS4,2,2,215.0,312.0,9.0,90.0,1080,240,840,0.2222222222222222,0.96
nms,NMS,4896_0657191053_02_WRI-L2_M009.png,FP,0.07226795821525903,0.0,,no_gt_match_or_lower_confidence_on_same_gt,NMS10,9,9,284.0,365.0,9.0,90.0,1081,240,841,0.22201665124884365,0.96
nms,NMS,4810_0683178845_02_WRI-L1_M011.PNG,FP,0.07215602535621136,0.0,,no_gt_match_or_lower_confidence_on_same_gt,NMS10,13,13,462.0,648.0,7.0,90.0,1082,240,842,0.22181146025878004,0.96
nms,NMS,4857_1142512186_03_WRI-L2_M014.PNG,FP,0.07203428532361066,0.0,,no_gt_match_or_lower_confidence_on_same_gt,NMS4,5,5,237.0,217.0,91.0,90.0,1083,240,843,0.22160664819944598,0.96
nms,NMS,5466_1178121802_02_WRI-L2_M013.png,FP,0.07185727131910526,0.0,,no_gt_match_or_lower_confidence_on_same_gt,NMS6,9,9,417.0,325.0,7.0,90.0,1084,240,844,0.22140221402214022,0.96
nms,NMS,4847_0436558708_02_WRI-L2_M014.png,FP,0.07180978714484648,0.0,,no_gt_match_or_lower_confidence_on_same_gt,NMS4,1,"1,10",74.0,345.0,53.0,90.0,1085,240,845,0.22119815668202766,0.96
nms,NMS,0818_0571314957_03_WRI-L1_M013.png,FP,0.0717652412708411,0.0,,no_gt_match_or_lower_confidence_on_same_gt,NMS5,12,12,507.0,307.0,8.0,90.0,1086,240,846,0.22099447513812154,0.96
nms,NMS,1493_0516110451_02_WRI-L1_F012.PNG,FP,0.07173241689693434,0.0,,no_gt_match_or_lower_confidence_on_same_gt,NMS11,21,21,132.0,759.0,73.0,90.0,1087,240,847,0.22079116835326587,0.96
nms,NMS,0407_1248541446_05_WRI-R2_F008.PNG,FP,0.07169128354882871,0.0,,no_gt_match_or_lower_confidence_on_same_gt,NMS7,10,10,236.0,626.0,11.0,90.0,1088,240,848,0.22058823529411764,0.96
nms,NMS,5048_0684397154_02_WRI-L2_F014.PNG,FP,0.07163716952231937,0.0,,no_gt_match_or_lower_confidence_on_same_gt,NMS13,4,4,306.0,682.0,137.0,96.0,1089,240,849,0.22038567493112948,0.96
nms,NMS,5121_0676540097_02_WRI-R1_M011.PNG,FP,0.07139164277572606,0.0,,no_gt_match_or_lower_confidence_on_same_gt,NMS9,10,10,90.0,677.0,181.0,126.0,1090,240,850,0.22018348623853212,0.96
nms,NMS,5168_0338948778_01_WRI-R2_M007.PNG,FP,0.07129187803428087,0.0,,no_gt_match_or_lower_confidence_on_same_gt,NMS4,5,5,176.0,303.0,91.0,90.0,1091,240,851,0.21998166819431714,0.96
nms,NMS,5121_0676540097_02_WRI-R1_M011.PNG,FP,0.07090379287524186,0.0,,no_gt_match_or_lower_confidence_on_same_gt,NMS10,17,17,117.0,227.0,91.0,90.0,1092,240,852,0.21978021978021978,0.96
nms,NMS,5247_0628996773_06_WRI-L2_F009.png,FP,0.070821911674336,0.0,,no_gt_match_or_lower_confidence_on_same_gt,NMS3,4,4,339.0,560.0,11.0,90.0,1093,240,853,0.21957913998170173,0.96
nms,NMS,0126_0816183836_01_WRI-L2_F008.png,FP,0.07078714908149915,0.0,,no_gt_match_or_lower_confidence_on_same_gt,NMS4,5,5,223.0,230.0,91.0,90.0,1094,240,854,0.21937842778793418,0.96
nms,NMS,0482_0829961405_03_WRI-R2_M012.png,FP,0.07070923591092287,0.0,,no_gt_match_or_lower_confidence_on_same_gt,NMS6,8,8,137.0,256.0,3.0,90.0,1095,240,855,0.2191780821917808,0.96
nms,NMS,0066_1263156785_04_WRI-L1_M011.png,FP,0.07066143218972357,0.0,,no_gt_match_or_lower_confidence_on_same_gt,NMS5,14,14,251.0,333.0,15.0,90.0,1096,240,856,0.21897810218978103,0.96
nms,NMS,0862_0731070423_02_WRI-R1_F007.PNG,FP,0.07059052129637157,0.0,,no_gt_match_or_lower_confidence_on_same_gt,NMS9,7,7,413.0,506.0,62.0,90.0,1097,240,857,0.2187784867821331,0.96
nms,NMS,5533_1116362310_04_WRI-R2_F010.png,FP,0.07053895887621368,0.0,,no_gt_match_or_lower_confidence_on_same_gt,NMS7,3,3,497.0,305.0,53.0,90.0,1098,240,858,0.2185792349726776,0.96
nms,NMS,0869_0615436364_02_WRI-R2_M016.PNG,FP,0.07048964770255227,0.0,,no_gt_match_or_lower_confidence_on_same_gt,NMS5,3,3,306.0,273.0,162.0,114.0,1099,240,859,0.2183803457688808,0.96
nms,NMS,5314_0269274371_04_WRI-R2_F010.PNG,FP,0.0704323200464656,0.0,,no_gt_match_or_lower_confidence_on_same_gt,NMS10,13,13,216.0,656.0,7.0,90.0,1100,240,860,0.21818181818181817,0.96
nms,NMS,1218_0392258361_05_WRI-R2_M014.png,FP,0.07041367880776042,0.0,,no_gt_match_or_lower_confidence_on_same_gt,NMS11,11,11,415.0,349.0,13.0,90.0,1101,240,861,0.21798365122615804,0.96
nms,NMS,0490_0671128517_01_WRI-R1_F012.PNG,FP,0.07037532456179085,0.0,,no_gt_match_or_lower_confidence_on_same_gt,NMS9,13,13,380.0,877.0,12.0,90.0,1102,240,862,0.2177858439201452,0.96
nms,NMS,5643_0898771639_01_WRI-R1_M016.PNG,FP,0.07029844164521765,0.0,,no_gt_match_or_lower_confidence_on_same_gt,NMS6,6,6,266.0,361.0,7.0,90.0,1103,240,863,0.21758839528558477,0.96
nms,NMS,1743_0153724007_04_WRI-L2_M008.png,FP,0.07024211677665003,0.0,,no_gt_match_or_lower_confidence_on_same_gt,NMS6,7,7,232.0,224.0,91.0,90.0,1104,240,864,0.21739130434782608,0.96
nms,NMS,5247_0628996773_06_WRI-L2_F009.png,FP,0.07020480579391132,0.0,,no_gt_match_or_lower_confidence_on_same_gt,NMS4,7,7,295.0,255.0,91.0,90.0,1105,240,865,0.2171945701357466,0.96
nms,NMS,5489_0628153015_04_WRI-R2_M006.png,FP,0.07005628953447066,0.0,,no_gt_match_or_lower_confidence_on_same_gt,NMS4,2,2,173.0,545.0,65.0,90.0,1106,240,866,0.21699819168173598,0.96
nms,NMS,5247_0625408586_02_WRI-L2_F008.png,FP,0.07004518541468073,0.0,,no_gt_match_or_lower_confidence_on_same_gt,NMS12,12,12,322.0,980.0,10.0,90.0,1107,240,867,0.21680216802168023,0.96
nms,NMS,1006_0840174727_01_WRI-L2_M006.png,FP,0.06990243020548163,0.0,,no_gt_match_or_lower_confidence_on_same_gt,NMS5,6,6,311.0,198.0,3.0,90.0,1108,240,868,0.21660649819494585,0.96
nms,NMS,1036_0797762719_02_WRI-L2_M013.png,FP,0.06980879167903264,0.0,,no_gt_match_or_lower_confidence_on_same_gt,NMS9,7,7,200.0,424.0,19.0,90.0,1109,240,869,0.2164111812443643,0.96
nms,NMS,0243_0176233486_01_WRI-L2_M012.png,FP,0.06958166575322194,0.0,,no_gt_match_or_lower_confidence_on_same_gt,NMS6,12,12,197.0,936.0,13.0,90.0,1110,240,870,0.21621621621621623,0.96
nms,NMS,0862_0731070423_02_WRI-R1_F007.PNG,FP,0.06950483192601883,0.0,,no_gt_match_or_lower_confidence_on_same_gt,NMS10,14,14,319.0,633.0,9.0,90.0,1111,240,871,0.21602160216021601,0.96
nms,NMS,0203_1114068044_01_WRI-L1_M011.png,FP,0.06936006724158948,0.0,,no_gt_match_or_lower_confidence_on_same_gt,NMS15,20,20,151.0,901.0,12.0,90.0,1112,240,872,0.2158273381294964,0.96
nms,NMS,1429_0951458673_04_WRI-L1_M007.PNG,FP,0.06907020185394555,0.0,,no_gt_match_or_lower_confidence_on_same_gt,NMS3,5,5,99.0,397.0,4.0,90.0,1113,240,873,0.215633423180593,0.96
nms,NMS,1979_1021352022_02_WRI-R1_M007.PNG,FP,0.06904436113692655,0.0,,no_gt_match_or_lower_confidence_on_same_gt,NMS8,6,6,135.0,727.0,21.0,90.0,1114,240,874,0.21543985637342908,0.96
nms,NMS,5048_0684397154_02_WRI-L2_F014.PNG,FP,0.0686461567527227,0.16979594693897,0,no_gt_match_or_lower_confidence_on_same_gt,NMS14,3,3,289.0,483.0,164.0,114.0,1115,240,875,0.21524663677130046,0.96
nms,NMS,4551_0708641747_01_WRI-L1_M008.png,FP,0.06862491999422367,0.0,,no_gt_match_or_lower_confidence_on_same_gt,NMS6,8,8,273.0,327.0,91.0,90.0,1116,240,876,0.21505376344086022,0.96
nms,NMS,0798_1177663651_03_WRI-R2_M010.png,FP,0.06838733079218727,0.0,,no_gt_match_or_lower_confidence_on_same_gt,NMS7,6,6,145.0,824.0,7.0,90.0,1117,240,877,0.21486123545210384,0.96
nms,NMS,5337_0874269007_02_WRI-R2_F012.PNG,FP,0.068379777616272,0.0,,no_gt_match_or_lower_confidence_on_same_gt,NMS6,7,7,369.0,862.0,14.0,90.0,1118,240,878,0.2146690518783542,0.96
nms,NMS,5355_0294185816_01_WRI-L2_M009.png,FP,0.06825032615354391,0.0,,no_gt_match_or_lower_confidence_on_same_gt,NMS6,1,1,163.0,570.0,141.0,98.0,1119,240,879,0.21447721179624665,0.96
nms,NMS,4613_1297459976_01_WRI-L2_F011.PNG,FP,0.06817955279907381,0.0,,no_gt_match_or_lower_confidence_on_same_gt,NMS3,9,9,139.0,238.0,91.0,90.0,1120,240,880,0.21428571428571427,0.96
nms,NMS,5733_0388429441_01_WRI-L2_M015.png,FP,0.06795911138357001,0.0,,no_gt_match_or_lower_confidence_on_same_gt,NMS6,8,8,519.0,764.0,9.0,90.0,1121,240,881,0.21409455842997324,0.96
nms,NMS,1493_0516110451_02_WRI-L1_F012.PNG,FP,0.06794995717009547,0.0,,no_gt_match_or_lower_confidence_on_same_gt,NMS12,10,10,370.0,914.0,131.0,92.0,1122,240,882,0.21390374331550802,0.96
nms,NMS,0589_0821736373_04_WRI-L1_M017.PNG,FP,0.06790137988129087,0.0,,no_gt_match_or_lower_confidence_on_same_gt,NMS18,3,3,587.0,624.0,48.0,90.0,1123,240,883,0.21371326803205698,0.96
nms,NMS,0074_0778270509_01_WRI-L2_F010.PNG,FP,0.067826393320041,0.0,,no_gt_match_or_lower_confidence_on_same_gt,NMS4,3,3,122.0,595.0,120.0,90.0,1124,240,884,0.21352313167259787,0.96
nms,NMS,5643_0898771639_01_WRI-R1_M016.PNG,FP,0.06781717164693965,0.0,,no_gt_match_or_lower_confidence_on_same_gt,NMS7,10,10,382.0,311.0,91.0,90.0,1125,240,885,0.21333333333333335,0.96
nms,NMS,0749_0874509515_05_WRI-L2_M005.png,FP,0.06780061694669802,0.0,,no_gt_match_or_lower_confidence_on_same_gt,NMS7,10,10,249.0,256.0,91.0,90.0,1126,240,886,0.21314387211367672,0.96
nms,NMS,4726_0968399137_05_WRI-R1_F009.png,FP,0.06764331114480797,0.0,,no_gt_match_or_lower_confidence_on_same_gt,NMS6,4,4,146.0,256.0,19.0,90.0,1127,240,887,0.2129547471162378,0.96
nms,NMS,1979_1021352022_02_WRI-R1_M007.PNG,FP,0.0674289537297244,0.02758624367819939,0,no_gt_match_or_lower_confidence_on_same_gt,NMS9,10,10,393.0,365.0,4.0,90.0,1128,240,888,0.2127659574468085,0.96
nms,NMS,0313_0949893580_07_WRI-R2_F015.png,FP,0.06729557015327521,0.0,,no_gt_match_or_lower_confidence_on_same_gt,NMS4,1,1,312.0,374.0,131.0,92.0,1129,240,889,0.21257750221434898,0.96
nms,NMS,4587_0374311805_01_WRI-L2_M010.png,FP,0.06724822828423112,0.0,,no_gt_match_or_lower_confidence_on_same_gt,NMS4,5,5,324.0,633.0,7.0,90.0,1130,240,890,0.21238938053097345,0.96
nms,NMS,5843_0796713227_01_WRI-L2_F012.png,FP,0.06724498270270561,0.0,,no_gt_match_or_lower_confidence_on_same_gt,NMS5,6,6,346.0,353.0,13.0,90.0,1131,240,891,0.21220159151193635,0.96
nms,NMS,1020_0255757840_02_WRI-R2_F010.png,FP,0.06721440071817576,0.0,,no_gt_match_or_lower_confidence_on_same_gt,NMS12,13,13,103.0,285.0,16.0,90.0,1132,240,892,0.21201413427561838,0.96
nms,NMS,5533_1116362310_04_WRI-R2_F010.png,FP,0.06701287872331861,0.0,,no_gt_match_or_lower_confidence_on_same_gt,NMS8,12,12,186.0,770.0,91.0,90.0,1133,240,893,0.2118270079435128,0.96
nms,NMS,4551_0708641747_01_WRI-L1_M008.png,FP,0.06696188308970456,0.0,,no_gt_match_or_lower_confidence_on_same_gt,NMS7,6,6,200.0,430.0,3.0,90.0,1134,240,894,0.21164021164021163,0.96
nms,NMS,0473_1196675800_01_WRI-R1_M013.PNG,FP,0.06680959328035703,0.0,,no_gt_match_or_lower_confidence_on_same_gt,NMS6,9,9,365.0,673.0,7.0,90.0,1135,240,895,0.21145374449339208,0.96
nms,NMS,0422_1296201520_04_WRI-L1_M010.PNG,FP,0.06678155436057004,0.0,,no_gt_match_or_lower_confidence_on_same_gt,NMS10,10,10,348.0,821.0,7.0,90.0,1136,240,896,0.2112676056338028,0.96
nms,NMS,0749_0874509442_05_WRI-L1_M005.png,FP,0.0666414606410562,0.18383511367798966,0,no_gt_match_or_lower_confidence_on_same_gt,NMS6,4,4,137.0,311.0,168.0,118.0,1137,240,897,0.21108179419525067,0.96
nms,NMS,4526_0791926653_02_WRI-L1_F012.PNG,FP,0.06655083272092778,0.0,,no_gt_match_or_lower_confidence_on_same_gt,NMS11,17,17,137.0,753.0,10.0,90.0,1138,240,898,0.210896309314587,0.96
nms,NMS,0530_0793776717_02_WRI-L2_M012.png,FP,0.06647895047414461,0.1525411587596258,0,no_gt_match_or_lower_confidence_on_same_gt,NMS7,5,5,229.0,345.0,131.0,92.0,1139,240,899,0.21071115013169447,0.96
nms,NMS,4605_0740967567_01_WRI-L2_F011.PNG,FP,0.06640699001179712,0.0,,no_gt_match_or_lower_confidence_on_same_gt,NMS5,2,2,163.0,465.0,76.0,90.0,1140,240,900,0.21052631578947367,0.96
nms,NMS,4810_0683178845_02_WRI-L1_M011.PNG,FP,0.06631538884184923,0.0,,no_gt_match_or_lower_confidence_on_same_gt,NMS11,20,20,356.0,341.0,91.0,90.0,1141,240,901,0.21034180543382996,0.96
nms,NMS,5980_0995828173_01_WRI-L1_M011.png,FP,0.06608053118773716,0.0,,no_gt_match_or_lower_confidence_on_same_gt,NMS8,7,7,155.0,336.0,15.0,90.0,1142,240,902,0.21015761821366025,0.96
nms,NMS,2602_0745106729_06_WRI-L2_M014.png,FP,0.06605686253076584,0.0,,no_gt_match_or_lower_confidence_on_same_gt,NMS9,8,8,142.0,774.0,9.0,90.0,1143,240,903,0.2099737532808399,0.96
nms,NMS,0699_0308341460_03_WRI-L2_M013.PNG,FP,0.0659928815072028,0.0,,no_gt_match_or_lower_confidence_on_same_gt,NMS3,8,8,153.0,357.0,91.0,90.0,1144,240,904,0.2097902097902098,0.96
nms,NMS,0133_0281744417_01_WRI-R2_M014.png,FP,0.0657039661118603,0.0,,no_gt_match_or_lower_confidence_on_same_gt,NMS6,10,10,257.0,378.0,8.0,90.0,1145,240,905,0.2096069868995633,0.96
nms,NMS,0546_0415831661_01_WRI-L2_F011.PNG,FP,0.06550257961882244,0.0,,no_gt_match_or_lower_confidence_on_same_gt,NMS7,4,4,311.0,301.0,13.0,90.0,1146,240,906,0.2094240837696335,0.96
nms,NMS,0418_0986372204_04_WRI-L2_M008.png,FP,0.06530542613131639,0.18882581477481394,0,no_gt_match_or_lower_confidence_on_same_gt,NMS4,2,2,203.0,295.0,102.0,90.0,1147,240,907,0.2092414995640802,0.96
nms,NMS,0869_0615436364_02_WRI-R2_M016.PNG,FP,0.06524800014165615,0.0,,no_gt_match_or_lower_confidence_on_same_gt,NMS6,11,11,207.0,676.0,5.0,90.0,1148,240,908,0.20905923344947736,0.96
nms,NMS,5247_0628996773_06_WRI-L2_F009.png,FP,0.06522056981012293,0.0,,no_gt_match_or_lower_confidence_on_same_gt,NMS5,3,3,377.0,357.0,1.0,90.0,1149,240,909,0.20887728459530025,0.96
nms,NMS,1024_1259124783_04_WRI-L1_F011.PNG,FP,0.06492773915998833,0.015107741882238235,0,no_gt_match_or_lower_confidence_on_same_gt,NMS5,5,5,409.0,531.0,33.0,90.0,1150,240,910,0.20869565217391303,0.96
nms,NMS,5227_0411829511_01_WRI-L2_M011.png,FP,0.06468795553699998,0.0,,no_gt_match_or_lower_confidence_on_same_gt,NMS10,13,13,90.0,319.0,13.0,90.0,1151,240,911,0.20851433536055602,0.96
nms,NMS,1493_0516110451_02_WRI-L1_F012.PNG,FP,0.06467094690198064,0.0,,no_gt_match_or_lower_confidence_on_same_gt,NMS13,7,7,231.0,764.0,130.0,92.0,1152,240,912,0.20833333333333334,0.96
nms,NMS,1429_0951458673_04_WRI-L1_M007.PNG,FP,0.06444460617950436,0.0,,no_gt_match_or_lower_confidence_on_same_gt,NMS4,3,3,174.0,597.0,54.0,90.0,1153,240,913,0.20815264527320035,0.96
nms,NMS,0003_0663715782_02_WRI-R2_M011.png,FP,0.06442561448994577,0.0,,no_gt_match_or_lower_confidence_on_same_gt,NMS8,9,9,178.0,446.0,74.0,90.0,1154,240,914,0.20797227036395147,0.96
nms,NMS,1215_1223424080_01_WRI-L2_F004.PNG,FP,0.0643477263213233,0.0,,no_gt_match_or_lower_confidence_on_same_gt,NMS5,7,7,58.0,367.0,7.0,90.0,1155,240,915,0.2077922077922078,0.96
nms,NMS,4542_0289418685_06_WRI-R2_M012.PNG,FP,0.06431682697643967,0.0,,no_gt_match_or_lower_confidence_on_same_gt,NMS5,6,6,247.0,399.0,21.0,90.0,1156,240,916,0.20761245674740483,0.96
nms,NMS,0203_1114068044_01_WRI-L1_M011.png,FP,0.0643072999483967,0.0,,no_gt_match_or_lower_confidence_on_same_gt,NMS16,19,19,199.0,391.0,19.0,90.0,1157,240,917,0.20743301642178047,0.96
nms,NMS,5814_0407544765_01_WRI-L1_M016.PNG,FP,0.064260479792811,0.021331724742978127,1,no_gt_match_or_lower_confidence_on_same_gt,NMS10,10,10,298.0,436.0,7.0,90.0,1158,240,918,0.20725388601036268,0.96
nms,NMS,5247_0625408586_02_WRI-L2_F008.png,FP,0.06400758433354302,0.0,,no_gt_match_or_lower_confidence_on_same_gt,NMS13,15,15,142.0,1079.0,22.0,90.0,1159,240,919,0.2070750647109577,0.96
nms,NMS,2660_0622346450_03_WRI-R1_M013.png,FP,0.06395148102912204,0.0,,no_gt_match_or_lower_confidence_on_same_gt,NMS8,9,9,494.0,664.0,11.0,90.0,1160,240,920,0.20689655172413793,0.96
nms,NMS,0749_0874509442_05_WRI-L1_M005.png,FP,0.06389905694048029,0.0,,no_gt_match_or_lower_confidence_on_same_gt,NMS7,5,5,265.0,113.0,93.0,90.0,1161,240,921,0.20671834625322996,0.96
nms,NMS,5121_0676540097_02_WRI-R1_M011.PNG,FP,0.06384600916514503,0.0,,no_gt_match_or_lower_confidence_on_same_gt,NMS11,19,19,329.0,254.0,7.0,90.0,1162,240,922,0.20654044750430292,0.96
nms,NMS,0005_0073601967_01_WRI-R2_F014.png,FP,0.06384414310890843,0.0,,no_gt_match_or_lower_confidence_on_same_gt,NMS3,3,3,333.0,885.0,84.0,90.0,1163,240,923,0.2063628546861565,0.96
nms,NMS,0844_1081550705_01_WRI-R2_F011.PNG,FP,0.06376300177557086,0.0,,no_gt_match_or_lower_confidence_on_same_gt,NMS4,5,5,184.0,268.0,7.0,90.0,1164,240,924,0.20618556701030927,0.96
nms,NMS,1009_1049120355_10_WRI-R2_M013.png,FP,0.06365364490686551,0.0,,no_gt_match_or_lower_confidence_on_same_gt,NMS5,4,4,271.0,704.0,120.0,90.0,1165,240,925,0.20600858369098712,0.96
nms,NMS,5357_0717952874_05_WRI-R2_M013.PNG,FP,0.06360890634963147,0.0030012997902247552,0,no_gt_match_or_lower_confidence_on_same_gt,NMS10,22,22,409.0,569.0,91.0,90.0,1166,240,926,0.2058319039451115,0.96
nms,NMS,0240_0448883998_01_WRI-R2_F012.PNG,FP,0.06360203709762302,0.0,,no_gt_match_or_lower_confidence_on_same_gt,NMS4,5,5,341.0,601.0,9.0,90.0,1167,240,927,0.20565552699228792,0.96
nms,NMS,5476_0960726583_01_WRI-R1_M009.png,FP,0.06354832495841602,0.0,,no_gt_match_or_lower_confidence_on_same_gt,NMS4,10,10,150.0,352.0,91.0,90.0,1168,240,928,0.2054794520547945,0.96
nms,NMS,0243_0176233486_01_WRI-L2_M012.png,FP,0.06351755366930056,0.0,,no_gt_match_or_lower_confidence_on_same_gt,NMS7,13,13,425.0,923.0,8.0,90.0,1169,240,929,0.20530367835757057,0.96
nms,NMS,0424_1003218030_03_WRI-R2_M011.PNG,FP,0.0634582206146406,0.0,,no_gt_match_or_lower_confidence_on_same_gt,NMS4,8,8,263.0,276.0,91.0,90.0,1170,240,930,0.20512820512820512,0.96
nms,NMS,1215_1223424080_01_WRI-L2_F004.PNG,FP,0.06343756939956931,0.0,,no_gt_match_or_lower_confidence_on_same_gt,NMS6,8,8,351.0,251.0,9.0,90.0,1171,240,931,0.2049530315969257,0.96
nms,NMS,5980_0997631883_02_WRI-L1_M011.PNG,FP,0.06338838166616585,0.0,,no_gt_match_or_lower_confidence_on_same_gt,NMS5,7,7,9.0,515.0,13.0,90.0,1172,240,932,0.20477815699658702,0.96
nms,NMS,0892_1273117426_01_WRI-R2_F010.png,FP,0.06320674134798615,0.01603441353807502,0,no_gt_match_or_lower_confidence_on_same_gt,NMS4,4,4,307.0,498.0,11.0,90.0,1173,240,933,0.20460358056265984,0.96
nms,NMS,5733_0388429441_01_WRI-L2_M015.png,FP,0.0631356668310236,0.0,,no_gt_match_or_lower_confidence_on_same_gt,NMS7,9,9,507.0,507.0,9.0,90.0,1174,240,934,0.20442930153321975,0.96
nms,NMS,4810_0683178845_02_WRI-L1_M011.PNG,FP,0.0630398983446124,0.0,,no_gt_match_or_lower_confidence_on_same_gt,NMS12,8,8,233.0,695.0,12.0,90.0,1175,240,935,0.20425531914893616,0.96
nms,NMS,0589_0821736373_04_WRI-L1_M017.PNG,FP,0.06287079137019516,0.0,,no_gt_match_or_lower_confidence_on_same_gt,NMS19,5,5,546.0,314.0,50.0,90.0,1176,240,936,0.20408163265306123,0.96
nms,NMS,5376_1092312623_01_WRI-L1_M008.PNG,FP,0.06275075558992174,0.0,,no_gt_match_or_lower_confidence_on_same_gt,NMS3,4,4,272.0,269.0,66.0,90.0,1177,240,937,0.20390824129141885,0.96
nms,NMS,5271_0280502789_01_WRI-L2_F004.PNG,FP,0.06273672386660814,0.1900054502547443,0,no_gt_match_or_lower_confidence_on_same_gt,NMS4,6,6,160.0,239.0,91.0,90.0,1178,240,938,0.2037351443123939,0.96
nms,NMS,4820_0744003709_04_WRI-L2_M014.PNG,FP,0.06267106411931908,0.0,,no_gt_match_or_lower_confidence_on_same_gt,NMS5,4,4,270.0,225.0,10.0,90.0,1179,240,939,0.2035623409669211,0.96
nms,NMS,0321_1214605337_02_WRI-L2_M012.PNG,FP,0.0626575873257197,0.0,,no_gt_match_or_lower_confidence_on_same_gt,NMS8,5,5,76.0,315.0,16.0,90.0,1180,240,940,0.2033898305084746,0.96
nms,NMS,0201_0583807806_04_WRI-L2_M011.png,FP,0.06257499965248721,0.010795058959113849,0,no_gt_match_or_lower_confidence_on_same_gt,NMS5,8,8,253.0,385.0,5.0,90.0,1181,240,941,0.20321761219305673,0.96
nms,NMS,5048_0684397154_02_WRI-L2_F014.PNG,FP,0.06252747569977292,0.18260347304361202,0,no_gt_match_or_lower_confidence_on_same_gt,NMS15,14,14,285.0,368.0,91.0,90.0,1182,240,942,0.20304568527918782,0.96
nms,NMS,5934_1088190587_01_WRI-R2_F006.png,FP,0.062405815560186206,0.0,,no_gt_match_or_lower_confidence_on_same_gt,NMS7,12,12,158.0,286.0,31.0,90.0,1183,240,943,0.2028740490278952,0.96
nms,NMS,1284_0365288370_04_WRI-L2_M010.png,FP,0.06231414809395891,0.0,,no_gt_match_or_lower_confidence_on_same_gt,NMS9,10,10,524.0,550.0,37.0,90.0,1184,240,944,0.20270270270270271,0.96
nms,NMS,0066_1263156785_04_WRI-L1_M011.png,FP,0.06224348762936471,0.0,,no_gt_match_or_lower_confidence_on_same_gt,NMS6,3,3,259.0,698.0,178.0,124.0,1185,240,945,0.20253164556962025,0.96
nms,NMS,0457_1033174859_01_WRI-R2_F008.png,FP,0.062240335194670426,0.0,,no_gt_match_or_lower_confidence_on_same_gt,NMS5,4,4,186.0,270.0,91.0,90.0,1186,240,946,0.20236087689713322,0.96
nms,NMS,5238_0561586292_02_WRI-L2_F006.PNG,FP,0.06221260535202285,0.0,,no_gt_match_or_lower_confidence_on_same_gt,NMS5,5,5,308.0,253.0,8.0,90.0,1187,240,947,0.2021903959561921,0.96
nms,NMS,0844_1081550705_01_WRI-R2_F011.PNG,FP,0.06213357869799513,0.11626708045913714,0,no_gt_match_or_lower_confidence_on_same_gt,NMS5,3,3,198.0,515.0,110.0,90.0,1188,240,948,0.20202020202020202,0.96
nms,NMS,0862_0731070423_02_WRI-R1_F007.PNG,FP,0.0621215285268591,0.0,,no_gt_match_or_lower_confidence_on_same_gt,NMS11,11,11,379.0,510.0,14.0,90.0,1189,240,949,0.20185029436501262,0.96
nms,NMS,4820_0744003709_04_WRI-L2_M014.PNG,FP,0.062072547321643454,0.0,,no_gt_match_or_lower_confidence_on_same_gt,NMS6,5,5,118.0,398.0,56.0,90.0,1190,240,950,0.20168067226890757,0.96
nms,NMS,5980_0997631883_02_WRI-L1_M011.PNG,FP,0.061993179537157196,0.0,,no_gt_match_or_lower_confidence_on_same_gt,NMS6,10,10,141.0,545.0,60.0,90.0,1191,240,951,0.20151133501259447,0.96
nms,NMS,0313_0949893580_07_WRI-R2_F015.png,FP,0.061955938145907455,0.0,,no_gt_match_or_lower_confidence_on_same_gt,NMS5,5,5,264.0,835.0,115.0,90.0,1192,240,952,0.20134228187919462,0.96
nms,NMS,4928_0630318905_01_WRI-L2_M009.PNG,FP,0.06185083153228145,0.0,,no_gt_match_or_lower_confidence_on_same_gt,NMS10,12,12,210.0,440.0,91.0,90.0,1193,240,953,0.20117351215423301,0.96
nms,NMS,2419_1009570056_06_WRI-L2_F006.png,FP,0.06181314375152732,0.0,,no_gt_match_or_lower_confidence_on_same_gt,NMS3,5,5,178.0,157.0,66.0,90.0,1194,240,954,0.20100502512562815,0.96
nms,NMS,5066_1055147597_05_WRI-L1_M011.png,FP,0.061735409858740445,0.0,,no_gt_match_or_lower_confidence_on_same_gt,NMS7,5,5,120.0,735.0,101.0,90.0,1195,240,955,0.200836820083682,0.96
nms,NMS,1493_0516110451_02_WRI-L1_F012.PNG,FP,0.061683166132551,0.0,,no_gt_match_or_lower_confidence_on_same_gt,NMS14,19,19,614.0,938.0,10.0,90.0,1196,240,956,0.20066889632107024,0.96
nms,NMS,1218_0392258361_05_WRI-R2_M014.png,FP,0.06150707970516132,0.0,,no_gt_match_or_lower_confidence_on_same_gt,NMS12,10,10,134.0,355.0,105.0,90.0,1197,240,957,0.20050125313283207,0.96
nms,NMS,1218_0392258361_05_WRI-R2_M014.png,FP,0.061476818221470615,0.004145814135685096,0,no_gt_match_or_lower_confidence_on_same_gt,NMS13,12,12,225.0,518.0,14.0,90.0,1198,240,958,0.2003338898163606,0.96
nms,NMS,4551_0708641747_01_WRI-L1_M008.png,FP,0.06143326547018011,0.0,,no_gt_match_or_lower_confidence_on_same_gt,NMS8,7,7,358.0,262.0,37.0,90.0,1199,240,959,0.20016680567139283,0.96
nms,NMS,5983_1184814878_01_WRI-L1_M011.png,FP,0.06142367405455883,0.0,,no_gt_match_or_lower_confidence_on_same_gt,NMS6,18,18,317.0,252.0,91.0,90.0,1200,240,960,0.2,0.96
nms,NMS,0869_0615436364_02_WRI-R2_M016.PNG,FP,0.061369278418929724,0.0,,no_gt_match_or_lower_confidence_on_same_gt,NMS7,8,8,258.0,551.0,139.0,98.0,1201,240,961,0.19983347210657784,0.96
nms,NMS,2176_1073963460_04_WRI-L2_M009.png,FP,0.061352955667360015,0.10417926053503011,0,no_gt_match_or_lower_confidence_on_same_gt,NMS4,1,1,197.0,524.0,99.0,90.0,1202,240,962,0.19966722129783693,0.96
nms,NMS,0749_0874509515_05_WRI-L2_M005.png,FP,0.06131852723811058,0.0,,no_gt_match_or_lower_confidence_on_same_gt,NMS8,7,7,463.0,197.0,7.0,90.0,1203,240,963,0.19950124688279303,0.96
nms,NMS,1171_0294174076_01_WRI-R2_M013.PNG,FP,0.06125737884348983,0.0,,no_gt_match_or_lower_confidence_on_same_gt,NMS4,3,3,233.0,605.0,71.0,90.0,1204,240,964,0.19933554817275748,0.96
nms,NMS,5613_0925004359_01_WRI-R2_F012.PNG,FP,0.06124901014431042,0.0,,no_gt_match_or_lower_confidence_on_same_gt,NMS5,7,"7,2",197.0,358.0,35.0,90.0,1205,240,965,0.1991701244813278,0.96
nms,NMS,5614_0382067224_01_WRI-L2_F010.png,FP,0.06116329533222558,0.0,,no_gt_match_or_lower_confidence_on_same_gt,NMS7,4,4,268.0,728.0,132.0,92.0,1206,240,966,0.19900497512437812,0.96
nms,NMS,1707_0497635109_01_WRI-R3_M008.PNG,FP,0.06115617519597331,0.0,,no_gt_match_or_lower_confidence_on_same_gt,NMS3,5,5,215.0,681.0,12.0,90.0,1207,240,967,0.1988400994200497,0.96
nms,NMS,5931_0732587357_02_WRI-R2_M014.PNG,FP,0.06111473082451577,0.0,,no_gt_match_or_lower_confidence_on_same_gt,NMS8,7,7,259.0,879.0,173.0,122.0,1208,240,968,0.1986754966887417,0.96
nms,NMS,0581_0562535807_01_WRI-L2_F005.PNG,FP,0.06107751834939469,0.0,,no_gt_match_or_lower_confidence_on_same_gt,NMS3,4,4,286.0,374.0,13.0,90.0,1209,240,969,0.19851116625310175,0.96
nms,NMS,5247_0627787842_05_WRI-L2_F008.png,FP,0.06107651842605925,0.0,,no_gt_match_or_lower_confidence_on_same_gt,NMS6,8,8,212.0,761.0,10.0,90.0,1210,240,970,0.19834710743801653,0.96
nms,NMS,0598_0792844418_02_WRI-L2_F008.png,FP,0.06105403824227303,0.0,,no_gt_match_or_lower_confidence_on_same_gt,NMS5,7,7,75.0,324.0,55.0,90.0,1211,240,971,0.1981833195706028,0.96
nms,NMS,5980_0997631883_02_WRI-L1_M011.PNG,FP,0.06104197686604286,0.0,,no_gt_match_or_lower_confidence_on_same_gt,NMS7,1,1,57.0,575.0,59.0,90.0,1212,240,972,0.19801980198019803,0.96
nms,NMS,0979_0438007900_01_WRI-L2_M013.PNG,FP,0.06095609291140209,0.0,,no_gt_match_or_lower_confidence_on_same_gt,NMS5,4,4,247.0,716.0,11.0,90.0,1213,240,973,0.1978565539983512,0.96
nms,NMS,4886_0345385374_03_WRI-L1_F009.PNG,FP,0.06093805428009388,0.0,,no_gt_match_or_lower_confidence_on_same_gt,NMS7,7,7,219.0,600.0,7.0,90.0,1214,240,974,0.19769357495881384,0.96
nms,NMS,1218_0392258361_05_WRI-R2_M014.png,FP,0.06089690582506938,0.0,,no_gt_match_or_lower_confidence_on_same_gt,NMS14,15,15,170.0,390.0,91.0,90.0,1215,240,975,0.19753086419753085,0.96
nms,NMS,5980_0997631883_02_WRI-L1_M011.PNG,FP,0.06087847576121426,0.0,,no_gt_match_or_lower_confidence_on_same_gt,NMS8,6,6,172.0,411.0,12.0,90.0,1216,240,976,0.19736842105263158,0.96
nms,NMS,0892_1273117426_01_WRI-R2_F010.png,FP,0.06083708723113319,0.0,,no_gt_match_or_lower_confidence_on_same_gt,NMS5,3,"3,7",366.0,582.0,85.0,90.0,1217,240,977,0.1972062448644207,0.96
nms,NMS,5247_0625408586_02_WRI-L2_F008.png,FP,0.06079105876106423,0.0,,no_gt_match_or_lower_confidence_on_same_gt,NMS14,21,21,388.0,905.0,19.0,90.0,1218,240,978,0.19704433497536947,0.96
nms,NMS,0818_0571314957_03_WRI-L1_M013.png,FP,0.06078789594896342,0.0,,no_gt_match_or_lower_confidence_on_same_gt,NMS6,3,3,24.0,572.0,167.0,116.0,1219,240,979,0.19688269073010664,0.96
nms,NMS,0203_1114068044_01_WRI-L1_M011.png,FP,0.060734155410734826,0.0,,no_gt_match_or_lower_confidence_on_same_gt,NMS17,1,1,372.0,496.0,168.0,118.0,1220,240,980,0.19672131147540983,0.96
nms,NMS,4949_0969499613_03_WRI-R2_M006.png,FP,0.060701491711887094,0.0,,no_gt_match_or_lower_confidence_on_same_gt,NMS5,4,4,321.0,575.0,120.0,90.0,1221,240,981,0.19656019656019655,0.96
nms,NMS,5332_0567714023_02_WRI-L2_F011.PNG,FP,0.06065704313577162,0.0,,no_gt_match_or_lower_confidence_on_same_gt,NMS4,4,4,252.0,713.0,130.0,92.0,1222,240,982,0.19639934533551553,0.96
nms,NMS,5466_1178121802_02_WRI-L2_M013.png,FP,0.06064611541366702,0.0,,no_gt_match_or_lower_confidence_on_same_gt,NMS7,7,7,235.0,335.0,14.0,90.0,1223,240,983,0.19623875715453803,0.96
nms,NMS,0798_1176968591_01_WRI-L2_M010.PNG,FP,0.06057246999075329,0.09000596917442127,0,no_gt_match_or_lower_confidence_on_same_gt,NMS9,13,13,325.0,485.0,91.0,90.0,1224,240,984,0.19607843137254902,0.96
nms,NMS,0203_1114068044_01_WRI-L1_M011.png,FP,0.06051478783379729,0.0,,no_gt_match_or_lower_confidence_on_same_gt,NMS18,5,5,192.0,370.0,109.0,90.0,1225,240,985,0.19591836734693877,0.96
nms,NMS,4891_0935989047_01_WRI-R1_M011.png,FP,0.06046375342068727,0.056217661877251,0,no_gt_match_or_lower_confidence_on_same_gt,NMS5,6,6,236.0,510.0,117.0,90.0,1226,240,986,0.19575856443719414,0.96
nms,NMS,1024_1259124783_04_WRI-L1_F011.PNG,FP,0.06043690532523039,0.0031711072798264895,1,no_gt_match_or_lower_confidence_on_same_gt,NMS6,9,9,199.0,525.0,13.0,90.0,1227,240,987,0.19559902200489,0.96
nms,NMS,1493_0516110451_02_WRI-L1_F012.PNG,FP,0.06040939949504599,0.0,,no_gt_match_or_lower_confidence_on_same_gt,NMS15,20,20,166.0,860.0,7.0,90.0,1228,240,988,0.19543973941368079,0.96
nms,NMS,4847_0436558708_02_WRI-L2_M014.png,FP,0.06039237138419112,0.0,,no_gt_match_or_lower_confidence_on_same_gt,NMS5,6,6,354.0,792.0,11.0,90.0,1229,240,989,0.19528071602929212,0.96
nms,NMS,1493_0516110511_02_WRI-L2_F012.PNG,FP,0.060314807145649074,0.0,,no_gt_match_or_lower_confidence_on_same_gt,NMS11,6,6,204.0,744.0,130.0,92.0,1230,240,990,0.1951219512195122,0.96
nms,NMS,5227_0411829511_01_WRI-L2_M011.png,FP,0.0602822497444759,0.0,,no_gt_match_or_lower_confidence_on_same_gt,NMS11,14,14,74.0,854.0,15.0,90.0,1231,240,991,0.19496344435418358,0.96
nms,NMS,4671_1037664684_01_WRI-R1_F009.PNG,FP,0.060274534797636135,0.0,,no_gt_match_or_lower_confidence_on_same_gt,NMS5,4,4,377.0,752.0,9.0,90.0,1232,240,992,0.19480519480519481,0.96
nms,NMS,5613_0925004359_01_WRI-R2_F012.PNG,FP,0.0601530784293157,0.0,,no_gt_match_or_lower_confidence_on_same_gt,NMS6,6,6,265.0,695.0,1.0,90.0,1233,240,993,0.19464720194647203,0.96
nms,NMS,5247_0627787842_05_WRI-L2_F008.png,FP,0.06014266995285297,0.0,,no_gt_match_or_lower_confidence_on_same_gt,NMS7,5,5,480.0,665.0,13.0,90.0,1234,240,994,0.19448946515397084,0.96
nms,NMS,4969_0206805790_03_WRI-L2_F010.PNG,FP,0.060109902034985084,0.0,,no_gt_match_or_lower_confidence_on_same_gt,NMS8,6,6,408.0,879.0,12.0,90.0,1235,240,995,0.19433198380566802,0.96
nms,NMS,5121_0676540097_02_WRI-R1_M011.PNG,FP,0.06006628689139579,0.0,,no_gt_match_or_lower_confidence_on_same_gt,NMS12,20,20,291.0,352.0,85.0,90.0,1236,240,996,0.1941747572815534,0.96
nms,NMS,5230_0288804781_01_WRI-L2_M010.png,FP,0.06001297970642019,0.0,,no_gt_match_or_lower_confidence_on_same_gt,NMS4,5,"5,6",274.0,339.0,91.0,90.0,1237,240,997,0.19401778496362165,0.96
nms,NMS,5983_1184814878_01_WRI-L1_M011.png,FP,0.05997776481825323,0.0,,no_gt_match_or_lower_confidence_on_same_gt,NMS7,10,10,114.0,655.0,62.0,90.0,1238,240,998,0.1938610662358643,0.96
nms,NMS,5121_0676540097_02_WRI-R1_M011.PNG,FP,0.05995280190917409,0.0,,no_gt_match_or_lower_confidence_on_same_gt,NMS13,13,13,320.0,426.0,91.0,90.0,1239,240,999,0.1937046004842615,0.96
nms,NMS,5382_1158198931_01_WRI-R1_M012.png,FP,0.059907688838253675,0.0,,no_gt_match_or_lower_confidence_on_same_gt,NMS4,12,12,158.0,300.0,91.0,90.0,1240,240,1000,0.1935483870967742,0.96
nms,NMS,1280_0847425934_01_WRI-R2_F016.png,FP,0.05989903775382907,0.04275087342636637,0,no_gt_match_or_lower_confidence_on_same_gt,NMS5,6,6,343.0,415.0,9.0,90.0,1241,240,1001,0.19339242546333602,0.96
nms,NMS,0537_1193881316_01_WRI-L1_F007.PNG,FP,0.05981071300869045,0.0,,no_gt_match_or_lower_confidence_on_same_gt,NMS3,5,5,182.0,402.0,8.0,90.0,1242,240,1002,0.1932367149758454,0.96
nms,NMS,0647_0425957122_01_WRI-L2_F008.PNG,FP,0.05977298892503701,0.0,,no_gt_match_or_lower_confidence_on_same_gt,NMS3,1,1,266.0,705.0,126.0,90.0,1243,240,1003,0.19308125502815768,0.96
nms,NMS,0125_0729674162_02_WRI-L2_M013.png,FP,0.05976603212137381,0.13869528078287222,0,no_gt_match_or_lower_confidence_on_same_gt,NMS9,5,5,307.0,775.0,93.0,90.0,1244,240,1004,0.19292604501607716,0.96
nms,NMS,0243_0176233486_01_WRI-L2_M012.png,FP,0.0597626529411281,0.0,,no_gt_match_or_lower_confidence_on_same_gt,NMS8,18,18,226.0,835.0,14.0,90.0,1245,240,1005,0.1927710843373494,0.96
nms,NMS,0749_0874509442_05_WRI-L1_M005.png,FP,0.0596446543483813,0.0,,no_gt_match_or_lower_confidence_on_same_gt,NMS8,6,6,151.0,196.0,91.0,90.0,1246,240,1006,0.1926163723916533,0.96
nms,NMS,0915_0434122280_01_WRI-L1_M008.PNG,FP,0.059606425059002516,0.0,,no_gt_match_or_lower_confidence_on_same_gt,NMS3,4,4,239.0,503.0,11.0,90.0,1247,240,1007,0.19246190858059342,0.96
nms,NMS,0288_1220813964_01_WRI-L2_F008.png,FP,0.05957938485956586,0.0,,no_gt_match_or_lower_confidence_on_same_gt,NMS7,7,7,391.0,549.0,12.0,90.0,1248,240,1008,0.19230769230769232,0.96
nms,NMS,4857_1142512186_03_WRI-L2_M014.PNG,FP,0.059141521505331175,0.0,,no_gt_match_or_lower_confidence_on_same_gt,NMS5,9,9,222.0,376.0,91.0,90.0,1249,240,1009,0.1921537229783827,0.96
nms,NMS,0071_0678614107_01_WRI-R1_F009.png,FP,0.05889516014246055,0.0,,no_gt_match_or_lower_confidence_on_same_gt,NMS10,4,4,340.0,500.0,155.0,108.0,1250,240,1010,0.192,0.96
nms,NMS,0288_1220813964_01_WRI-L2_F008.png,FP,0.058862328012397276,0.0,,no_gt_match_or_lower_confidence_on_same_gt,NMS8,10,10,310.0,377.0,91.0,90.0,1251,240,1011,0.19184652278177458,0.96
nms,NMS,0125_0729674162_02_WRI-L2_M013.png,FP,0.058831198775491894,0.0,,no_gt_match_or_lower_confidence_on_same_gt,NMS10,3,3,256.0,449.0,146.0,102.0,1252,240,1012,0.19169329073482427,0.96
nms,NMS,2975_0736302598_03_WRI-R2_M008.PNG,FP,0.05881215065987243,0.0,,no_gt_match_or_lower_confidence_on_same_gt,NMS4,1,1,206.0,423.0,134.0,94.0,1253,240,1013,0.19154030327214686,0.96
nms,NMS,2458_0430068033_05_WRI-L2_M009.PNG,FP,0.05872929969774365,0.0,,no_gt_match_or_lower_confidence_on_same_gt,NMS5,8,8,411.0,495.0,13.0,90.0,1254,240,1014,0.19138755980861244,0.96
nms,NMS,0862_0731070423_02_WRI-R1_F007.PNG,FP,0.05837666533927977,0.0,,no_gt_match_or_lower_confidence_on_same_gt,NMS12,9,9,257.0,266.0,108.0,90.0,1255,240,1015,0.19123505976095617,0.96
nms,NMS,4949_0969499613_03_WRI-R2_M006.png,FP,0.058156358652760864,0.0,,no_gt_match_or_lower_confidence_on_same_gt,NMS6,8,8,337.0,202.0,11.0,90.0,1256,240,1016,0.1910828025477707,0.96
nms,NMS,0699_0308341460_03_WRI-L2_M013.PNG,FP,0.05796555016778324,0.0,,no_gt_match_or_lower_confidence_on_same_gt,NMS4,10,"10,1",360.0,626.0,28.0,90.0,1257,240,1017,0.1909307875894988,0.96
nms,NMS,0071_0678614107_01_WRI-R1_F009.png,FP,0.05787797489304167,0.0,,no_gt_match_or_lower_confidence_on_same_gt,NMS11,12,12,110.0,275.0,13.0,90.0,1258,240,1018,0.1907790143084261,0.96
nms,NMS,0943_0495535496_01_WRI-L1_F009.PNG,FP,0.05784208964097501,0.0,,no_gt_match_or_lower_confidence_on_same_gt,NMS3,3,3,294.0,798.0,12.0,90.0,1259,240,1019,0.19062748212867356,0.96
nms,NMS,6060_0585926294_01_WRI-R2_M015.png,FP,0.057810653130388585,0.0,,no_gt_match_or_lower_confidence_on_same_gt,NMS5,5,5,331.0,478.0,17.0,90.0,1260,240,1020,0.19047619047619047,0.96
nms,NMS,0417_0727170640_02_WRI-R1_F009.PNG,FP,0.05777722738032732,0.0,,no_gt_match_or_lower_confidence_on_same_gt,NMS6,5,5,219.0,238.0,21.0,90.0,1261,240,1021,0.19032513877874702,0.96
nms,NMS,2458_0430068033_05_WRI-L2_M009.PNG,FP,0.05765795867719762,0.20765488699421,0,no_gt_match_or_lower_confidence_on_same_gt,NMS6,3,3,175.0,726.0,181.0,126.0,1262,240,1022,0.1901743264659271,0.96
nms,NMS,5238_0561586292_02_WRI-L2_F006.PNG,FP,0.05761702929070414,0.0,,no_gt_match_or_lower_confidence_on_same_gt,NMS6,2,2,155.0,544.0,70.0,90.0,1263,240,1023,0.19002375296912113,0.96
nms,NMS,6079_0512846944_01_WRI-R2_M011.png,FP,0.0576061980193849,0.0,,no_gt_match_or_lower_confidence_on_same_gt,NMS5,8,8,238.0,398.0,15.0,90.0,1264,240,1024,0.189873417721519,0.96
nms,NMS,5247_0625408586_02_WRI-L2_F008.png,FP,0.05733203564585481,0.0,,no_gt_match_or_lower_confidence_on_same_gt,NMS15,16,16,432.0,702.0,7.0,90.0,1265,240,1025,0.18972332015810275,0.96
nms,NMS,4726_0968399137_05_WRI-R1_F009.png,FP,0.05725957238753173,0.0,,no_gt_match_or_lower_confidence_on_same_gt,NMS7,5,5,266.0,538.0,17.0,90.0,1266,240,1026,0.1895734597156398,0.96
nms,NMS,5456_0603427972_01_WRI-L1_M011.png,FP,0.05721120004692901,0.0,,no_gt_match_or_lower_confidence_on_same_gt,NMS8,12,12,217.0,323.0,16.0,90.0,1267,240,1027,0.1894238358326756,0.96
nms,NMS,0827_0782390551_01_WRI-L1_M016.PNG,FP,0.05720555612373317,0.0,,no_gt_match_or_lower_confidence_on_same_gt,NMS6,6,6,266.0,578.0,17.0,90.0,1268,240,1028,0.1892744479495268,0.96
nms,NMS,0598_0792616571_01_WRI-L1_F008.png,FP,0.05717429159924879,0.0,,no_gt_match_or_lower_confidence_on_same_gt,NMS5,3,3,232.0,579.0,9.0,90.0,1269,240,1029,0.18912529550827423,0.96
nms,NMS,0066_1263156785_04_WRI-L1_M011.png,FP,0.05716755889767946,0.0,,no_gt_match_or_lower_confidence_on_same_gt,NMS7,10,10,405.0,345.0,91.0,90.0,1270,240,1030,0.1889763779527559,0.96
nms,NMS,4812_0715449570_01_WRI-R2_M008.PNG,FP,0.056991616469519904,0.0,,no_gt_match_or_lower_confidence_on_same_gt,NMS7,6,"6,3",316.0,480.0,59.0,90.0,1271,240,1031,0.1888276947285602,0.96
nms,NMS,1563_0496123113_02_WRI-L1_M011.png,FP,0.056591587847288675,0.0,,no_gt_match_or_lower_confidence_on_same_gt,NMS5,9,9,337.0,485.0,103.0,90.0,1272,240,1032,0.18867924528301888,0.96
nms,NMS,0063_0566100866_02_WRI-R2_F011.png,FP,0.05654391412247757,0.21301757753594258,0,no_gt_match_or_lower_confidence_on_same_gt,NMS4,2,2,248.0,375.0,112.0,90.0,1273,240,1033,0.1885310290652003,0.96
nms,NMS,0589_0821736373_04_WRI-L1_M017.PNG,FP,0.05646902421910116,0.0,,no_gt_match_or_lower_confidence_on_same_gt,NMS20,23,23,564.0,756.0,7.0,90.0,1274,240,1034,0.18838304552590268,0.96
nms,NMS,0936_0638208714_03_WRI-R2_M008.PNG,FP,0.05642623068550339,0.0,,no_gt_match_or_lower_confidence_on_same_gt,NMS4,3,3,193.0,595.0,94.0,90.0,1275,240,1035,0.18823529411764706,0.96
nms,NMS,5456_0603427972_01_WRI-L1_M011.png,FP,0.056381892953421844,0.0,,no_gt_match_or_lower_confidence_on_same_gt,NMS9,8,8,230.0,425.0,101.0,90.0,1276,240,1036,0.18808777429467086,0.96
nms,NMS,1493_0516110511_02_WRI-L2_F012.PNG,FP,0.05613203704412552,0.0,,no_gt_match_or_lower_confidence_on_same_gt,NMS12,17,17,518.0,870.0,21.0,90.0,1277,240,1037,0.18794048551292092,0.96
nms,NMS,5229_1076706016_04_WRI-R1_M008.png,FP,0.05598046501866991,0.0,,no_gt_match_or_lower_confidence_on_same_gt,NMS9,4,4,500.0,331.0,20.0,122.0,1278,240,1038,0.18779342723004694,0.96
nms,NMS,1392_0677451986_01_WRI-R2_M017.png,FP,0.05587982881814259,0.0,,no_gt_match_or_lower_confidence_on_same_gt,NMS12,16,16,478.0,546.0,91.0,90.0,1279,240,1039,0.18764659890539484,0.96
nms,NMS,1283_0402792035_01_WRI-L2_M009.png,FP,0.05553785672034006,0.06356089652110691,0,no_gt_match_or_lower_confidence_on_same_gt,NMS2,4,4,154.0,359.0,7.0,90.0,1280,240,1040,0.1875,0.96
nms,NMS,4936_0635336029_01_WRI-L1_F012.PNG,FP,0.05553254412611243,0.0,,no_gt_match_or_lower_confidence_on_same_gt,NMS5,5,5,158.0,662.0,17.0,90.0,1281,240,1041,0.1873536299765808,0.96
nms,NMS,4896_0657191053_02_WRI-L2_M009.png,FP,0.05547956408848552,0.0,,no_gt_match_or_lower_confidence_on_same_gt,NMS11,8,8,545.0,426.0,26.0,90.0,1282,240,1042,0.187207488299532,0.96
nms,NMS,5474_0834280982_01_WRI-L2_M003.PNG,FP,0.055428554604668695,0.0,,no_gt_match_or_lower_confidence_on_same_gt,NMS9,10,10,269.0,715.0,12.0,90.0,1283,240,1043,0.18706157443491817,0.96
nms,NMS,5314_0269274371_04_WRI-R2_F010.PNG,FP,0.05539831647713408,0.0,,no_gt_match_or_lower_confidence_on_same_gt,NMS11,12,12,162.0,379.0,11.0,90.0,1284,240,1044,0.18691588785046728,0.96
nms,NMS,0071_0678614107_01_WRI-R1_F009.png,FP,0.05539107479162001,0.0,,no_gt_match_or_lower_confidence_on_same_gt,NMS12,1,1,141.0,285.0,170.0,118.0,1285,240,1045,0.1867704280155642,0.96
nms,NMS,1009_1045147893_04_WRI-R2_M013.png,FP,0.055365750682360625,0.0,,no_gt_match_or_lower_confidence_on_same_gt,NMS5,9,9,182.0,310.0,91.0,90.0,1286,240,1046,0.18662519440124417,0.96
nms,NMS,5066_1055147597_05_WRI-L1_M011.png,FP,0.05525439823748085,0.3529400831586921,0,no_gt_match_or_lower_confidence_on_same_gt,NMS8,3,3,150.0,607.0,181.0,126.0,1287,240,1047,0.1864801864801865,0.96
nms,NMS,5271_0280502789_01_WRI-L2_F004.PNG,FP,0.05525364191082813,0.0,,no_gt_match_or_lower_confidence_on_same_gt,NMS5,4,4,302.0,272.0,16.0,90.0,1288,240,1048,0.18633540372670807,0.96
nms,NMS,5466_1178121802_02_WRI-L2_M013.png,FP,0.05511878554594535,0.0,,no_gt_match_or_lower_confidence_on_same_gt,NMS8,4,4,250.0,254.0,159.0,112.0,1289,240,1049,0.18619084561675717,0.96
nms,NMS,0581_0562535807_01_WRI-L2_F005.PNG,FP,0.05493417120635444,0.0,,no_gt_match_or_lower_confidence_on_same_gt,NMS4,6,6,306.0,254.0,7.0,90.0,1290,240,1050,0.18604651162790697,0.96
nms,NMS,4661_0405082997_01_WRI-L1_M002.png,FP,0.05492059575995759,0.21199856108394416,0,no_gt_match_or_lower_confidence_on_same_gt,NMS7,2,2,90.0,337.0,181.0,126.0,1291,240,1051,0.18590240123934934,0.96
nms,NMS,0818_0571314957_03_WRI-L1_M013.png,FP,0.05484563582345434,0.0,,no_gt_match_or_lower_confidence_on_same_gt,NMS7,10,"10,14",290.0,325.0,102.0,90.0,1292,240,1052,0.18575851393188855,0.96
nms,NMS,5934_1088190587_01_WRI-R2_F006.png,FP,0.054699081979921176,0.0,,no_gt_match_or_lower_confidence_on_same_gt,NMS8,6,6,254.0,594.0,17.0,90.0,1293,240,1053,0.18561484918793503,0.96
nms,NMS,0699_0308341460_03_WRI-L2_M013.PNG,FP,0.054634011738426615,0.0,,no_gt_match_or_lower_confidence_on_same_gt,NMS5,5,5,120.0,439.0,91.0,90.0,1294,240,1054,0.18547140649149924,0.96
nms,NMS,5337_0874269007_02_WRI-R2_F012.PNG,FP,0.05441317105982609,0.0,,no_gt_match_or_lower_confidence_on_same_gt,NMS7,6,6,182.0,536.0,7.0,90.0,1295,240,1055,0.18532818532818532,0.96
nms,NMS,5097_0374478251_05_WRI-R2_M015.png,FP,0.05431906204361681,0.0,,no_gt_match_or_lower_confidence_on_same_gt,NMS7,6,6,326.0,785.0,120.0,90.0,1296,240,1056,0.18518518518518517,0.96
nms,NMS,1742_0657595114_01_WRI-R2_F009.png,FP,0.054193793981538785,0.0,,no_gt_match_or_lower_confidence_on_same_gt,NMS9,7,7,329.0,626.0,135.0,94.0,1297,240,1057,0.18504240555127216,0.96
nms,NMS,5013_0267679637_04_WRI-L2_M007.png,FP,0.05415080049780227,0.0,,no_gt_match_or_lower_confidence_on_same_gt,NMS6,8,8,315.0,243.0,7.0,90.0,1298,240,1058,0.18489984591679506,0.96
nms,NMS,5764_0922296377_02_WRI-L2_M008.png,FP,0.054096186540205565,0.0,,no_gt_match_or_lower_confidence_on_same_gt,NMS9,11,11,442.0,659.0,18.0,90.0,1299,240,1059,0.18475750577367206,0.96
nms,NMS,5613_0925004359_01_WRI-R2_F012.PNG,FP,0.05405620480839573,0.0,,no_gt_match_or_lower_confidence_on_same_gt,NMS7,8,8,116.0,251.0,17.0,90.0,1300,240,1060,0.18461538461538463,0.96
nms,NMS,5227_0411829511_01_WRI-L2_M011.png,FP,0.05403121595367551,0.0,,no_gt_match_or_lower_confidence_on_same_gt,NMS12,11,"11,15",15.0,545.0,115.0,90.0,1301,240,1061,0.18447348193697155,0.96
nms,NMS,5314_0269274371_04_WRI-R2_F010.PNG,FP,0.05391998799175186,0.0,,no_gt_match_or_lower_confidence_on_same_gt,NMS12,11,11,197.0,923.0,13.0,90.0,1302,240,1062,0.18433179723502305,0.96
nms,NMS,0530_0793776717_02_WRI-L2_M012.png,FP,0.05346698927974782,0.0,,no_gt_match_or_lower_confidence_on_same_gt,NMS8,11,11,237.0,854.0,15.0,90.0,1303,240,1063,0.1841903300076746,0.96
nms,NMS,6060_0585926294_01_WRI-R2_M015.png,FP,0.05330655744801883,0.0,,no_gt_match_or_lower_confidence_on_same_gt,NMS6,2,2,233.0,505.0,117.0,90.0,1304,240,1064,0.18404907975460122,0.96
nms,NMS,2660_0622346450_03_WRI-R1_M013.png,FP,0.05325691562880727,0.0,,no_gt_match_or_lower_confidence_on_same_gt,NMS9,11,11,186.0,248.0,91.0,90.0,1305,240,1065,0.1839080459770115,0.96
nms,NMS,5733_0388429441_01_WRI-L2_M015.png,FP,0.05325518062808588,0.0,,no_gt_match_or_lower_confidence_on_same_gt,NMS8,5,"5,12",334.0,605.0,117.0,90.0,1306,240,1066,0.18376722817764166,0.96
nms,NMS,5476_0960726583_01_WRI-R1_M009.png,FP,0.05324835122534051,0.0,,no_gt_match_or_lower_confidence_on_same_gt,NMS5,9,9,343.0,268.0,42.0,90.0,1307,240,1067,0.18362662586074982,0.96
nms,NMS,4551_0708641747_01_WRI-L1_M008.png,FP,0.05322303853952235,0.0,,no_gt_match_or_lower_confidence_on_same_gt,NMS9,5,5,151.0,539.0,16.0,90.0,1308,240,1068,0.1834862385321101,0.96
nms,NMS,0598_0792844418_02_WRI-L2_F008.png,FP,0.05317836690541203,0.012002001263587121,0,no_gt_match_or_lower_confidence_on_same_gt,NMS6,8,8,198.0,517.0,19.0,90.0,1309,240,1069,0.18334606569900688,0.96
nms,NMS,0407_1248541446_05_WRI-R2_F008.PNG,FP,0.05304193808147936,0.0,,no_gt_match_or_lower_confidence_on_same_gt,NMS8,1,1,743.0,655.0,29.0,90.0,1310,240,1070,0.183206106870229,0.96
nms,NMS,0589_0821736373_04_WRI-L1_M017.PNG,FP,0.05275887059299007,0.21607128431778239,0,no_gt_match_or_lower_confidence_on_same_gt,NMS21,8,8,206.0,726.0,181.0,126.0,1311,240,1071,0.18306636155606407,0.96
nms,NMS,0417_0727170640_02_WRI-R1_F009.PNG,FP,0.05259935007640824,0.0,,no_gt_match_or_lower_confidence_on_same_gt,NMS7,3,3,370.0,725.0,58.0,90.0,1312,240,1072,0.18292682926829268,0.96
nms,NMS,1392_0677451986_01_WRI-R2_M017.png,FP,0.052014768662466335,0.0,,no_gt_match_or_lower_confidence_on_same_gt,NMS13,22,22,594.0,866.0,41.0,90.0,1313,240,1073,0.1827875095201828,0.96
nms,NMS,0422_1296201520_04_WRI-L1_M010.PNG,FP,0.051856451305385125,0.0,,no_gt_match_or_lower_confidence_on_same_gt,NMS11,13,13,204.0,759.0,16.0,90.0,1314,240,1074,0.182648401826484,0.96
nms,NMS,5983_1184814916_01_WRI-L2_M011.png,FP,0.051843839896465745,0.0,,no_gt_match_or_lower_confidence_on_same_gt,NMS3,4,4,162.0,685.0,84.0,90.0,1315,240,1075,0.18250950570342206,0.96
nms,NMS,4605_0740967567_01_WRI-L2_F011.PNG,FP,0.051589771477301954,0.0,,no_gt_match_or_lower_confidence_on_same_gt,NMS6,11,11,498.0,450.0,7.0,90.0,1316,240,1076,0.182370820668693,0.96
nms,NMS,5664_1006579341_01_WRI-L2_F006.png,FP,0.05145595164549618,0.0,,no_gt_match_or_lower_confidence_on_same_gt,NMS4,5,5,141.0,340.0,77.0,90.0,1317,240,1077,0.18223234624145787,0.96
nms,NMS,5915_0972188803_01_WRI-L1_M011.png,FP,0.05144210392614521,0.0,,no_gt_match_or_lower_confidence_on_same_gt,NMS6,3,3,79.0,810.0,75.0,90.0,1318,240,1078,0.18209408194233687,0.96
nms,NMS,1024_1259124783_04_WRI-L1_F011.PNG,FP,0.05122894839009148,0.0,,no_gt_match_or_lower_confidence_on_same_gt,NMS8,6,6,175.0,690.0,9.0,90.0,1319,240,1079,0.1819560272934041,0.96
nms,NMS,0699_0308341460_03_WRI-L2_M013.PNG,FP,0.05116308903165295,0.0,,no_gt_match_or_lower_confidence_on_same_gt,NMS6,6,6,203.0,259.0,13.0,90.0,1320,240,1080,0.18181818181818182,0.96
nms,NMS,5466_1178121802_02_WRI-L2_M013.png,FP,0.05110179834588435,0.07239651837139437,0,no_gt_match_or_lower_confidence_on_same_gt,NMS9,11,11,192.0,537.0,91.0,90.0,1321,240,1081,0.18168054504163514,0.96
nms,NMS,5382_1158198931_01_WRI-R1_M012.png,FP,0.051033255159965596,0.0,,no_gt_match_or_lower_confidence_on_same_gt,NMS5,8,8,360.0,595.0,122.0,90.0,1322,240,1082,0.1815431164901664,0.96
nms,NMS,4555_0522752808_02_WRI-R2_M013.png,FP,0.05081709041440636,0.0,,no_gt_match_or_lower_confidence_on_same_gt,NMS10,7,7,506.0,741.0,144.0,100.0,1323,240,1083,0.18140589569160998,0.96
nms,NMS,0403_0402818592_02_WRI-R2_F011.PNG,FP,0.05049341669139269,0.0,,no_gt_match_or_lower_confidence_on_same_gt,NMS2,1,1,198.0,395.0,129.0,90.0,1324,240,1084,0.18126888217522658,0.96
nms,NMS,0628_0628606612_01_WRI-L2_F007.PNG,FP,0.05045042526678364,0.0,,no_gt_match_or_lower_confidence_on_same_gt,NMS7,4,4,172.0,293.0,91.0,90.0,1325,240,1085,0.1811320754716981,0.96
nms,NMS,2419_1009570056_06_WRI-L2_F006.png,FP,0.050397420485746525,0.0,,no_gt_match_or_lower_confidence_on_same_gt,NMS4,4,4,351.0,275.0,13.0,90.0,1326,240,1086,0.18099547511312217,0.96
nms,NMS,5814_0407544765_01_WRI-L1_M016.PNG,FP,0.050338941337386395,0.055836364904218776,1,no_gt_match_or_lower_confidence_on_same_gt,NMS11,12,12,179.0,484.0,8.0,90.0,1327,240,1087,0.1808590806330068,0.96
nms,NMS,5655_0803422185_01_WRI-R2_F010.png,FP,0.05021654231172699,0.18537897417171292,0,no_gt_match_or_lower_confidence_on_same_gt,NMS2,5,5,310.0,364.0,85.0,90.0,1328,240,1088,0.18072289156626506,0.96
nms,NMS,0507_1135294951_01_WRI-L2_M015.PNG,FP,0.05014815088545425,0.0,,no_gt_match_or_lower_confidence_on_same_gt,NMS5,7,7,339.0,342.0,17.0,90.0,1329,240,1089,0.18058690744920994,0.96
nms,NMS,0812_0349793895_03_WRI-L2_M013.PNG,FP,0.050056969611794164,0.0,,no_gt_match_or_lower_confidence_on_same_gt,NMS8,15,15,418.0,302.0,91.0,90.0,1330,240,1090,0.18045112781954886,0.96
nms,NMS,0313_0949893580_07_WRI-R2_F015.png,FP,0.04981202687265445,0.0,,no_gt_match_or_lower_confidence_on_same_gt,NMS6,6,6,248.0,381.0,9.0,90.0,1331,240,1091,0.18031555221637866,0.96
nms,NMS,1020_0255757840_02_WRI-R2_F010.png,FP,0.04979761453851531,0.0,,no_gt_match_or_lower_confidence_on_same_gt,NMS13,3,"3,16",286.0,355.0,104.0,90.0,1332,240,1092,0.18018018018018017,0.96
nms,NMS,4555_0522752808_02_WRI-R2_M013.png,FP,0.0497057207780631,0.0004291630644842479,0,no_gt_match_or_lower_confidence_on_same_gt,NMS11,16,16,355.0,674.0,11.0,90.0,1333,240,1093,0.1800450112528132,0.96
nms,NMS,5474_0836354168_04_WRI-L2_M003.png,FP,0.04968086527728513,0.0,,no_gt_match_or_lower_confidence_on_same_gt,NMS4,4,4,143.0,281.0,7.0,90.0,1334,240,1094,0.17991004497751126,0.96
nms,NMS,4613_1297459976_01_WRI-L2_F011.PNG,FP,0.04957939476421223,0.0,,no_gt_match_or_lower_confidence_on_same_gt,NMS4,4,4,150.0,615.0,74.0,90.0,1335,240,1095,0.1797752808988764,0.96
nms,NMS,0536_1045921212_01_WRI-L2_M007.PNG,FP,0.04946384268651246,0.0,,no_gt_match_or_lower_confidence_on_same_gt,NMS3,4,4,230.0,828.0,62.0,90.0,1336,240,1096,0.17964071856287425,0.96
nms,NMS,6060_0585926294_01_WRI-R2_M015.png,FP,0.049233791738391264,0.0,,no_gt_match_or_lower_confidence_on_same_gt,NMS7,3,3,247.0,335.0,105.0,90.0,1337,240,1097,0.17950635751682872,0.96
nms,NMS,1493_0516110511_02_WRI-L2_F012.PNG,FP,0.04921266906649791,0.0,,no_gt_match_or_lower_confidence_on_same_gt,NMS13,16,16,174.0,432.0,91.0,90.0,1338,240,1098,0.17937219730941703,0.96
nms,NMS,5983_1184814878_01_WRI-L1_M011.png,FP,0.04916768864389504,0.0,,no_gt_match_or_lower_confidence_on_same_gt,NMS8,13,13,130.0,470.0,58.0,90.0,1339,240,1099,0.17923823749066467,0.96
nms,NMS,0288_1220813964_01_WRI-L2_F008.png,FP,0.049103443856637015,0.0,,no_gt_match_or_lower_confidence_on_same_gt,NMS9,11,11,114.0,473.0,20.0,90.0,1340,240,1100,0.1791044776119403,0.96
nms,NMS,1020_0255757840_02_WRI-R2_F010.png,FP,0.04901995892975575,0.0,,no_gt_match_or_lower_confidence_on_same_gt,NMS14,5,5,419.0,445.0,38.0,90.0,1341,240,1101,0.1789709172259508,0.96
nms,NMS,5357_0717952874_05_WRI-R2_M013.PNG,FP,0.0487972217249742,0.0,,no_gt_match_or_lower_confidence_on_same_gt,NMS11,3,3,92.0,293.0,139.0,98.0,1342,240,1102,0.17883755588673622,0.96
nms,NMS,4886_0345385374_03_WRI-L1_F009.PNG,FP,0.04871344235851966,0.0,,no_gt_match_or_lower_confidence_on_same_gt,NMS8,6,6,157.0,737.0,23.0,90.0,1343,240,1103,0.17870439314966494,0.96
nms,NMS,1020_0255757840_02_WRI-R2_F010.png,FP,0.04871265952002103,0.0,,no_gt_match_or_lower_confidence_on_same_gt,NMS15,11,11,434.0,545.0,13.0,90.0,1344,240,1104,0.17857142857142858,0.96
nms,NMS,5123_1014618536_01_WRI-L2_M005.png,FP,0.04870198338186113,0.0,,no_gt_match_or_lower_confidence_on_same_gt,NMS3,2,2,189.0,261.0,77.0,90.0,1345,240,1105,0.17843866171003717,0.96
nms,NMS,1280_0847425934_01_WRI-R2_F016.png,FP,0.04866410305945485,0.003585886044328207,0,no_gt_match_or_lower_confidence_on_same_gt,NMS6,2,2,240.0,530.0,93.0,180.0,1346,240,1106,0.17830609212481427,0.96
nms,NMS,1375_0307850434_02_WRI-L2_M011.PNG,FP,0.04857956561343518,0.0,,no_gt_match_or_lower_confidence_on_same_gt,NMS7,5,5,430.0,724.0,132.0,92.0,1347,240,1107,0.17817371937639198,0.96
nms,NMS,2975_0736302598_03_WRI-R2_M008.PNG,FP,0.04850100610126974,0.0,,no_gt_match_or_lower_confidence_on_same_gt,NMS5,9,9,221.0,226.0,13.0,90.0,1348,240,1108,0.17804154302670624,0.96
nms,NMS,0239_0828414004_02_WRI-L2_M009.PNG,FP,0.048468663749664645,0.0,,no_gt_match_or_lower_confidence_on_same_gt,NMS7,8,8,368.0,422.0,11.0,90.0,1349,240,1109,0.17790956263899185,0.96
nms,NMS,5980_0997631883_02_WRI-L1_M011.PNG,FP,0.048455665804937174,0.0,,no_gt_match_or_lower_confidence_on_same_gt,NMS9,5,5,123.0,177.0,47.0,90.0,1350,240,1110,0.17777777777777778,0.96
nms,NMS,4613_1297459976_01_WRI-L2_F011.PNG,FP,0.04843394742843769,0.0,,no_gt_match_or_lower_confidence_on_same_gt,NMS5,7,7,280.0,300.0,20.0,90.0,1351,240,1111,0.17764618800888232,0.96
nms,NMS,5229_1076706016_04_WRI-R1_M008.png,FP,0.04839801207234137,0.0,,no_gt_match_or_lower_confidence_on_same_gt,NMS10,7,7,317.0,311.0,8.0,90.0,1352,240,1112,0.17751479289940827,0.96
nms,NMS,5474_0881416362_05_WRI-R2_M005.PNG,FP,0.04839788128225845,0.0,,no_gt_match_or_lower_confidence_on_same_gt,NMS6,4,4,206.0,645.0,77.0,90.0,1353,240,1113,0.17738359201773837,0.96
nms,NMS,0482_0829961405_03_WRI-R2_M012.png,FP,0.04826832612591446,0.0,,no_gt_match_or_lower_confidence_on_same_gt,NMS7,6,6,284.0,383.0,91.0,90.0,1354,240,1114,0.17725258493353027,0.96
nms,NMS,0003_0663715782_02_WRI-R2_M011.png,FP,0.04813909883434654,0.0,,no_gt_match_or_lower_confidence_on_same_gt,NMS9,10,10,146.0,727.0,67.0,90.0,1355,240,1115,0.17712177121771217,0.96
nms,NMS,5983_1184814878_01_WRI-L1_M011.png,FP,0.048111079932512985,0.0,,no_gt_match_or_lower_confidence_on_same_gt,NMS9,12,12,223.0,610.0,13.0,90.0,1356,240,1116,0.17699115044247787,0.96
nms,NMS,5201_0616435065_02_WRI-L2_M006.PNG,FP,0.04809793159448777,0.0,,no_gt_match_or_lower_confidence_on_same_gt,NMS4,6,6,385.0,295.0,10.0,90.0,1357,240,1117,0.17686072218128224,0.96
nms,NMS,5664_1006579341_01_WRI-L2_F006.png,FP,0.04801107885569357,0.0,,no_gt_match_or_lower_confidence_on_same_gt,NMS5,3,3,146.0,555.0,60.0,90.0,1358,240,1118,0.17673048600883653,0.96
nms,NMS,5983_1184814878_01_WRI-L1_M011.png,FP,0.04795669061604229,0.0,,no_gt_match_or_lower_confidence_on_same_gt,NMS10,15,15,354.0,378.0,17.0,90.0,1359,240,1119,0.17660044150110377,0.96
nms,NMS,0133_0281744417_01_WRI-R2_M014.png,FP,0.04777480735447651,0.038339047325087416,0,no_gt_match_or_lower_confidence_on_same_gt,NMS7,9,9,334.0,675.0,15.0,90.0,1360,240,1120,0.17647058823529413,0.96
nms,NMS,0397_0512488068_01_WRI-L2_F008.PNG,FP,0.04766386782469483,0.2533359762897893,0,no_gt_match_or_lower_confidence_on_same_gt,NMS2,5,5,243.0,271.0,91.0,90.0,1361,240,1121,0.1763409257898604,0.96
nms,NMS,1707_0497635109_01_WRI-R3_M008.PNG,FP,0.047641595764472876,0.0,,no_gt_match_or_lower_confidence_on_same_gt,NMS4,6,6,278.0,286.0,93.0,90.0,1362,240,1122,0.1762114537444934,0.96
nms,NMS,0507_1135294951_01_WRI-L2_M015.PNG,FP,0.04760641269703455,0.0,,no_gt_match_or_lower_confidence_on_same_gt,NMS6,3,3,234.0,785.0,103.0,90.0,1363,240,1123,0.1760821716801174,0.96
nms,NMS,0798_1176968591_01_WRI-L2_M010.PNG,FP,0.04759924031569987,0.0,,no_gt_match_or_lower_confidence_on_same_gt,NMS10,14,14,105.0,686.0,38.0,90.0,1364,240,1124,0.17595307917888564,0.96
nms,NMS,0589_0821736373_04_WRI-L1_M017.PNG,FP,0.04750861441752568,0.0014854210455524748,0,no_gt_match_or_lower_confidence_on_same_gt,NMS22,10,10,172.0,611.0,165.0,116.0,1365,240,1125,0.17582417582417584,0.96
nms,NMS,1009_1049120355_10_WRI-R2_M013.png,FP,0.047482130861686914,0.060311139283327576,0,no_gt_match_or_lower_confidence_on_same_gt,NMS6,9,9,309.0,363.0,91.0,90.0,1366,240,1126,0.17569546120058566,0.96
nms,NMS,5357_0717952874_05_WRI-R2_M013.PNG,FP,0.04748198078831843,0.0,,no_gt_match_or_lower_confidence_on_same_gt,NMS12,24,24,411.0,680.0,91.0,90.0,1367,240,1127,0.1755669348939283,0.96
nms,NMS,1979_1021352022_02_WRI-R1_M007.PNG,FP,0.04746306870203913,0.0,,no_gt_match_or_lower_confidence_on_same_gt,NMS10,2,2,174.0,722.0,137.0,96.0,1368,240,1128,0.17543859649122806,0.96
nms,NMS,1392_0677451986_01_WRI-R2_M017.png,FP,0.04739678367732761,0.0,,no_gt_match_or_lower_confidence_on_same_gt,NMS14,4,4,286.0,508.0,181.0,126.0,1369,240,1129,0.17531044558071585,0.96
nms,NMS,0818_0571314957_03_WRI-L1_M013.png,FP,0.047329289306846205,0.0,,no_gt_match_or_lower_confidence_on_same_gt,NMS8,1,1,30.0,797.0,181.0,126.0,1370,240,1130,0.17518248175182483,0.96
nms,NMS,4661_0405082997_01_WRI-L1_M002.png,FP,0.04722343825110594,0.0,,no_gt_match_or_lower_confidence_on_same_gt,NMS8,6,6,213.0,182.0,91.0,90.0,1371,240,1131,0.175054704595186,0.96
nms,NMS,5355_0294185816_01_WRI-L2_M009.png,FP,0.04697915220432414,0.0,,no_gt_match_or_lower_confidence_on_same_gt,NMS7,7,7,383.0,409.0,7.0,90.0,1372,240,1132,0.1749271137026239,0.96
nms,NMS,4500_0833654044_01_WRI-L2_F004.PNG,FP,0.046958533078032307,0.0,,no_gt_match_or_lower_confidence_on_same_gt,NMS3,3,3,152.0,192.0,91.0,90.0,1373,240,1133,0.17479970866715222,0.96
nms,NMS,0066_1263156785_04_WRI-L1_M011.png,FP,0.04694536114506403,0.0,,no_gt_match_or_lower_confidence_on_same_gt,NMS8,15,"15,9",213.0,536.0,91.0,90.0,1374,240,1134,0.17467248908296942,0.96
nms,NMS,1043_0381634738_02_WRI-L2_M001.PNG,FP,0.04683518026446665,0.0,,no_gt_match_or_lower_confidence_on_same_gt,NMS6,7,7,168.0,165.0,18.0,90.0,1375,240,1135,0.17454545454545456,0.96
nms,NMS,0589_0821736373_04_WRI-L1_M017.PNG,FP,0.046356703791608146,0.0,,no_gt_match_or_lower_confidence_on_same_gt,NMS23,31,31,220.0,298.0,93.0,90.0,1376,240,1136,0.1744186046511628,0.96
nms,NMS,5474_0834280982_01_WRI-L2_M003.PNG,FP,0.046170563302831036,0.0,,no_gt_match_or_lower_confidence_on_same_gt,NMS10,14,14,241.0,395.0,91.0,90.0,1377,240,1137,0.17429193899782136,0.96
nms,NMS,1493_0516110511_02_WRI-L2_F012.PNG,FP,0.045666499715623685,0.0,,no_gt_match_or_lower_confidence_on_same_gt,NMS14,14,14,357.0,950.0,30.0,90.0,1378,240,1138,0.1741654571843251,0.96
nms,NMS,0418_0986372204_04_WRI-L2_M008.png,FP,0.04565503409584882,0.0,,no_gt_match_or_lower_confidence_on_same_gt,NMS5,4,4,223.0,575.0,62.0,90.0,1379,240,1139,0.17403915881073242,0.96
nms,NMS,0943_0495535496_01_WRI-L1_F009.PNG,FP,0.045594659501508095,0.0,,no_gt_match_or_lower_confidence_on_same_gt,NMS4,6,6,344.0,896.0,91.0,90.0,1380,240,1140,0.17391304347826086,0.96
nms,NMS,0407_1248541446_05_WRI-R2_F008.PNG,TP,0.04556490046347985,0.5032578202862853,0,matched_gt_highest_confidence,NMS9,3,3,360.0,401.0,139.0,98.0,1381,241,1140,0.17451122375090514,0.964
nms,NMS,0126_0816183836_01_WRI-L2_F008.png,FP,0.045435307012791665,0.0,,no_gt_match_or_lower_confidence_on_same_gt,NMS5,7,7,336.0,258.0,13.0,90.0,1382,241,1141,0.17438494934876989,0.964
nms,NMS,5474_0834280982_01_WRI-L2_M003.PNG,FP,0.04480933736834757,0.0,,no_gt_match_or_lower_confidence_on_same_gt,NMS11,7,7,33.0,315.0,30.0,90.0,1383,241,1142,0.1742588575560376,0.964
nms,NMS,0536_1045921212_01_WRI-L2_M007.PNG,FP,0.04478889314597776,0.0,,no_gt_match_or_lower_confidence_on_same_gt,NMS4,2,2,235.0,638.0,55.0,90.0,1384,241,1143,0.17413294797687862,0.964
nms,NMS,4681_0424478056_02_WRI-R2_M013.png,FP,0.044663714695646485,0.0,,no_gt_match_or_lower_confidence_on_same_gt,NMS5,7,"7,4",172.0,304.0,14.0,90.0,1385,241,1144,0.1740072202166065,0.964
nms,NMS,4896_0657191053_02_WRI-L2_M009.png,FP,0.04454477356188163,0.0,,no_gt_match_or_lower_confidence_on_same_gt,NMS12,15,15,340.0,281.0,91.0,90.0,1386,241,1145,0.1738816738816739,0.964
nms,NMS,0536_1045921212_01_WRI-L2_M007.PNG,FP,0.04448393285891229,0.0,,no_gt_match_or_lower_confidence_on_same_gt,NMS5,6,6,290.0,394.0,7.0,90.0,1387,241,1146,0.17375630857966834,0.964
nms,NMS,1215_1223424080_01_WRI-L2_F004.PNG,FP,0.0444077488916516,0.0,,no_gt_match_or_lower_confidence_on_same_gt,NMS7,2,2,68.0,205.0,35.0,90.0,1388,241,1147,0.17363112391930835,0.964
nms,NMS,0818_0571314957_03_WRI-L1_M013.png,FP,0.04404554755327209,0.0,,no_gt_match_or_lower_confidence_on_same_gt,NMS9,13,13,347.0,792.0,91.0,90.0,1389,241,1148,0.17350611951043918,0.964
nms,NMS,1020_0255757840_02_WRI-R2_F010.png,FP,0.04399335548463511,0.0,,no_gt_match_or_lower_confidence_on_same_gt,NMS16,14,14,181.0,612.0,13.0,90.0,1390,241,1149,0.17338129496402876,0.964
nms,NMS,5533_1116362310_04_WRI-R2_F010.png,FP,0.0439514514935599,0.0,,no_gt_match_or_lower_confidence_on_same_gt,NMS9,8,8,394.0,715.0,23.0,90.0,1391,241,1150,0.1732566498921639,0.964
nms,NMS,5238_0561586292_02_WRI-L2_F006.PNG,FP,0.04374138170419354,0.0,,no_gt_match_or_lower_confidence_on_same_gt,NMS7,7,7,301.0,378.0,7.0,90.0,1392,241,1151,0.17313218390804597,0.964
nms,NMS,5456_0603427972_01_WRI-L1_M011.png,FP,0.04369179215225035,0.0,,no_gt_match_or_lower_confidence_on_same_gt,NMS10,14,14,437.0,325.0,91.0,90.0,1393,241,1152,0.1730078966259871,0.964
nms,NMS,4681_0424478056_02_WRI-R2_M013.png,FP,0.043668591119313004,0.0,,no_gt_match_or_lower_confidence_on_same_gt,NMS6,8,8,168.0,439.0,91.0,90.0,1394,241,1153,0.17288378766140602,0.964
nms,NMS,1493_0516110451_02_WRI-L1_F012.PNG,FP,0.043639384800175915,0.0,,no_gt_match_or_lower_confidence_on_same_gt,NMS16,14,14,229.0,857.0,152.0,106.0,1395,241,1154,0.17275985663082438,0.964
nms,NMS,1009_1045147893_04_WRI-R2_M013.png,FP,0.043545876380582896,0.0,,no_gt_match_or_lower_confidence_on_same_gt,NMS6,3,3,223.0,385.0,85.0,90.0,1396,241,1155,0.17263610315186245,0.964
nms,NMS,0892_1273117426_01_WRI-R2_F010.png,FP,0.04353181409083406,0.024212929387571153,0,no_gt_match_or_lower_confidence_on_same_gt,NMS6,6,6,281.0,369.0,12.0,90.0,1397,241,1156,0.1725125268432355,0.964
nms,NMS,4810_0683178845_02_WRI-L1_M011.PNG,FP,0.04349324378430978,0.0,,no_gt_match_or_lower_confidence_on_same_gt,NMS13,4,4,254.0,725.0,119.0,90.0,1398,241,1157,0.17238912732474965,0.964
nms,NMS,0490_0671128517_01_WRI-R1_F012.PNG,FP,0.04343495266571779,0.0,,no_gt_match_or_lower_confidence_on_same_gt,NMS10,12,"12,3",441.0,1008.0,77.0,90.0,1399,241,1158,0.17226590421729807,0.964
nms,NMS,0201_0583807806_04_WRI-L2_M011.png,FP,0.04332592761166764,0.0,,no_gt_match_or_lower_confidence_on_same_gt,NMS6,4,4,160.0,585.0,83.0,90.0,1400,241,1159,0.17214285714285715,0.964
nms,NMS,0827_0782390551_01_WRI-L1_M016.PNG,FP,0.04311657159593355,0.0,,no_gt_match_or_lower_confidence_on_same_gt,NMS7,9,9,242.0,696.0,61.0,90.0,1401,241,1160,0.17201998572448252,0.964
nms,NMS,4613_1297459976_01_WRI-L2_F011.PNG,FP,0.04309227008403358,0.0,,no_gt_match_or_lower_confidence_on_same_gt,NMS6,8,"8,2",135.0,353.0,85.0,90.0,1402,241,1161,0.1718972895863053,0.964
nms,NMS,4605_0740967567_01_WRI-L2_F011.PNG,FP,0.04274400550501965,0.0,,no_gt_match_or_lower_confidence_on_same_gt,NMS7,7,7,288.0,605.0,77.0,90.0,1403,241,1162,0.17177476835352815,0.964
nms,NMS,5818_0746899911_02_WRI-L2_M014.PNG,FP,0.042699646926403434,0.0,,no_gt_match_or_lower_confidence_on_same_gt,NMS8,12,12,125.0,585.0,91.0,90.0,1404,241,1163,0.17165242165242164,0.964
nms,NMS,4963_0373549808_02_WRI-L2_F006.png,FP,0.0426662211863495,0.0,,no_gt_match_or_lower_confidence_on_same_gt,NMS8,7,7,322.0,248.0,91.0,90.0,1405,241,1164,0.17153024911032028,0.964
nms,NMS,1284_0365288370_04_WRI-L2_M010.png,FP,0.04246145412038748,0.0,,no_gt_match_or_lower_confidence_on_same_gt,NMS10,11,"11,4",483.0,280.0,32.0,90.0,1406,241,1165,0.17140825035561877,0.964
nms,NMS,2975_0736302598_03_WRI-R2_M008.PNG,FP,0.04240303698520666,0.0,,no_gt_match_or_lower_confidence_on_same_gt,NMS6,5,"5,13",385.0,445.0,51.0,90.0,1407,241,1166,0.1712864250177683,0.964
nms,NMS,5067_1201935013_05_WRI-L1_M014.png,FP,0.042381856858115005,0.18583501716509485,0,no_gt_match_or_lower_confidence_on_same_gt,NMS8,12,12,233.0,399.0,91.0,90.0,1408,241,1167,0.17116477272727273,0.964
nms,NMS,4857_1142512186_03_WRI-L2_M014.PNG,FP,0.04224125199268461,0.0,,no_gt_match_or_lower_confidence_on_same_gt,NMS6,3,"3,6",254.0,255.0,123.0,90.0,1409,241,1168,0.1710432931156849,0.964
nms,NMS,0063_0566100866_02_WRI-R2_F011.png,FP,0.04213841130199343,0.0,,no_gt_match_or_lower_confidence_on_same_gt,NMS5,5,5,257.0,287.0,88.0,90.0,1410,241,1169,0.17092198581560283,0.964
nms,NMS,5121_0676540097_02_WRI-R1_M011.PNG,FP,0.04212972804144314,0.0,,no_gt_match_or_lower_confidence_on_same_gt,NMS14,2,2,51.0,305.0,120.0,90.0,1411,241,1170,0.1708008504606662,0.964
nms,NMS,0003_0663715782_02_WRI-R2_M011.png,FP,0.04201334677772189,0.0,,no_gt_match_or_lower_confidence_on_same_gt,NMS10,11,11,332.0,293.0,91.0,90.0,1412,241,1171,0.1706798866855524,0.964
nms,NMS,1173_0822043658_01_WRI-R2_F009.PNG,FP,0.04175771928336236,0.0,,no_gt_match_or_lower_confidence_on_same_gt,NMS4,4,4,159.0,139.0,91.0,90.0,1413,241,1172,0.17055909412597312,0.964
nms,NMS,2176_1073963460_04_WRI-L2_M009.png,FP,0.04163337837381097,0.0,,no_gt_match_or_lower_confidence_on_same_gt,NMS5,5,5,200.0,754.0,94.0,90.0,1414,241,1173,0.17043847241867044,0.964
nms,NMS,4891_0935989047_01_WRI-R1_M011.png,FP,0.04154752061938517,0.0,,no_gt_match_or_lower_confidence_on_same_gt,NMS6,2,2,240.0,280.0,129.0,90.0,1415,241,1174,0.17031802120141343,0.964
nms,NMS,5357_0717952874_05_WRI-R2_M013.PNG,FP,0.04153763350855365,0.0,,no_gt_match_or_lower_confidence_on_same_gt,NMS13,6,6,260.0,309.0,181.0,126.0,1416,241,1175,0.17019774011299435,0.964
nms,NMS,4726_0968399137_05_WRI-R1_F009.png,FP,0.041537609527983035,0.0,,no_gt_match_or_lower_confidence_on_same_gt,NMS8,6,6,168.0,262.0,91.0,90.0,1417,241,1176,0.17007762879322513,0.964
nms,NMS,0827_0782390551_01_WRI-L1_M016.PNG,FP,0.041473618231130084,0.1584439072891227,0,no_gt_match_or_lower_confidence_on_same_gt,NMS8,7,7,361.0,279.0,91.0,90.0,1418,241,1177,0.16995768688293372,0.964
nms,NMS,5332_0567714023_02_WRI-L2_F011.PNG,FP,0.04147195243486911,0.0,,no_gt_match_or_lower_confidence_on_same_gt,NMS5,8,8,413.0,297.0,41.0,90.0,1419,241,1178,0.16983791402396053,0.964
nms,NMS,0537_1193881316_01_WRI-L1_F007.PNG,FP,0.04140292201033603,0.0,,no_gt_match_or_lower_confidence_on_same_gt,NMS4,7,7,136.0,196.0,91.0,90.0,1420,241,1179,0.16971830985915493,0.964
nms,NMS,0817_0782054506_01_WRI-R2_F006.png,FP,0.041330419523462544,0.0,,no_gt_match_or_lower_confidence_on_same_gt,NMS3,7,7,197.0,394.0,91.0,90.0,1421,241,1180,0.16959887403237156,0.964
nms,NMS,5381_0723559946_01_WRI-L1_F008.PNG,FP,0.041269628260708194,0.0,,no_gt_match_or_lower_confidence_on_same_gt,NMS4,4,4,168.0,358.0,34.0,90.0,1422,241,1181,0.16947960618846694,0.964
nms,NMS,5314_0269274371_04_WRI-R2_F010.PNG,FP,0.04111099523159804,0.0,,no_gt_match_or_lower_confidence_on_same_gt,NMS13,5,5,219.0,775.0,69.0,90.0,1423,241,1182,0.16936050597329586,0.964
nms,NMS,0892_1273117426_01_WRI-R2_F010.png,FP,0.04104776544327135,0.0,,no_gt_match_or_lower_confidence_on_same_gt,NMS7,5,5,356.0,309.0,91.0,90.0,1424,241,1183,0.16924157303370788,0.964
nms,NMS,5953_1118750249_01_WRI-L2_F013.png,FP,0.04104175428180389,0.0,,no_gt_match_or_lower_confidence_on_same_gt,NMS6,5,5,224.0,609.0,12.0,90.0,1425,241,1184,0.16912280701754387,0.964
nms,NMS,4857_1142512186_03_WRI-L2_M014.PNG,FP,0.04099087287292774,0.0,,no_gt_match_or_lower_confidence_on_same_gt,NMS7,2,2,220.0,295.0,103.0,90.0,1426,241,1185,0.16900420757363255,0.964
nms,NMS,4812_0715449570_01_WRI-R2_M008.PNG,FP,0.040940106325858025,0.0050215964512469406,0,no_gt_match_or_lower_confidence_on_same_gt,NMS8,5,5,425.0,338.0,11.0,90.0,1427,241,1186,0.16888577435178698,0.964
nms,NMS,5247_0627787842_05_WRI-L2_F008.png,FP,0.04083333606148982,0.0,,no_gt_match_or_lower_confidence_on_same_gt,NMS8,7,7,399.0,745.0,92.0,90.0,1428,241,1187,0.16876750700280113,0.964
nms,NMS,0321_1214605337_02_WRI-L2_M012.PNG,FP,0.040752098370993445,0.0,,no_gt_match_or_lower_confidence_on_same_gt,NMS9,7,7,43.0,769.0,9.0,90.0,1429,241,1188,0.16864940517844645,0.964
nms,NMS,0239_0828414004_02_WRI-L2_M009.PNG,FP,0.04071172643510158,0.0,,no_gt_match_or_lower_confidence_on_same_gt,NMS8,6,6,212.0,865.0,89.0,90.0,1430,241,1189,0.16853146853146853,0.964
nms,NMS,5067_1201935013_05_WRI-L1_M014.png,FP,0.040635623502418436,0.12221039063831117,0,no_gt_match_or_lower_confidence_on_same_gt,NMS9,13,13,352.0,381.0,91.0,90.0,1431,241,1190,0.1684136967155835,0.964
nms,NMS,0063_0566100866_02_WRI-R2_F011.png,FP,0.04061359578995627,0.0,,no_gt_match_or_lower_confidence_on_same_gt,NMS6,4,4,253.0,675.0,89.0,90.0,1432,241,1191,0.16829608938547486,0.964
nms,NMS,4605_0740967567_01_WRI-L2_F011.PNG,FP,0.040525921298430884,0.0,,no_gt_match_or_lower_confidence_on_same_gt,NMS8,9,9,494.0,265.0,17.0,90.0,1433,241,1192,0.16817864619678996,0.964
nms,NMS,0530_0793776717_02_WRI-L2_M012.png,FP,0.04049847893169801,0.0,,no_gt_match_or_lower_confidence_on_same_gt,NMS9,9,9,130.0,416.0,53.0,90.0,1434,241,1193,0.16806136680613668,0.964
nms,NMS,0490_0671128517_01_WRI-R1_F012.PNG,FP,0.04044452461839497,0.0,,no_gt_match_or_lower_confidence_on_same_gt,NMS11,15,15,218.0,1045.0,18.0,90.0,1435,241,1194,0.16794425087108014,0.964
nms,NMS,4928_0630318905_01_WRI-L2_M009.PNG,FP,0.04042831583178266,0.0,,no_gt_match_or_lower_confidence_on_same_gt,NMS11,5,5,55.0,345.0,52.0,90.0,1436,241,1195,0.16782729805013927,0.964
nms,NMS,0066_1261433167_01_WRI-L2_M011.PNG,FP,0.04041684104362789,0.0,,no_gt_match_or_lower_confidence_on_same_gt,NMS8,1,1,124.0,625.0,127.0,90.0,1437,241,1196,0.1677105080027836,0.964
nms,NMS,5843_0796713227_01_WRI-L2_F012.png,FP,0.040360897335151066,0.0,,no_gt_match_or_lower_confidence_on_same_gt,NMS6,7,7,232.0,177.0,91.0,90.0,1438,241,1197,0.16759388038942977,0.964
nms,NMS,1536_1072748039_01_WRI-L2_M010.png,FP,0.04032365016352294,0.0,,no_gt_match_or_lower_confidence_on_same_gt,NMS7,4,4,276.0,375.0,33.0,90.0,1439,241,1198,0.1674774148714385,0.964
nms,NMS,5084_0371666121_01_WRI-L2_M014.PNG,FP,0.0402879422657537,0.0,,no_gt_match_or_lower_confidence_on_same_gt,NMS7,5,"5,8",283.0,235.0,101.0,90.0,1440,241,1199,0.1673611111111111,0.964
nms,NMS,1632_0634171744_02_WRI-R2_M003.png,FP,0.040248003116213175,0.0,,no_gt_match_or_lower_confidence_on_same_gt,NMS4,5,5,163.0,123.0,91.0,90.0,1441,241,1200,0.16724496877168632,0.964
nms,NMS,1024_1259124783_04_WRI-L1_F011.PNG,FP,0.040231352547196855,0.0,,no_gt_match_or_lower_confidence_on_same_gt,NMS9,7,7,426.0,472.0,19.0,90.0,1442,241,1201,0.16712898751733704,0.964
nms,NMS,5247_0627787842_05_WRI-L2_F008.png,FP,0.040212219187230065,0.0,,no_gt_match_or_lower_confidence_on_same_gt,NMS9,10,10,122.0,432.0,12.0,90.0,1443,241,1202,0.167013167013167,0.964
nms,NMS,1860_0668647760_02_WRI-R1_M010.png,FP,0.04014668347436453,0.0,,no_gt_match_or_lower_confidence_on_same_gt,NMS5,7,"7,3",342.0,381.0,18.0,90.0,1444,241,1203,0.16689750692520774,0.964
nms,NMS,5814_0407544765_01_WRI-L1_M016.PNG,FP,0.04002806251331782,0.0,,no_gt_match_or_lower_confidence_on_same_gt,NMS12,6,6,325.0,757.0,13.0,90.0,1445,241,1204,0.16678200692041523,0.964
nms,NMS,0798_1176968591_01_WRI-L2_M010.PNG,FP,0.03997892267464044,0.0,,no_gt_match_or_lower_confidence_on_same_gt,NMS11,6,6,502.0,318.0,20.0,90.0,1446,241,1205,0.16666666666666666,0.964
nms,NMS,0642_0931369220_01_WRI-L2_F009.png,FP,0.03964300592071071,0.0,,no_gt_match_or_lower_confidence_on_same_gt,NMS4,3,3,169.0,261.0,16.0,90.0,1447,241,1206,0.16655148583275742,0.964
nms,NMS,4657_1266664380_01_WRI-R2_F003.png,FP,0.03954501040573511,0.0,,no_gt_match_or_lower_confidence_on_same_gt,NMS2,4,4,108.0,106.0,90.0,90.0,1448,241,1207,0.1664364640883978,0.964
nms,NMS,4936_0635336029_01_WRI-L1_F012.PNG,FP,0.039332839233786415,0.0,,no_gt_match_or_lower_confidence_on_same_gt,NMS6,6,6,208.0,490.0,3.0,90.0,1449,241,1208,0.1663216011042098,0.964
nms,NMS,0812_0349793895_03_WRI-L2_M013.PNG,FP,0.03905731991510215,0.0,,no_gt_match_or_lower_confidence_on_same_gt,NMS9,6,6,187.0,659.0,166.0,116.0,1450,241,1209,0.16620689655172413,0.964
nms,NMS,5369_0843630267_04_WRI-L2_M005.PNG,FP,0.039009504651020786,0.0,,no_gt_match_or_lower_confidence_on_same_gt,NMS4,2,2,165.0,545.0,83.0,90.0,1451,241,1210,0.16609235010337697,0.964
nms,NMS,0321_1214605337_02_WRI-L2_M012.PNG,FP,0.03900131749340559,0.0,,no_gt_match_or_lower_confidence_on_same_gt,NMS10,6,6,200.0,805.0,65.0,90.0,1452,241,1211,0.1659779614325069,0.964
nms,NMS,0321_1214605337_02_WRI-L2_M012.PNG,FP,0.038904995739388895,0.0,,no_gt_match_or_lower_confidence_on_same_gt,NMS11,8,8,263.0,405.0,49.0,90.0,1453,241,1212,0.16586373021335168,0.964
nms,NMS,0490_0671128517_01_WRI-R1_F012.PNG,FP,0.03882540546001692,0.0,,no_gt_match_or_lower_confidence_on_same_gt,NMS12,9,9,320.0,1137.0,181.0,126.0,1454,241,1213,0.1657496561210454,0.964
nms,NMS,5456_0603427972_01_WRI-L1_M011.png,FP,0.03881598730430452,0.0,,no_gt_match_or_lower_confidence_on_same_gt,NMS11,11,11,366.0,419.0,91.0,90.0,1455,241,1214,0.16563573883161511,0.964
nms,NMS,5934_1088190587_01_WRI-R2_F006.png,FP,0.038778886487342026,0.0,,no_gt_match_or_lower_confidence_on_same_gt,NMS9,10,10,298.0,687.0,76.0,90.0,1456,241,1215,0.16552197802197802,0.964
nms,NMS,0537_1193881316_01_WRI-L1_F007.PNG,FP,0.03866664816637398,0.0,,no_gt_match_or_lower_confidence_on_same_gt,NMS5,6,6,127.0,294.0,66.0,90.0,1457,241,1216,0.16540837336993822,0.964
nms,NMS,1563_0496123113_02_WRI-L1_M011.png,FP,0.038657661607484746,0.0,,no_gt_match_or_lower_confidence_on_same_gt,NMS6,15,15,159.0,529.0,91.0,90.0,1458,241,1217,0.16529492455418382,0.964
nms,NMS,5915_0972188803_01_WRI-L1_M011.png,FP,0.03845402959617567,0.0,,no_gt_match_or_lower_confidence_on_same_gt,NMS7,4,4,111.0,478.0,9.0,90.0,1459,241,1218,0.16518163125428376,0.964
nms,NMS,5931_0732587357_02_WRI-R2_M014.PNG,FP,0.03801480999338769,0.0,,no_gt_match_or_lower_confidence_on_same_gt,NMS9,13,13,446.0,931.0,91.0,90.0,1460,241,1219,0.16506849315068492,0.964
nms,NMS,5874_0879009645_04_WRI-L2_M013.png,FP,0.037993163599322116,0.0,,no_gt_match_or_lower_confidence_on_same_gt,NMS6,5,5,226.0,300.0,91.0,90.0,1461,241,1220,0.16495550992470911,0.964
nms,NMS,5357_0717952874_05_WRI-R2_M013.PNG,FP,0.03781013742551609,0.0,,no_gt_match_or_lower_confidence_on_same_gt,NMS14,18,18,72.0,461.0,7.0,90.0,1462,241,1221,0.16484268125854992,0.964
nms,NMS,5814_0407544765_01_WRI-L1_M016.PNG,TP,0.037603700970543726,0.5421213337190698,1,matched_gt_highest_confidence,NMS13,1,1,218.0,485.0,79.0,90.0,1463,242,1221,0.16541353383458646,0.968
nms,NMS,4969_0206805790_03_WRI-L2_F010.PNG,FP,0.03737242163340312,0.0,,no_gt_match_or_lower_confidence_on_same_gt,NMS9,7,7,326.0,376.0,19.0,90.0,1464,242,1222,0.16530054644808742,0.968
nms,NMS,5230_0288804781_01_WRI-L2_M010.png,FP,0.03732610392450553,0.0,,no_gt_match_or_lower_confidence_on_same_gt,NMS5,3,3,319.0,1004.0,19.0,90.0,1465,242,1223,0.16518771331058021,0.968
nms,NMS,5733_0388429441_01_WRI-L2_M015.png,FP,0.03720749713494941,0.1684285070392313,0,no_gt_match_or_lower_confidence_on_same_gt,NMS9,1,1,254.0,321.0,141.0,98.0,1466,242,1224,0.165075034106412,0.968
nms,NMS,1536_1072748039_01_WRI-L2_M010.png,FP,0.036994805845773734,0.0,,no_gt_match_or_lower_confidence_on_same_gt,NMS8,5,5,174.0,670.0,142.0,100.0,1467,242,1225,0.16496250852079072,0.968
nms,NMS,1493_0516110451_02_WRI-L1_F012.PNG,FP,0.03694995592664312,0.0,,no_gt_match_or_lower_confidence_on_same_gt,NMS17,13,13,129.0,795.0,63.0,90.0,1468,242,1226,0.164850136239782,0.968
nms,NMS,5983_1184814878_01_WRI-L1_M011.png,FP,0.03681158557006237,0.0,,no_gt_match_or_lower_confidence_on_same_gt,NMS11,16,16,310.0,290.0,18.0,90.0,1469,242,1227,0.16473791695030632,0.968
nms,NMS,1171_0294174076_01_WRI-R2_M013.PNG,FP,0.03657397221939299,0.0,,no_gt_match_or_lower_confidence_on_same_gt,NMS5,8,8,163.0,284.0,91.0,90.0,1470,242,1228,0.16462585034013605,0.968
nms,NMS,0993_0784632097_01_WRI-L2_F012.PNG,FP,0.036490631865049215,0.0,,no_gt_match_or_lower_confidence_on_same_gt,NMS4,4,4,256.0,254.0,91.0,90.0,1471,242,1229,0.16451393609789258,0.968
nms,NMS,5379_0388426289_02_WRI-L2_M009.png,FP,0.03641915846413507,0.0,,no_gt_match_or_lower_confidence_on_same_gt,NMS6,13,13,177.0,955.0,91.0,90.0,1472,242,1230,0.1644021739130435,0.968
nms,NMS,5121_0676540097_02_WRI-R1_M011.PNG,FP,0.036381561464133426,0.0,,no_gt_match_or_lower_confidence_on_same_gt,NMS15,1,1,0.0,370.0,38.0,140.0,1473,242,1231,0.16429056347589951,0.968
nms,NMS,0066_1263156785_04_WRI-L1_M011.png,FP,0.03631136653486397,0.0,,no_gt_match_or_lower_confidence_on_same_gt,NMS9,17,17,256.0,439.0,91.0,90.0,1474,242,1232,0.16417910447761194,0.968
nms,NMS,1860_0668647760_02_WRI-R1_M010.png,FP,0.03625092769517809,0.0,,no_gt_match_or_lower_confidence_on_same_gt,NMS6,8,8,191.0,299.0,56.0,90.0,1475,242,1233,0.1640677966101695,0.968
nms,NMS,2880_0995256867_02_WRI-R2_M010.png,FP,0.036165352944821566,0.0,,no_gt_match_or_lower_confidence_on_same_gt,NMS4,4,4,469.0,595.0,95.0,90.0,1476,242,1234,0.16395663956639567,0.968
nms,NMS,4949_0969499613_03_WRI-R2_M006.png,FP,0.035948778842726466,0.010530592123475839,0,no_gt_match_or_lower_confidence_on_same_gt,NMS7,9,9,238.0,212.0,33.0,90.0,1477,242,1235,0.16384563303994584,0.968
nms,NMS,5357_0717952874_05_WRI-R2_M013.PNG,FP,0.03590687843308475,0.10353591413017485,0,no_gt_match_or_lower_confidence_on_same_gt,NMS15,9,9,380.0,482.0,143.0,100.0,1478,242,1236,0.16373477672530445,0.968
nms,NMS,1375_0307850434_02_WRI-L2_M011.PNG,FP,0.03590470377698387,0.0,,no_gt_match_or_lower_confidence_on_same_gt,NMS8,2,2,410.0,612.0,136.0,96.0,1479,242,1237,0.16362407031778228,0.968
nms,NMS,1171_0294174076_01_WRI-R2_M013.PNG,FP,0.03579138858112725,0.0,,no_gt_match_or_lower_confidence_on_same_gt,NMS6,6,6,239.0,635.0,85.0,90.0,1480,242,1238,0.1635135135135135,0.968
nms,NMS,5537_0386455412_01_WRI-R2_F006.PNG,FP,0.035731394140009365,0.0,,no_gt_match_or_lower_confidence_on_same_gt,NMS3,4,4,241.0,255.0,28.0,90.0,1481,242,1239,0.16340310600945307,0.968
nms,NMS,5476_0960726583_01_WRI-R1_M009.png,FP,0.035682854429907124,0.0,,no_gt_match_or_lower_confidence_on_same_gt,NMS6,5,"5,8",376.0,675.0,62.0,90.0,1482,242,1240,0.1632928475033738,0.968
nms,NMS,5382_1158198931_01_WRI-R1_M012.png,TP,0.035583044913261266,0.5594871515219939,0,matched_gt_highest_confidence,NMS6,9,9,204.0,605.0,91.0,90.0,1483,243,1240,0.1638570465273095,0.972
nms,NMS,5201_0616435065_02_WRI-L2_M006.PNG,FP,0.035570505315645554,0.0,,no_gt_match_or_lower_confidence_on_same_gt,NMS5,2,2,173.0,865.0,68.0,90.0,1484,243,1241,0.1637466307277628,0.972
nms,NMS,0589_0821736373_04_WRI-L1_M017.PNG,FP,0.03556540396098122,0.0,,no_gt_match_or_lower_confidence_on_same_gt,NMS24,2,2,576.0,414.0,59.0,90.0,1485,243,1242,0.16363636363636364,0.972
nms,NMS,5162_0861552938_02_WRI-L2_M009.png,FP,0.035384801191024357,0.0,,no_gt_match_or_lower_confidence_on_same_gt,NMS3,5,5,235.0,413.0,91.0,90.0,1486,243,1243,0.16352624495289367,0.972
nms,NMS,0133_0281744417_01_WRI-R2_M014.png,FP,0.03511672456936513,0.0,,no_gt_match_or_lower_confidence_on_same_gt,NMS8,3,"3,11",254.0,427.0,151.0,106.0,1487,243,1244,0.16341627437794218,0.972
nms,NMS,5373_0602157892_03_WRI-L2_F009.png,FP,0.03509654785430596,0.0,,no_gt_match_or_lower_confidence_on_same_gt,NMS4,3,3,234.0,189.0,146.0,102.0,1488,243,1245,0.16330645161290322,0.972
nms,NMS,5983_1184814878_01_WRI-L1_M011.png,FP,0.034766720392901684,0.0,,no_gt_match_or_lower_confidence_on_same_gt,NMS12,11,"11,4",204.0,306.0,82.0,90.0,1489,243,1246,0.16319677635997312,0.972
nms,NMS,5643_0898771639_01_WRI-R1_M016.PNG,FP,0.034570703584833044,0.0,,no_gt_match_or_lower_confidence_on_same_gt,NMS8,9,9,305.0,439.0,91.0,90.0,1490,243,1247,0.16308724832214766,0.972
nms,NMS,5357_0717952874_05_WRI-R2_M013.PNG,FP,0.03451656070006552,0.0,,no_gt_match_or_lower_confidence_on_same_gt,NMS16,8,8,230.0,729.0,181.0,126.0,1491,243,1248,0.16297786720321933,0.972
nms,NMS,4886_0345385374_03_WRI-L1_F009.PNG,FP,0.03450952006987654,0.0,,no_gt_match_or_lower_confidence_on_same_gt,NMS9,8,8,361.0,406.0,25.0,90.0,1492,243,1249,0.1628686327077748,0.972
nms,NMS,5476_0960726583_01_WRI-R1_M009.png,FP,0.03442179717234925,0.0,,no_gt_match_or_lower_confidence_on_same_gt,NMS7,13,13,135.0,226.0,20.0,90.0,1493,243,1250,0.16275954454119224,0.972
nms,NMS,5996_1191043595_01_WRI-R2_M008.PNG,FP,0.034208212411413357,0.0,,no_gt_match_or_lower_confidence_on_same_gt,NMS4,3,3,165.0,289.0,91.0,90.0,1494,243,1251,0.16265060240963855,0.972
nms,NMS,0422_1296201520_04_WRI-L1_M010.PNG,FP,0.034205354791134346,0.0,,no_gt_match_or_lower_confidence_on_same_gt,NMS12,4,4,376.0,350.0,36.0,90.0,1495,243,1252,0.1625418060200669,0.972
nms,NMS,4928_0630318905_01_WRI-L2_M009.PNG,FP,0.033979120485344204,0.0,,no_gt_match_or_lower_confidence_on_same_gt,NMS12,8,8,52.0,706.0,52.0,90.0,1496,243,1253,0.16243315508021391,0.972
nms,NMS,5382_1158198931_01_WRI-R1_M012.png,FP,0.033966844040082225,0.0,,no_gt_match_or_lower_confidence_on_same_gt,NMS7,10,10,451.0,427.0,27.0,90.0,1497,243,1254,0.1623246492985972,0.972
nms,NMS,0611_0470785500_02_WRI-L2_F014.png,FP,0.033960549206600986,0.0,,no_gt_match_or_lower_confidence_on_same_gt,NMS9,8,8,401.0,616.0,13.0,90.0,1498,243,1255,0.16221628838451269,0.972
nms,NMS,0818_0571314957_03_WRI-L1_M013.png,FP,0.033773841112878684,0.16197354509613826,0,no_gt_match_or_lower_confidence_on_same_gt,NMS10,5,5,160.0,547.0,181.0,126.0,1499,243,1256,0.16210807204803201,0.972
nms,NMS,4650_0823981766_01_WRI-L2_M014.png,TP,0.033644849728482716,0.5783230488170085,1,matched_gt_highest_confidence,NMS7,11,11,213.0,672.0,91.0,90.0,1500,244,1256,0.16266666666666665,0.976
nms,NMS,0243_0176233486_01_WRI-L2_M012.png,FP,0.03350653284580624,0.0,,no_gt_match_or_lower_confidence_on_same_gt,NMS9,10,10,425.0,955.0,13.0,90.0,1501,244,1257,0.1625582944703531,0.976
nms,NMS,5325_0444985290_01_WRI-R2_F005.png,FP,0.03350212158549605,0.0,,no_gt_match_or_lower_confidence_on_same_gt,NMS2,3,3,227.0,230.0,74.0,90.0,1502,244,1258,0.16245006657789615,0.976
nms,NMS,2176_1073963460_04_WRI-L2_M009.png,FP,0.03349106910022984,0.0,,no_gt_match_or_lower_confidence_on_same_gt,NMS6,3,3,200.0,644.0,95.0,90.0,1503,244,1259,0.16234198270126413,0.976
nms,NMS,5314_0269274371_04_WRI-R2_F010.PNG,FP,0.03345903263990412,0.0,,no_gt_match_or_lower_confidence_on_same_gt,NMS14,8,8,456.0,915.0,102.0,90.0,1504,244,1260,0.1622340425531915,0.976
nms,NMS,4896_0657191053_02_WRI-L2_M009.png,FP,0.03336531456120491,0.0,,no_gt_match_or_lower_confidence_on_same_gt,NMS13,13,13,539.0,489.0,20.0,90.0,1505,244,1261,0.16212624584717608,0.976
nms,NMS,0598_0792844418_02_WRI-L2_F008.png,FP,0.03324742422135383,0.0,,no_gt_match_or_lower_confidence_on_same_gt,NMS7,6,6,64.0,574.0,36.0,90.0,1506,244,1262,0.16201859229747675,0.976
nms,NMS,0133_0281744417_01_WRI-R2_M014.png,FP,0.03299863376951493,0.0,,no_gt_match_or_lower_confidence_on_same_gt,NMS9,14,14,209.0,271.0,91.0,90.0,1507,244,1263,0.1619110816191108,0.976
nms,NMS,0490_0671128517_01_WRI-R1_F012.PNG,FP,0.032786928591252026,0.0,,no_gt_match_or_lower_confidence_on_same_gt,NMS13,16,"16,2",342.0,424.0,89.0,90.0,1508,244,1264,0.16180371352785147,0.976
nms,NMS,0422_1296201520_04_WRI-L1_M010.PNG,FP,0.03273071186905791,0.0,,no_gt_match_or_lower_confidence_on_same_gt,NMS13,8,8,168.0,436.0,55.0,90.0,1509,244,1265,0.16169648774022533,0.976
nms,NMS,0201_0583807806_04_WRI-L2_M011.png,FP,0.03254893299022592,0.0,,no_gt_match_or_lower_confidence_on_same_gt,NMS7,6,"6,5",191.0,692.0,91.0,90.0,1510,244,1266,0.16158940397350993,0.976
nms,NMS,5066_1055147597_05_WRI-L1_M011.png,FP,0.03250174112304696,0.0,,no_gt_match_or_lower_confidence_on_same_gt,NMS9,15,15,280.0,761.0,91.0,90.0,1511,244,1267,0.1614824619457313,0.976
nms,NMS,0530_0793776717_02_WRI-L2_M012.png,FP,0.03238717727969464,0.0,,no_gt_match_or_lower_confidence_on_same_gt,NMS11,1,1,257.0,844.0,133.0,94.0,1512,244,1268,0.16137566137566137,0.976
nms,NMS,0003_0663715782_02_WRI-R2_M011.png,FP,0.03231752147881146,0.09361861013776786,0,no_gt_match_or_lower_confidence_on_same_gt,NMS11,5,5,307.0,636.0,79.0,90.0,1513,244,1269,0.1612690019828156,0.976
nms,NMS,0243_0176233486_01_WRI-L2_M012.png,FP,0.03203526189693797,0.0,,no_gt_match_or_lower_confidence_on_same_gt,NMS10,5,5,117.0,365.0,59.0,90.0,1514,244,1270,0.16116248348745046,0.976
nms,NMS,0424_1003218030_03_WRI-R2_M011.PNG,FP,0.03201913104267535,0.0,,no_gt_match_or_lower_confidence_on_same_gt,NMS5,6,6,270.0,663.0,133.0,94.0,1515,244,1271,0.16105610561056105,0.976
nms,NMS,1375_0307850434_02_WRI-L2_M011.PNG,FP,0.031981778209247164,0.0,,no_gt_match_or_lower_confidence_on_same_gt,NMS9,9,9,190.0,769.0,9.0,90.0,1516,244,1272,0.16094986807387862,0.976
nms,NMS,0407_1248541446_05_WRI-R2_F008.PNG,FP,0.031954289228690175,0.0,,no_gt_match_or_lower_confidence_on_same_gt,NMS10,11,11,747.0,682.0,20.0,90.0,1517,244,1273,0.16084377059986815,0.976
nms,NMS,5922_0905499124_02_WRI-L2_F012.png,FP,0.03189549414330854,0.0,,no_gt_match_or_lower_confidence_on_same_gt,NMS7,6,6,350.0,231.0,35.0,90.0,1518,244,1274,0.16073781291172595,0.976
nms,NMS,5247_0628996773_06_WRI-L2_F009.png,FP,0.03178244140794866,0.007480993464443145,0,no_gt_match_or_lower_confidence_on_same_gt,NMS6,6,6,185.0,343.0,91.0,90.0,1519,244,1275,0.16063199473337722,0.976
nms,NMS,4526_0791926653_02_WRI-L1_F012.PNG,FP,0.031748473533557815,0.0,,no_gt_match_or_lower_confidence_on_same_gt,NMS12,13,13,43.0,755.0,17.0,90.0,1520,244,1276,0.16052631578947368,0.976
nms,NMS,0422_1296201520_04_WRI-L1_M010.PNG,FP,0.03162703784969919,0.0,,no_gt_match_or_lower_confidence_on_same_gt,NMS14,12,12,241.0,274.0,20.0,90.0,1521,244,1277,0.16042077580539119,0.976
nms,NMS,5144_0421025634_01_WRI-R2_M013.PNG,FP,0.031619474001229275,0.15116477704169554,0,no_gt_match_or_lower_confidence_on_same_gt,NMS6,10,10,234.0,442.0,91.0,90.0,1522,244,1278,0.16031537450722733,0.976
nms,NMS,0943_0495535496_01_WRI-L1_F009.PNG,FP,0.03137728557232737,0.0,,no_gt_match_or_lower_confidence_on_same_gt,NMS5,2,"2,5",162.0,327.0,80.0,90.0,1523,244,1279,0.16021011162179907,0.976
nms,NMS,1632_0634171744_02_WRI-R2_M003.png,FP,0.031348313476086444,0.0,,no_gt_match_or_lower_confidence_on_same_gt,NMS5,3,3,106.0,227.0,14.0,90.0,1524,244,1280,0.16010498687664043,0.976
nms,NMS,0818_0571314957_03_WRI-L1_M013.png,FP,0.031213552272168807,0.020314039922237168,0,no_gt_match_or_lower_confidence_on_same_gt,NMS11,11,11,401.0,463.0,25.0,90.0,1525,244,1281,0.16,0.976
nms,NMS,5983_1184814878_01_WRI-L1_M011.png,FP,0.031175266354315122,0.0,,no_gt_match_or_lower_confidence_on_same_gt,NMS13,6,6,297.0,275.0,99.0,90.0,1526,244,1282,0.1598951507208388,0.976
nms,NMS,0066_1263156785_04_WRI-L1_M011.png,FP,0.031074339169052192,0.0,,no_gt_match_or_lower_confidence_on_same_gt,NMS10,12,12,394.0,446.0,91.0,90.0,1527,244,1283,0.15979043876882776,0.976
nms,NMS,0589_0821736373_04_WRI-L1_M017.PNG,FP,0.030838258223387024,0.0,,no_gt_match_or_lower_confidence_on_same_gt,NMS25,16,16,131.0,411.0,136.0,96.0,1528,244,1284,0.15968586387434555,0.976
nms,NMS,1979_1021352022_02_WRI-R1_M007.PNG,FP,0.03081015733093984,0.0,,no_gt_match_or_lower_confidence_on_same_gt,NMS11,7,7,498.0,427.0,12.0,90.0,1529,244,1285,0.15958142576847612,0.976
nms,NMS,0203_1114068044_01_WRI-L1_M011.png,FP,0.030619431396502486,0.0,,no_gt_match_or_lower_confidence_on_same_gt,NMS19,13,13,269.0,852.0,181.0,126.0,1530,244,1286,0.15947712418300652,0.976
nms,NMS,4526_0791926653_02_WRI-L1_F012.PNG,FP,0.030591829463283617,0.0,,no_gt_match_or_lower_confidence_on_same_gt,NMS13,14,14,572.0,404.0,7.0,90.0,1531,244,1287,0.15937295885042455,0.976
nms,NMS,0611_0470785500_02_WRI-L2_F014.png,FP,0.030529859801148033,0.0,,no_gt_match_or_lower_confidence_on_same_gt,NMS10,9,9,135.0,349.0,15.0,90.0,1532,244,1288,0.15926892950391644,0.976
nms,NMS,5227_0411829511_01_WRI-L2_M011.png,FP,0.03045786017886915,0.0,,no_gt_match_or_lower_confidence_on_same_gt,NMS13,12,12,276.0,495.0,42.0,90.0,1533,244,1289,0.15916503587736464,0.976
nms,NMS,5227_0411829511_01_WRI-L2_M011.png,FP,0.030303727712530218,0.001783986446003586,0,no_gt_match_or_lower_confidence_on_same_gt,NMS14,4,4,200.0,342.0,136.0,96.0,1534,244,1290,0.1590612777053455,0.976
nms,NMS,1493_0516110451_02_WRI-L1_F012.PNG,FP,0.03030030190124675,0.0,,no_gt_match_or_lower_confidence_on_same_gt,NMS18,1,1,155.0,415.0,156.0,110.0,1535,244,1291,0.15895765472312703,0.976
nms,NMS,5915_0972188803_01_WRI-L1_M011.png,FP,0.030191227870896366,0.0,,no_gt_match_or_lower_confidence_on_same_gt,NMS8,6,6,276.0,318.0,62.0,90.0,1536,244,1292,0.15885416666666666,0.976
nms,NMS,2458_0430068033_05_WRI-L2_M009.PNG,FP,0.030086829770777437,0.0,,no_gt_match_or_lower_confidence_on_same_gt,NMS7,9,9,272.0,485.0,91.0,90.0,1537,244,1293,0.15875081327260898,0.976
nms,NMS,5066_1055147597_05_WRI-L1_M011.png,FP,0.029929356887454756,0.0,,no_gt_match_or_lower_confidence_on_same_gt,NMS10,9,9,233.0,343.0,91.0,90.0,1538,244,1294,0.15864759427828348,0.976
nms,NMS,0862_0731070423_02_WRI-R1_F007.PNG,FP,0.029860947782927638,0.0,,no_gt_match_or_lower_confidence_on_same_gt,NMS13,20,20,518.0,215.0,44.0,90.0,1539,244,1295,0.1585445094217024,0.976
nms,NMS,0418_0986372204_04_WRI-L2_M008.png,FP,0.029801251726974457,0.0,,no_gt_match_or_lower_confidence_on_same_gt,NMS6,7,7,199.0,228.0,91.0,90.0,1540,244,1296,0.15844155844155844,0.976
nms,NMS,5314_0269274371_04_WRI-R2_F010.PNG,FP,0.029784503744344906,0.0,,no_gt_match_or_lower_confidence_on_same_gt,NMS15,7,7,406.0,385.0,112.0,90.0,1541,244,1297,0.1583387410772226,0.976
nms,NMS,1429_0951458673_04_WRI-L1_M007.PNG,FP,0.029757859053405465,0.009685507874363088,0,no_gt_match_or_lower_confidence_on_same_gt,NMS5,4,4,195.0,292.0,19.0,90.0,1542,244,1298,0.1582360570687419,0.976
nms,NMS,0005_0073601967_01_WRI-R2_F014.png,FP,0.029652079572960496,0.0,,no_gt_match_or_lower_confidence_on_same_gt,NMS4,4,4,333.0,995.0,89.0,90.0,1543,244,1299,0.15813350615683733,0.976
nms,NMS,2975_0736302598_03_WRI-R2_M008.PNG,FP,0.029411017574757607,0.0,,no_gt_match_or_lower_confidence_on_same_gt,NMS7,11,"11,7",392.0,625.0,55.0,90.0,1544,244,1300,0.15803108808290156,0.976
nms,NMS,5764_0922296377_02_WRI-L2_M008.png,FP,0.02933625003584079,0.0,,no_gt_match_or_lower_confidence_on_same_gt,NMS10,8,8,388.0,339.0,30.0,90.0,1545,244,1301,0.15792880258899678,0.976
nms,NMS,0133_0281744417_01_WRI-R2_M014.png,FP,0.029298704184210836,0.0,,no_gt_match_or_lower_confidence_on_same_gt,NMS10,15,15,477.0,545.0,22.0,90.0,1546,244,1302,0.15782664941785252,0.976
nms,NMS,0066_1263156785_04_WRI-L1_M011.png,FP,0.029233279379889895,0.0,,no_gt_match_or_lower_confidence_on_same_gt,NMS11,2,2,359.0,297.0,181.0,126.0,1547,244,1303,0.1577246283128636,0.976
nms,NMS,5357_0717952874_05_WRI-R2_M013.PNG,FP,0.02922240835511812,0.0,,no_gt_match_or_lower_confidence_on_same_gt,NMS17,13,13,130.0,729.0,181.0,126.0,1548,244,1304,0.15762273901808785,0.976
nms,NMS,5247_0625408586_02_WRI-L2_F008.png,FP,0.029169572855829887,0.0,,no_gt_match_or_lower_confidence_on_same_gt,NMS16,23,23,167.0,483.0,89.0,90.0,1549,244,1305,0.15752098127824402,0.976
nms,NMS,5227_0411829511_01_WRI-L2_M011.png,FP,0.029052487973475826,0.0,,no_gt_match_or_lower_confidence_on_same_gt,NMS15,16,16,297.0,403.0,31.0,90.0,1550,244,1306,0.15741935483870967,0.976
nms,NMS,0397_0512488068_01_WRI-L2_F008.PNG,FP,0.029032693595151194,0.5904850970886486,0,no_gt_match_or_lower_confidence_on_same_gt,NMS3,4,4,201.0,315.0,91.0,90.0,1551,244,1307,0.15731785944551901,0.976
nms,NMS,5337_0874269007_02_WRI-R2_F012.PNG,FP,0.02900660267892455,0.0,,no_gt_match_or_lower_confidence_on_same_gt,NMS8,4,4,147.0,332.0,170.0,118.0,1552,244,1308,0.15721649484536082,0.976
nms,NMS,1860_0668647760_02_WRI-R1_M010.png,FP,0.02898608535594585,0.0,,no_gt_match_or_lower_confidence_on_same_gt,NMS7,6,6,345.0,491.0,21.0,90.0,1553,244,1309,0.1571152607855763,0.976
nms,NMS,4977_0714310037_05_WRI-R2_F008.PNG,FP,0.028884507095270393,0.0,,no_gt_match_or_lower_confidence_on_same_gt,NMS6,4,4,196.0,194.0,91.0,90.0,1554,244,1310,0.15701415701415702,0.976
nms,NMS,1391_1164684862_01_WRI-L2_F012.PNG,FP,0.028863178611337352,0.0,,no_gt_match_or_lower_confidence_on_same_gt,NMS4,3,3,131.0,435.0,83.0,90.0,1555,244,1311,0.15691318327974277,0.976
nms,NMS,5227_0411829511_01_WRI-L2_M011.png,FP,0.028735032394910657,0.0,,no_gt_match_or_lower_confidence_on_same_gt,NMS16,18,18,9.0,740.0,85.0,90.0,1556,244,1312,0.15681233933161953,0.976
nms,NMS,4928_0630318905_01_WRI-L2_M009.PNG,FP,0.02872837225337659,0.0,,no_gt_match_or_lower_confidence_on_same_gt,NMS13,11,11,181.0,302.0,91.0,90.0,1557,244,1313,0.1567116249197174,0.976
nms,NMS,5818_0746899911_02_WRI-L2_M014.PNG,FP,0.028631619214127327,0.0,,no_gt_match_or_lower_confidence_on_same_gt,NMS9,14,14,56.0,374.0,91.0,90.0,1558,244,1314,0.15661103979460847,0.976
nms,NMS,1742_0657595114_01_WRI-R2_F009.png,FP,0.02856534653496722,0.0,,no_gt_match_or_lower_confidence_on_same_gt,NMS10,6,6,403.0,398.0,106.0,90.0,1559,244,1315,0.1565105837075048,0.976
nms,NMS,5934_1088190587_01_WRI-R2_F006.png,FP,0.028545046677000255,0.0,,no_gt_match_or_lower_confidence_on_same_gt,NMS10,14,14,342.0,828.0,91.0,90.0,1560,244,1316,0.1564102564102564,0.976
nms,NMS,0407_1248541446_05_WRI-R2_F008.PNG,FP,0.0284131050030871,0.0,,no_gt_match_or_lower_confidence_on_same_gt,NMS11,4,4,500.0,595.0,117.0,90.0,1561,244,1317,0.15631005765534914,0.976
nms,NMS,0536_1045921212_01_WRI-L2_M007.PNG,FP,0.028323234372592845,0.0,,no_gt_match_or_lower_confidence_on_same_gt,NMS6,8,8,204.0,729.0,7.0,90.0,1562,244,1318,0.15620998719590268,0.976
nms,NMS,1493_0516110511_02_WRI-L2_F012.PNG,FP,0.02813376186374772,0.0,,no_gt_match_or_lower_confidence_on_same_gt,NMS15,10,10,463.0,663.0,15.0,90.0,1563,244,1319,0.1561100447856686,0.976
nms,NMS,4526_0791926653_02_WRI-L1_F012.PNG,FP,0.0281013133558228,0.0,,no_gt_match_or_lower_confidence_on_same_gt,NMS14,4,4,180.0,795.0,124.0,90.0,1564,244,1320,0.15601023017902813,0.976
nms,NMS,1375_0307850434_02_WRI-L2_M011.PNG,FP,0.02780349371087925,0.0,,no_gt_match_or_lower_confidence_on_same_gt,NMS10,4,4,410.0,502.0,136.0,96.0,1565,244,1321,0.15591054313099043,0.976
nms,NMS,5238_0561586292_02_WRI-L2_F006.PNG,FP,0.02777619320356168,0.0,,no_gt_match_or_lower_confidence_on_same_gt,NMS8,9,9,180.0,305.0,91.0,90.0,1566,244,1322,0.1558109833971903,0.976
nms,NMS,0537_1193881316_01_WRI-L1_F007.PNG,FP,0.02777082427257848,0.0,,no_gt_match_or_lower_confidence_on_same_gt,NMS6,4,4,194.0,517.0,91.0,90.0,1567,244,1323,0.1557115507338864,0.976
nms,NMS,4732_0612125811_02_WRI-L2_F004.PNG,FP,0.02771992545204362,0.0,,no_gt_match_or_lower_confidence_on_same_gt,NMS2,3,3,266.0,246.0,85.0,90.0,1568,244,1324,0.1556122448979592,0.976
nms,NMS,5533_1116362310_04_WRI-R2_F010.png,FP,0.027517137141085092,0.0,,no_gt_match_or_lower_confidence_on_same_gt,NMS10,6,6,315.0,775.0,69.0,90.0,1569,244,1325,0.15551306564690887,0.976
nms,NMS,0862_0731070423_02_WRI-R1_F007.PNG,FP,0.02751082938164666,0.0,,no_gt_match_or_lower_confidence_on_same_gt,NMS14,19,19,262.0,229.0,34.0,90.0,1570,244,1326,0.1554140127388535,0.976
nms,NMS,5379_0388426289_02_WRI-L2_M009.png,FP,0.027349738351371885,0.0,,no_gt_match_or_lower_confidence_on_same_gt,NMS7,7,"7,3",235.0,627.0,93.0,90.0,1571,244,1327,0.15531508593252705,0.976
nms,NMS,1043_0381634738_02_WRI-L2_M001.PNG,FP,0.027297255324270575,0.0,,no_gt_match_or_lower_confidence_on_same_gt,NMS7,8,8,268.0,146.0,20.0,90.0,1572,244,1328,0.15521628498727735,0.976
nms,NMS,0288_1220813964_01_WRI-L2_F008.png,FP,0.02723093690824351,0.0,,no_gt_match_or_lower_confidence_on_same_gt,NMS10,2,2,236.0,397.0,150.0,106.0,1573,244,1329,0.1551176096630642,0.976
nms,NMS,6064_0993979697_01_WRI-R1_M004.PNG,FP,0.027209733603217923,0.0,,no_gt_match_or_lower_confidence_on_same_gt,NMS7,7,7,289.0,172.0,91.0,90.0,1574,244,1330,0.15501905972045743,0.976
nms,NMS,5201_0616435065_02_WRI-L2_M006.PNG,FP,0.0271173925013066,0.0,,no_gt_match_or_lower_confidence_on_same_gt,NMS6,5,5,178.0,386.0,57.0,90.0,1575,244,1331,0.15492063492063493,0.976
nms,NMS,5121_0676540097_02_WRI-R1_M011.PNG,FP,0.027115626813470767,0.0,,no_gt_match_or_lower_confidence_on_same_gt,NMS16,16,16,231.0,636.0,91.0,90.0,1576,244,1332,0.1548223350253807,0.976
nms,NMS,0936_0638208714_03_WRI-R2_M008.PNG,FP,0.027021314253852343,0.0,,no_gt_match_or_lower_confidence_on_same_gt,NMS5,2,2,206.0,695.0,89.0,90.0,1577,244,1333,0.15472415979708307,0.976
nms,NMS,0126_0816183836_01_WRI-L2_F008.png,FP,0.02686684003919566,0.0,,no_gt_match_or_lower_confidence_on_same_gt,NMS6,4,4,188.0,685.0,64.0,90.0,1578,244,1334,0.15462610899873258,0.976
nms,NMS,5289_0680957054_03_WRI-L2_M009.PNG,FP,0.02684895784086324,0.29068319828413913,0,no_gt_match_or_lower_confidence_on_same_gt,NMS4,4,4,99.0,386.0,139.0,98.0,1579,244,1335,0.15452818239392022,0.976
nms,NMS,5456_0603428013_02_WRI-L2_M011.PNG,FP,0.0267210591652795,0.0,,no_gt_match_or_lower_confidence_on_same_gt,NMS6,5,5,188.0,925.0,67.0,90.0,1580,244,1336,0.15443037974683543,0.976
nms,NMS,4671_1037664684_01_WRI-R1_F009.PNG,FP,0.026642638685915408,0.0,,no_gt_match_or_lower_confidence_on_same_gt,NMS6,5,5,424.0,551.0,14.0,90.0,1581,244,1337,0.15433270082226438,0.976
nms,NMS,0522_0599819429_01_WRI-R2_M008.png,FP,0.026551216862028527,0.0,,no_gt_match_or_lower_confidence_on_same_gt,NMS4,4,4,124.0,308.0,88.0,90.0,1582,244,1338,0.15423514538558786,0.976
nms,NMS,5238_0561586292_02_WRI-L2_F006.PNG,FP,0.026503099373698654,0.0,,no_gt_match_or_lower_confidence_on_same_gt,NMS9,3,3,242.0,584.0,26.0,90.0,1583,244,1339,0.15413771320277952,0.976
nms,NMS,0589_0821736373_04_WRI-L1_M017.PNG,FP,0.026295227202109726,0.0,,no_gt_match_or_lower_confidence_on_same_gt,NMS26,33,33,114.0,732.0,91.0,90.0,1584,244,1340,0.15404040404040403,0.976
nms,NMS,1493_0516110451_02_WRI-L1_F012.PNG,FP,0.02628001092517463,0.0,,no_gt_match_or_lower_confidence_on_same_gt,NMS19,12,12,360.0,792.0,138.0,96.0,1585,244,1341,0.15394321766561514,0.976
nms,NMS,0243_0176233486_01_WRI-L2_M012.png,FP,0.026198068013577235,0.0,,no_gt_match_or_lower_confidence_on_same_gt,NMS11,3,3,253.0,635.0,93.0,90.0,1586,244,1342,0.15384615384615385,0.976
nms,NMS,0699_0308341460_03_WRI-L2_M013.PNG,FP,0.026075096800688202,0.0,,no_gt_match_or_lower_confidence_on_same_gt,NMS7,7,7,132.0,329.0,78.0,90.0,1587,244,1343,0.15374921235034655,0.976
nms,NMS,4555_0522752808_02_WRI-R2_M013.png,FP,0.025968694129257286,0.0,,no_gt_match_or_lower_confidence_on_same_gt,NMS12,1,"1,18",361.0,383.0,136.0,96.0,1588,244,1344,0.15365239294710328,0.976
nms,NMS,0030_0853281744_01_WRI-L2_F008.png,FP,0.02587428172298691,0.0,,no_gt_match_or_lower_confidence_on_same_gt,NMS3,3,3,203.0,535.0,53.0,90.0,1589,244,1345,0.15355569540591568,0.976
nms,NMS,5931_0732587357_02_WRI-R2_M014.PNG,FP,0.025638308483768496,0.0,,no_gt_match_or_lower_confidence_on_same_gt,NMS10,2,2,371.0,377.0,181.0,126.0,1590,244,1346,0.15345911949685534,0.976
nms,NMS,5456_0603427972_01_WRI-L1_M011.png,FP,0.025603970852163798,0.1940331457686991,0,no_gt_match_or_lower_confidence_on_same_gt,NMS12,1,1,270.0,527.0,181.0,126.0,1591,244,1347,0.15336266499057197,0.976
nms,NMS,4542_0289418685_06_WRI-R2_M012.PNG,FP,0.025402737702001587,0.0,,no_gt_match_or_lower_confidence_on_same_gt,NMS6,2,2,293.0,788.0,84.0,90.0,1592,244,1348,0.15326633165829145,0.976
nms,NMS,0407_1248541446_05_WRI-R2_F008.PNG,FP,0.025379012626427666,0.2707373823286296,0,no_gt_match_or_lower_confidence_on_same_gt,NMS12,13,13,335.0,449.0,91.0,90.0,1593,244,1349,0.15317011927181418,0.976
nms,NMS,0749_0874509515_05_WRI-L2_M005.png,FP,0.02537743021373413,0.0,,no_gt_match_or_lower_confidence_on_same_gt,NMS9,9,9,201.0,239.0,91.0,90.0,1594,244,1350,0.15307402760351319,0.976
nms,NMS,0321_1214605337_02_WRI-L2_M012.PNG,FP,0.025269649440180345,0.0,,no_gt_match_or_lower_confidence_on_same_gt,NMS12,11,11,74.0,281.0,19.0,90.0,1595,244,1351,0.15297805642633228,0.976
nms,NMS,0066_1261433167_01_WRI-L2_M011.PNG,FP,0.025023171206082516,0.11292485613549702,0,no_gt_match_or_lower_confidence_on_same_gt,NMS9,7,7,160.0,557.0,181.0,126.0,1596,244,1352,0.15288220551378445,0.976
nms,NMS,5845_1129334892_04_WRI-R2_F010.png,FP,0.024974540997159827,0.0,,no_gt_match_or_lower_confidence_on_same_gt,NMS7,6,6,286.0,280.0,56.0,90.0,1597,244,1353,0.1527864746399499,0.976
nms,NMS,0542_0298295711_03_WRI-L2_F010.PNG,FP,0.024969022303068984,0.0,,no_gt_match_or_lower_confidence_on_same_gt,NMS5,6,6,122.0,200.0,91.0,90.0,1598,244,1354,0.15269086357947434,0.976
nms,NMS,4650_0823981766_01_WRI-L2_M014.png,FP,0.02491727201776734,0.16362400830017546,0,no_gt_match_or_lower_confidence_on_same_gt,NMS8,2,2,153.0,784.0,160.0,112.0,1599,244,1355,0.15259537210756724,0.976
nms,NMS,5743_0963537164_04_WRI-R2_M009.PNG,FP,0.024865593524033794,0.0,,no_gt_match_or_lower_confidence_on_same_gt,NMS4,6,"6,5",188.0,242.0,91.0,90.0,1600,244,1356,0.1525,0.976
nms,NMS,0239_0828414004_02_WRI-L2_M009.PNG,FP,0.024793282459825792,0.0,,no_gt_match_or_lower_confidence_on_same_gt,NMS9,5,5,218.0,775.0,92.0,90.0,1601,244,1357,0.1524047470331043,0.976
nms,NMS,5144_0421025634_01_WRI-R2_M013.PNG,FP,0.024786459992467827,0.0,,no_gt_match_or_lower_confidence_on_same_gt,NMS7,9,9,255.0,334.0,73.0,90.0,1602,244,1358,0.1523096129837703,0.976
nms,NMS,5247_0625408586_02_WRI-L2_F008.png,FP,0.02468360496033742,0.0,,no_gt_match_or_lower_confidence_on_same_gt,NMS17,13,13,66.0,589.0,22.0,90.0,1603,244,1359,0.15221459762944478,0.976
nms,NMS,5996_1191043595_01_WRI-R2_M008.PNG,FP,0.02465337199249101,0.0,,no_gt_match_or_lower_confidence_on_same_gt,NMS5,1,"1,4",165.0,235.0,74.0,90.0,1604,244,1360,0.15211970074812967,0.976
nms,NMS,5382_1158198931_01_WRI-R1_M012.png,FP,0.02460799017382759,0.0,,no_gt_match_or_lower_confidence_on_same_gt,NMS8,13,13,192.0,752.0,91.0,90.0,1605,244,1361,0.15202492211838006,0.976
nms,NMS,0184_0953131511_01_WRI-R2_M017.png,FP,0.02452984057265121,0.0,,no_gt_match_or_lower_confidence_on_same_gt,NMS4,5,5,208.0,346.0,92.0,90.0,1606,244,1362,0.1519302615193026,0.976
nms,NMS,4526_0791926653_02_WRI-L1_F012.PNG,FP,0.024461662186466615,0.07589986402597215,0,no_gt_match_or_lower_confidence_on_same_gt,NMS15,2,2,253.0,541.0,168.0,118.0,1607,244,1363,0.15183571873055382,0.976
nms,NMS,2880_0995256867_02_WRI-R2_M010.png,FP,0.02444227172744429,0.0,,no_gt_match_or_lower_confidence_on_same_gt,NMS5,10,10,714.0,529.0,28.0,90.0,1608,244,1364,0.1517412935323383,0.976
nms,NMS,5144_0421025634_01_WRI-R2_M013.PNG,FP,0.024393842479748618,0.0,,no_gt_match_or_lower_confidence_on_same_gt,NMS8,8,8,372.0,660.0,7.0,90.0,1609,244,1365,0.15164698570540708,0.976
nms,NMS,5655_0803422185_01_WRI-R2_F010.png,FP,0.024192638266507284,0.0,,no_gt_match_or_lower_confidence_on_same_gt,NMS3,3,3,324.0,445.0,78.0,90.0,1610,244,1366,0.1515527950310559,0.976
nms,NMS,4732_0612125811_02_WRI-L2_F004.PNG,FP,0.023969130218183032,0.14496740996952057,0,no_gt_match_or_lower_confidence_on_same_gt,NMS3,1,1,240.0,421.0,57.0,90.0,1611,244,1367,0.15145872129112353,0.976
nms,NMS,0469_1003491279_04_WRI-L2_F009.PNG,FP,0.02391788231758412,0.007786745194035845,0,no_gt_match_or_lower_confidence_on_same_gt,NMS5,3,3,177.0,465.0,86.0,90.0,1612,244,1368,0.1513647642679901,0.976
nms,NMS,0589_0821736373_04_WRI-L1_M017.PNG,FP,0.023877831425038614,0.0453980294320436,0,no_gt_match_or_lower_confidence_on_same_gt,NMS27,17,17,406.0,638.0,145.0,102.0,1613,244,1369,0.15127092374457532,0.976
nms,NMS,0536_1045921212_01_WRI-L2_M007.PNG,FP,0.023858384953148182,0.0,,no_gt_match_or_lower_confidence_on_same_gt,NMS7,5,5,236.0,738.0,54.0,90.0,1614,244,1370,0.15117719950433706,0.976
nms,NMS,4605_0740967567_01_WRI-L2_F011.PNG,FP,0.023789718174602195,0.0,,no_gt_match_or_lower_confidence_on_same_gt,NMS9,13,"13,8",162.0,558.0,61.0,90.0,1615,244,1371,0.15108359133126936,0.976
nms,NMS,0066_1261433167_01_WRI-L2_M011.PNG,FP,0.023744012244885312,0.0,,no_gt_match_or_lower_confidence_on_same_gt,NMS10,11,11,357.0,665.0,91.0,90.0,1616,244,1372,0.15099009900990099,0.976
nms,NMS,0817_0782054506_01_WRI-R2_F006.png,FP,0.02369762898956696,0.2811236822724472,0,no_gt_match_or_lower_confidence_on_same_gt,NMS4,2,2,194.0,535.0,99.0,90.0,1617,244,1373,0.15089672232529375,0.976
nms,NMS,0812_0349793895_03_WRI-L2_M013.PNG,FP,0.023673594250351003,0.0,,no_gt_match_or_lower_confidence_on_same_gt,NMS10,13,13,365.0,390.0,91.0,90.0,1618,244,1374,0.1508034610630408,0.976
nms,NMS,0066_1261433167_01_WRI-L2_M011.PNG,FP,0.023424463365573803,0.0,,no_gt_match_or_lower_confidence_on_same_gt,NMS11,4,4,190.0,297.0,181.0,126.0,1619,244,1375,0.150710315009265,0.976
nms,NMS,4812_0715449570_01_WRI-R2_M008.PNG,FP,0.023402668766761617,0.0,,no_gt_match_or_lower_confidence_on_same_gt,NMS9,4,4,417.0,578.0,64.0,90.0,1620,244,1376,0.1506172839506173,0.976
nms,NMS,1392_0677451986_01_WRI-R2_M017.png,FP,0.023343256859206792,0.0,,no_gt_match_or_lower_confidence_on_same_gt,NMS15,15,15,505.0,433.0,46.0,90.0,1621,244,1377,0.15052436767427513,0.976
nms,NMS,0589_0821736373_04_WRI-L1_M017.PNG,FP,0.023310105830627124,0.0,,no_gt_match_or_lower_confidence_on_same_gt,NMS28,13,13,316.0,547.0,149.0,104.0,1622,244,1378,0.1504315659679408,0.976
nms,NMS,1563_0496123113_02_WRI-L1_M011.png,FP,0.023269151915399855,0.0,,no_gt_match_or_lower_confidence_on_same_gt,NMS7,10,10,257.0,845.0,101.0,90.0,1623,244,1379,0.1503388786198398,0.976
nms,NMS,5845_1129334892_04_WRI-R2_F010.png,FP,0.02326844774134875,0.0,,no_gt_match_or_lower_confidence_on_same_gt,NMS8,4,4,250.0,745.0,71.0,90.0,1624,244,1380,0.15024630541871922,0.976
nms,NMS,5533_1116362310_04_WRI-R2_F010.png,FP,0.023202091222003497,0.0,,no_gt_match_or_lower_confidence_on_same_gt,NMS11,4,"4,16",322.0,685.0,68.0,90.0,1625,244,1381,0.15015384615384617,0.976
nms,NMS,1375_0307850434_02_WRI-L2_M011.PNG,FP,0.023057667138592374,0.0,,no_gt_match_or_lower_confidence_on_same_gt,NMS11,7,7,450.0,824.0,131.0,92.0,1626,244,1382,0.15006150061500614,0.976
nms,NMS,5613_0925004359_01_WRI-R2_F012.PNG,FP,0.023029572503107776,0.0,,no_gt_match_or_lower_confidence_on_same_gt,NMS8,5,5,78.0,245.0,59.0,90.0,1627,244,1383,0.14996926859250154,0.976
nms,NMS,1493_0516110511_02_WRI-L2_F012.PNG,FP,0.02302325414485842,0.0,,no_gt_match_or_lower_confidence_on_same_gt,NMS16,4,4,187.0,475.0,127.0,90.0,1628,244,1384,0.14987714987714987,0.976
nms,NMS,1563_0496123113_02_WRI-L1_M011.png,FP,0.02300066376068136,0.0,,no_gt_match_or_lower_confidence_on_same_gt,NMS8,12,"12,7",200.0,354.0,71.0,90.0,1629,244,1385,0.1497851442602824,0.976
nms,NMS,0133_0281744417_01_WRI-R2_M014.png,FP,0.0229861637369597,0.0,,no_gt_match_or_lower_confidence_on_same_gt,NMS11,8,8,472.0,515.0,25.0,90.0,1630,244,1386,0.14969325153374233,0.976
nms,NMS,1493_0516110451_02_WRI-L1_F012.PNG,FP,0.022724963939006505,0.19829153754340503,0,no_gt_match_or_lower_confidence_on_same_gt,NMS20,23,23,429.0,392.0,91.0,90.0,1631,244,1387,0.1496014714898835,0.976
nms,NMS,0203_1114068044_01_WRI-L1_M011.png,FP,0.022722041786729975,0.0,,no_gt_match_or_lower_confidence_on_same_gt,NMS20,26,26,222.0,494.0,87.0,90.0,1632,244,1388,0.14950980392156862,0.976
nms,NMS,0133_0281744417_01_WRI-R2_M014.png,FP,0.022701404168945023,0.0,,no_gt_match_or_lower_confidence_on_same_gt,NMS12,7,7,221.0,775.0,124.0,90.0,1633,244,1389,0.1494182486221678,0.976
nms,NMS,1283_0402792035_01_WRI-L2_M009.png,FP,0.022617292209614843,0.0,,no_gt_match_or_lower_confidence_on_same_gt,NMS3,2,2,156.0,514.0,66.0,90.0,1634,244,1390,0.14932680538555693,0.976
nms,NMS,4949_0969499613_03_WRI-R2_M006.png,FP,0.02247727759990532,0.0,,no_gt_match_or_lower_confidence_on_same_gt,NMS8,3,3,276.0,399.0,146.0,102.0,1635,244,1391,0.1492354740061162,0.976
nms,NMS,1979_1021352022_02_WRI-R1_M007.PNG,FP,0.02236173712056704,0.0,,no_gt_match_or_lower_confidence_on_same_gt,NMS12,8,8,392.0,267.0,38.0,90.0,1636,244,1392,0.1491442542787286,0.976
nms,NMS,5814_0407544765_01_WRI-L1_M016.PNG,FP,0.022332023259302905,0.0,,no_gt_match_or_lower_confidence_on_same_gt,NMS14,5,5,284.0,1224.0,159.0,112.0,1637,244,1393,0.14905314599877825,0.976
nms,NMS,1392_0677451986_01_WRI-R2_M017.png,FP,0.022098265230081262,0.0,,no_gt_match_or_lower_confidence_on_same_gt,NMS16,8,8,366.0,1002.0,139.0,98.0,1638,244,1394,0.14896214896214896,0.976
nms,NMS,5489_0628153015_04_WRI-R2_M006.png,FP,0.022097489780690312,0.027786320267874465,0,no_gt_match_or_lower_confidence_on_same_gt,NMS5,4,4,206.0,346.0,91.0,90.0,1639,244,1395,0.14887126296522268,0.976
nms,NMS,1563_0496123113_02_WRI-L1_M011.png,FP,0.021940555305465063,0.0,,no_gt_match_or_lower_confidence_on_same_gt,NMS9,13,13,327.0,298.0,91.0,90.0,1640,244,1396,0.14878048780487804,0.976
nms,NMS,5247_0625408586_02_WRI-L2_F008.png,FP,0.021812904539811547,0.0,,no_gt_match_or_lower_confidence_on_same_gt,NMS18,22,22,100.0,378.0,30.0,90.0,1641,244,1397,0.14868982327848873,0.976
nms,NMS,1493_0516110451_02_WRI-L1_F012.PNG,FP,0.021713786195645055,0.0,,no_gt_match_or_lower_confidence_on_same_gt,NMS21,16,16,227.0,1003.0,134.0,94.0,1642,244,1398,0.14859926918392205,0.976
nms,NMS,0915_0434122280_01_WRI-L1_M008.PNG,FP,0.021511720433478255,0.07190702762480557,0,no_gt_match_or_lower_confidence_on_same_gt,NMS4,2,2,266.0,522.0,73.0,90.0,1643,244,1399,0.14850882531953744,0.976
nms,NMS,1493_0516110451_02_WRI-L1_F012.PNG,FP,0.02136492489409087,0.0,,no_gt_match_or_lower_confidence_on_same_gt,NMS22,24,24,147.0,605.0,34.0,90.0,1644,244,1400,0.14841849148418493,0.976
nms,NMS,0993_0784632097_01_WRI-L2_F012.PNG,FP,0.021218815457805122,0.0,,no_gt_match_or_lower_confidence_on_same_gt,NMS5,3,3,296.0,535.0,85.0,90.0,1645,244,1401,0.14832826747720365,0.976
nms,NMS,5066_1055147597_05_WRI-L1_M011.png,FP,0.021189231510530152,0.0,,no_gt_match_or_lower_confidence_on_same_gt,NMS11,10,10,268.0,396.0,133.0,94.0,1646,244,1402,0.14823815309842042,0.976
nms,NMS,4526_0791926653_02_WRI-L1_F012.PNG,FP,0.021056503032493384,0.0,,no_gt_match_or_lower_confidence_on_same_gt,NMS16,6,6,165.0,695.0,129.0,90.0,1647,244,1403,0.14814814814814814,0.976
nms,NMS,1143_0633014370_02_WRI-L1_M012.png,FP,0.020987454450652476,0.0,,no_gt_match_or_lower_confidence_on_same_gt,NMS8,5,5,223.0,415.0,41.0,90.0,1648,244,1404,0.14805825242718446,0.976
nms,NMS,0066_1263156785_04_WRI-L1_M011.png,FP,0.02084035543548816,0.22358687287871576,0,no_gt_match_or_lower_confidence_on_same_gt,NMS12,13,13,321.0,519.0,91.0,90.0,1649,244,1405,0.1479684657368102,0.976
nms,NMS,5743_0963537164_04_WRI-R2_M009.PNG,FP,0.020786393824023315,0.0,,no_gt_match_or_lower_confidence_on_same_gt,NMS5,4,4,257.0,575.0,118.0,90.0,1650,244,1406,0.1478787878787879,0.976
nms,NMS,1375_0307850434_02_WRI-L2_M011.PNG,FP,0.02072435301152698,0.0,,no_gt_match_or_lower_confidence_on_same_gt,NMS12,3,3,420.0,363.0,133.0,94.0,1651,244,1407,0.14778921865536038,0.976
nms,NMS,4847_0436558708_02_WRI-L2_M014.png,FP,0.020628393938894003,0.0,,no_gt_match_or_lower_confidence_on_same_gt,NMS6,2,2,172.0,328.0,149.0,104.0,1652,244,1408,0.14769975786924938,0.976
nms,NMS,4963_0373549808_02_WRI-L2_F006.png,FP,0.020588188770275257,0.0,,no_gt_match_or_lower_confidence_on_same_gt,NMS9,4,4,176.0,276.0,56.0,90.0,1653,244,1409,0.14761040532365396,0.976
nms,NMS,6060_0585926294_01_WRI-R2_M015.png,FP,0.020572460069527624,0.0,,no_gt_match_or_lower_confidence_on_same_gt,NMS8,10,10,240.0,380.0,83.0,90.0,1654,244,1410,0.1475211608222491,0.976
nms,NMS,4555_0522752808_02_WRI-R2_M013.png,FP,0.02055716722902582,0.0,,no_gt_match_or_lower_confidence_on_same_gt,NMS13,4,4,401.0,729.0,176.0,124.0,1655,244,1411,0.1474320241691843,0.976
nms,NMS,5733_0388429441_01_WRI-L2_M015.png,FP,0.02052020178453375,0.12195822393535592,0,no_gt_match_or_lower_confidence_on_same_gt,NMS10,4,4,364.0,427.0,150.0,106.0,1656,244,1412,0.1473429951690821,0.976
nms,NMS,5533_1116362310_04_WRI-R2_F010.png,FP,0.020477021641386758,0.0,,no_gt_match_or_lower_confidence_on_same_gt,NMS12,1,"1,10",317.0,344.0,130.0,92.0,1657,244,1413,0.14725407362703682,0.976
nms,NMS,5379_0388426289_02_WRI-L2_M009.png,FP,0.020398752540941496,0.0,,no_gt_match_or_lower_confidence_on_same_gt,NMS8,5,5,230.0,837.0,107.0,90.0,1658,244,1414,0.1471652593486128,0.976
nms,NMS,5456_0603427972_01_WRI-L1_M011.png,FP,0.02038406675970377,0.08938382528538039,0,no_gt_match_or_lower_confidence_on_same_gt,NMS13,13,13,418.0,531.0,91.0,90.0,1659,244,1415,0.14707655213984328,0.976
nms,NMS,0003_0663715782_02_WRI-R2_M011.png,FP,0.020327398801848435,0.0,,no_gt_match_or_lower_confidence_on_same_gt,NMS12,4,4,284.0,376.0,124.0,90.0,1660,244,1416,0.14698795180722893,0.976
nms,NMS,0203_1114068044_01_WRI-L1_M011.png,FP,0.02026367383025201,0.0,,no_gt_match_or_lower_confidence_on_same_gt,NMS21,11,11,399.0,868.0,163.0,114.0,1661,244,1417,0.1468994581577363,0.976
nms,NMS,2363_0844094867_02_WRI-R2_F010.PNG,FP,0.020133776942965396,0.0,,no_gt_match_or_lower_confidence_on_same_gt,NMS5,5,5,173.0,516.0,13.0,90.0,1662,244,1418,0.14681107099879662,0.976
nms,NMS,0490_0671128517_01_WRI-R1_F012.PNG,FP,0.020130237976767433,0.0,,no_gt_match_or_lower_confidence_on_same_gt,NMS14,14,"14,6",440.0,1109.0,91.0,90.0,1663,244,1419,0.14672279013830428,0.976
nms,NMS,0589_0821736373_04_WRI-L1_M017.PNG,FP,0.01998515882753885,0.0,,no_gt_match_or_lower_confidence_on_same_gt,NMS29,20,20,107.0,614.0,34.0,90.0,1664,244,1420,0.1466346153846154,0.976
nms,NMS,5067_1201935013_05_WRI-L1_M014.png,FP,0.019966747094461154,0.0,,no_gt_match_or_lower_confidence_on_same_gt,NMS10,7,7,109.0,654.0,132.0,92.0,1665,244,1421,0.14654654654654656,0.976
nms,NMS,5664_1006579341_01_WRI-L2_F006.png,FP,0.019958992309573816,0.0,,no_gt_match_or_lower_confidence_on_same_gt,NMS6,2,2,142.0,695.0,65.0,90.0,1666,244,1422,0.14645858343337334,0.976
nms,NMS,0522_0599819429_01_WRI-R2_M008.png,FP,0.0198898704585421,0.0,,no_gt_match_or_lower_confidence_on_same_gt,NMS5,3,3,133.0,610.0,73.0,90.0,1667,244,1423,0.14637072585482905,0.976
nms,NMS,5355_0294185816_01_WRI-L2_M009.png,FP,0.019792122011561115,0.0,,no_gt_match_or_lower_confidence_on_same_gt,NMS8,6,6,172.0,824.0,96.0,90.0,1668,244,1424,0.14628297362110312,0.976
nms,NMS,4936_0635336029_01_WRI-L1_F012.PNG,FP,0.019664853005204867,0.0,,no_gt_match_or_lower_confidence_on_same_gt,NMS7,3,3,222.0,300.0,116.0,90.0,1669,244,1425,0.14619532654284004,0.976
nms,NMS,0003_0663715782_02_WRI-R2_M011.png,FP,0.01965483149880566,0.0,,no_gt_match_or_lower_confidence_on_same_gt,NMS13,3,3,184.0,398.0,181.0,126.0,1670,244,1426,0.14610778443113773,0.976
nms,NMS,0798_1176968591_01_WRI-L2_M010.PNG,FP,0.019620457244752185,0.0,,no_gt_match_or_lower_confidence_on_same_gt,NMS12,4,4,247.0,907.0,96.0,90.0,1671,244,1427,0.14602034709754638,0.976
nms,NMS,0869_0615436364_02_WRI-R2_M016.PNG,FP,0.019509953190101546,0.10261710874606433,0,no_gt_match_or_lower_confidence_on_same_gt,NMS8,5,5,326.0,474.0,160.0,112.0,1672,244,1428,0.145933014354067,0.976
nms,NMS,0201_0583807806_04_WRI-L2_M011.png,FP,0.019476546392734943,0.0,,no_gt_match_or_lower_confidence_on_same_gt,NMS8,3,"3,9",171.0,275.0,106.0,90.0,1673,244,1429,0.14584578601315004,0.976
nms,NMS,4551_0708641747_01_WRI-L1_M008.png,FP,0.019469545683816977,0.0,,no_gt_match_or_lower_confidence_on_same_gt,NMS10,9,9,333.0,363.0,91.0,90.0,1674,244,1430,0.14575866188769415,0.976
nms,NMS,0647_0425957122_01_WRI-L2_F008.PNG,FP,0.01944748529407509,0.0,,no_gt_match_or_lower_confidence_on_same_gt,NMS4,2,2,256.0,821.0,139.0,98.0,1675,244,1431,0.14567164179104478,0.976
nms,NMS,5229_1076706016_04_WRI-R1_M008.png,FP,0.019284478786031397,0.0,,no_gt_match_or_lower_confidence_on_same_gt,NMS11,10,10,98.0,266.0,91.0,90.0,1676,244,1432,0.14558472553699284,0.976
nms,NMS,4708_0685185180_02_WRI-L3_M005.png,FP,0.01921790574462525,0.17877656826673097,0,no_gt_match_or_lower_confidence_on_same_gt,NMS4,1,1,115.0,300.0,126.0,180.0,1677,244,1433,0.1454979129397734,0.976
nms,NMS,5843_0796713227_01_WRI-L2_F012.png,FP,0.01911664055857326,0.0,,no_gt_match_or_lower_confidence_on_same_gt,NMS7,9,9,346.0,244.0,33.0,90.0,1678,244,1434,0.14541120381406436,0.976
nms,NMS,5382_1158198931_01_WRI-R1_M012.png,FP,0.019097783147720662,0.0,,no_gt_match_or_lower_confidence_on_same_gt,NMS9,11,11,353.0,277.0,91.0,90.0,1679,244,1435,0.14532459797498512,0.976
nms,NMS,0647_0425957122_01_WRI-L2_F008.PNG,FP,0.0190452243382683,0.0,,no_gt_match_or_lower_confidence_on_same_gt,NMS5,3,3,250.0,575.0,127.0,90.0,1680,244,1436,0.14523809523809525,0.976
nms,NMS,1218_0392258361_05_WRI-R2_M014.png,FP,0.019003387179677617,0.0,,no_gt_match_or_lower_confidence_on_same_gt,NMS15,5,5,455.0,395.0,24.0,90.0,1681,244,1437,0.1451516954193932,0.976
nms,NMS,5097_0374478251_05_WRI-R2_M015.png,FP,0.01889130567276558,0.0,,no_gt_match_or_lower_confidence_on_same_gt,NMS8,5,5,323.0,715.0,124.0,90.0,1682,244,1438,0.1450653983353151,0.976
nms,NMS,1160_0194008938_01_WRI-L2_M010.png,FP,0.018871106376041214,0.0,,no_gt_match_or_lower_confidence_on_same_gt,NMS3,2,2,155.0,514.0,57.0,90.0,1683,244,1439,0.14497920380273321,0.976
nms,NMS,4605_0740967567_01_WRI-L2_F011.PNG,FP,0.018846736302059457,0.0,,no_gt_match_or_lower_confidence_on_same_gt,NMS10,16,"16,6",284.0,691.0,91.0,90.0,1684,244,1440,0.14489311163895488,0.976
nms,NMS,0424_1003218030_03_WRI-R2_M011.PNG,FP,0.018828612086104732,0.0,,no_gt_match_or_lower_confidence_on_same_gt,NMS6,2,2,259.0,563.0,135.0,94.0,1685,244,1441,0.14480712166172108,0.976
nms,NMS,5271_0280502789_01_WRI-L2_F004.PNG,FP,0.018694571995714074,0.0,,no_gt_match_or_lower_confidence_on_same_gt,NMS6,5,5,226.0,397.0,91.0,90.0,1686,244,1442,0.14472123368920523,0.976
nms,NMS,1563_0496123113_02_WRI-L1_M011.png,FP,0.018681696949240805,0.2509712852274736,0,no_gt_match_or_lower_confidence_on_same_gt,NMS10,3,3,167.0,587.0,181.0,126.0,1687,244,1443,0.14463544754001187,0.976
nms,NMS,5614_0382067224_01_WRI-L2_F010.png,FP,0.01853303017402682,0.0,,no_gt_match_or_lower_confidence_on_same_gt,NMS8,2,2,269.0,829.0,121.0,90.0,1688,244,1444,0.14454976303317535,0.976
nms,NMS,0066_1263156785_04_WRI-L1_M011.png,FP,0.01852023665184364,0.04219973785847558,0,no_gt_match_or_lower_confidence_on_same_gt,NMS13,8,8,195.0,610.0,165.0,180.0,1689,244,1445,0.14446417998815866,0.976
nms,NMS,5664_1006579341_01_WRI-L2_F006.png,FP,0.018395783075322313,0.0,,no_gt_match_or_lower_confidence_on_same_gt,NMS7,6,6,155.0,232.0,91.0,90.0,1690,244,1446,0.14437869822485208,0.976
nms,NMS,0422_1296201520_04_WRI-L1_M010.PNG,FP,0.018389591746467548,0.0,,no_gt_match_or_lower_confidence_on_same_gt,NMS15,14,14,335.0,476.0,91.0,90.0,1691,244,1447,0.14429331756357186,0.976
nms,NMS,0457_1033174859_01_WRI-R2_F008.png,FP,0.018315558176112027,0.0,,no_gt_match_or_lower_confidence_on_same_gt,NMS6,5,"5,7,3",205.0,390.0,91.0,90.0,1692,244,1448,0.14420803782505912,0.976
nms,NMS,0126_0816183836_01_WRI-L2_F008.png,FP,0.01828378350781679,0.0,,no_gt_match_or_lower_confidence_on_same_gt,NMS7,2,2,197.0,515.0,69.0,90.0,1693,244,1449,0.14412285883047843,0.976
nms,NMS,5123_1014618536_01_WRI-L2_M005.png,FP,0.018263969778927764,0.0,,no_gt_match_or_lower_confidence_on_same_gt,NMS4,3,3,210.0,195.0,58.0,90.0,1694,244,1450,0.14403778040141677,0.976
nms,NMS,0243_0176233486_01_WRI-L2_M012.png,FP,0.018175064865896054,0.0,,no_gt_match_or_lower_confidence_on_same_gt,NMS12,11,11,132.0,815.0,26.0,90.0,1695,244,1451,0.143952802359882,0.976
nms,NMS,0641_0946080010_02_WRI-R2_F012.png,FP,0.01817177576027325,0.0,,no_gt_match_or_lower_confidence_on_same_gt,NMS5,6,6,314.0,993.0,110.0,90.0,1696,244,1452,0.14386792452830188,0.976
nms,NMS,0589_0821736373_04_WRI-L1_M017.PNG,FP,0.01815877288803262,0.0,,no_gt_match_or_lower_confidence_on_same_gt,NMS30,11,11,528.0,504.0,82.0,90.0,1697,244,1453,0.1437831467295227,0.976
nms,NMS,0953_1065712598_01_WRI-L2_F005.PNG,FP,0.01811859762458635,0.04946977159671323,0,no_gt_match_or_lower_confidence_on_same_gt,NMS2,1,1,124.0,347.0,55.0,90.0,1698,244,1454,0.143698468786808,0.976
nms,NMS,0862_0731070423_02_WRI-R1_F007.PNG,FP,0.01795629055194336,0.024450454635551507,1,no_gt_match_or_lower_confidence_on_same_gt,NMS15,13,13,398.0,292.0,74.0,90.0,1699,244,1455,0.14361389052383755,0.976
nms,NMS,5764_0922296377_02_WRI-L2_M008.png,FP,0.01790624230133854,0.0,,no_gt_match_or_lower_confidence_on_same_gt,NMS11,5,5,385.0,625.0,53.0,90.0,1700,244,1456,0.14352941176470588,0.976
nms,NMS,0397_0512488068_01_WRI-L2_F008.PNG,FP,0.017892288204698605,0.0,,no_gt_match_or_lower_confidence_on_same_gt,NMS4,3,3,278.0,605.0,80.0,90.0,1701,244,1457,0.14344503233392122,0.976
nms,NMS,1218_0392258361_05_WRI-R2_M014.png,FP,0.017873529533907407,0.0,,no_gt_match_or_lower_confidence_on_same_gt,NMS16,3,3,258.0,383.0,164.0,114.0,1702,244,1458,0.14336075205640422,0.976
nms,NMS,5934_1088190587_01_WRI-R2_F006.png,FP,0.017798773461897732,0.0,,no_gt_match_or_lower_confidence_on_same_gt,NMS11,5,5,297.0,791.0,133.0,94.0,1703,244,1459,0.1432765707574868,0.976
nms,NMS,2880_0995256867_02_WRI-R2_M010.png,FP,0.017750010800371644,0.0,,no_gt_match_or_lower_confidence_on_same_gt,NMS6,7,"7,3",420.0,272.0,91.0,90.0,1704,244,1460,0.1431924882629108,0.976
nms,NMS,4810_0683178845_02_WRI-L1_M011.PNG,FP,0.017732049498327747,0.0,,no_gt_match_or_lower_confidence_on_same_gt,NMS14,7,7,312.0,720.0,172.0,120.0,1705,244,1461,0.14310850439882697,0.976
nms,NMS,5337_0874269007_02_WRI-R2_F012.PNG,FP,0.017581377068559147,0.0,,no_gt_match_or_lower_confidence_on_same_gt,NMS9,3,3,197.0,714.0,134.0,94.0,1706,244,1462,0.14302461899179367,0.976
nms,NMS,5097_0374478251_05_WRI-R2_M015.png,FP,0.017552817215430255,0.0,,no_gt_match_or_lower_confidence_on_same_gt,NMS9,7,7,296.0,380.0,91.0,90.0,1707,244,1463,0.14294083186877563,0.976
nms,NMS,5643_0898771639_01_WRI-R1_M016.PNG,FP,0.01749472705131977,0.0,,no_gt_match_or_lower_confidence_on_same_gt,NMS9,1,1,231.0,310.0,172.0,120.0,1708,244,1464,0.14285714285714285,0.976
nms,NMS,5289_0680957054_03_WRI-L2_M009.PNG,FP,0.01744519177798761,0.0,,no_gt_match_or_lower_confidence_on_same_gt,NMS5,6,6,157.0,560.0,127.0,90.0,1709,244,1465,0.14277355178466938,0.976
nms,NMS,5247_0625408586_02_WRI-L2_F008.png,FP,0.017426756595175594,0.0,,no_gt_match_or_lower_confidence_on_same_gt,NMS19,10,10,361.0,965.0,55.0,90.0,1710,244,1466,0.14269005847953217,0.976
nms,NMS,0201_0583807806_04_WRI-L2_M011.png,FP,0.017356259273848106,0.08948023361776405,0,no_gt_match_or_lower_confidence_on_same_gt,NMS9,7,7,131.0,366.0,91.0,90.0,1711,244,1467,0.14260666277030976,0.976
nms,NMS,4555_0522752808_02_WRI-R2_M013.png,FP,0.017290213857327083,0.014961264037750253,0,no_gt_match_or_lower_confidence_on_same_gt,NMS14,6,6,496.0,641.0,142.0,100.0,1712,244,1468,0.1425233644859813,0.976
nms,NMS,1036_0797762719_02_WRI-L2_M013.png,FP,0.017265243404490718,0.0,,no_gt_match_or_lower_confidence_on_same_gt,NMS10,4,4,189.0,805.0,77.0,90.0,1713,244,1469,0.14244016345592528,0.976
nms,NMS,0240_0448883998_01_WRI-R2_F012.PNG,FP,0.017254755433764108,0.0,,no_gt_match_or_lower_confidence_on_same_gt,NMS5,8,"8,2",230.0,353.0,91.0,90.0,1714,244,1470,0.1423570595099183,0.976
nms,NMS,0844_1081550705_01_WRI-R2_F011.PNG,FP,0.017160504905311107,0.0,,no_gt_match_or_lower_confidence_on_same_gt,NMS6,4,4,207.0,635.0,125.0,90.0,1715,244,1471,0.1422740524781341,0.976
nms,NMS,5733_0388429441_01_WRI-L2_M015.png,FP,0.01713512700310734,0.0,,no_gt_match_or_lower_confidence_on_same_gt,NMS11,11,11,456.0,319.0,64.0,90.0,1716,244,1472,0.14219114219114218,0.976
nms,NMS,4562_0499940005_02_WRI-R2_M003.PNG,FP,0.017124291437296463,0.08273856152590664,0,no_gt_match_or_lower_confidence_on_same_gt,NMS2,1,1,272.0,316.0,67.0,90.0,1717,244,1473,0.14210832847990681,0.976
nms,NMS,5552_0231280543_01_WRI-R2_M005.PNG,FP,0.017014388015649477,0.0,,no_gt_match_or_lower_confidence_on_same_gt,NMS4,3,3,132.0,169.0,91.0,90.0,1718,244,1474,0.1420256111757858,0.976
nms,NMS,0490_0671128517_01_WRI-R1_F012.PNG,FP,0.017004020000074997,0.0,,no_gt_match_or_lower_confidence_on_same_gt,NMS15,11,11,24.0,706.0,11.0,90.0,1719,244,1475,0.14194299011052938,0.976
nms,NMS,5456_0603428013_02_WRI-L2_M011.PNG,FP,0.01694851470967501,0.0,,no_gt_match_or_lower_confidence_on_same_gt,NMS7,1,"1,7",171.0,505.0,120.0,90.0,1720,244,1476,0.14186046511627906,0.976
nms,NMS,0699_0308341460_03_WRI-L2_M013.PNG,FP,0.016903528344406494,0.0,,no_gt_match_or_lower_confidence_on_same_gt,NMS8,4,4,125.0,285.0,64.0,90.0,1721,244,1477,0.14177803602556652,0.976
nms,NMS,4847_0436558708_02_WRI-L2_M014.png,FP,0.016866828208942582,0.0,,no_gt_match_or_lower_confidence_on_same_gt,NMS7,4,4,88.0,595.0,27.0,90.0,1722,244,1478,0.14169570267131243,0.976
nms,NMS,5456_0603428013_02_WRI-L2_M011.PNG,FP,0.016845711761706367,0.0,,no_gt_match_or_lower_confidence_on_same_gt,NMS8,6,6,210.0,398.0,92.0,90.0,1723,244,1479,0.1416134648868253,0.976
nms,NMS,1979_1021352022_02_WRI-R1_M007.PNG,FP,0.016821689349233275,0.0,,no_gt_match_or_lower_confidence_on_same_gt,NMS13,5,5,500.0,425.0,47.0,90.0,1724,244,1480,0.14153132250580047,0.976
nms,NMS,1215_1223424080_01_WRI-L2_F004.PNG,FP,0.016816611351251533,0.0,,no_gt_match_or_lower_confidence_on_same_gt,NMS8,10,10,84.0,166.0,23.0,90.0,1725,244,1481,0.14144927536231883,0.976
nms,NMS,5980_0995828173_01_WRI-L1_M011.png,FP,0.016699133738104874,0.0,,no_gt_match_or_lower_confidence_on_same_gt,NMS9,8,8,117.0,528.0,22.0,90.0,1726,244,1482,0.1413673232908459,0.976
nms,NMS,5289_0680957054_03_WRI-L2_M009.PNG,FP,0.016667701840154616,0.0,,no_gt_match_or_lower_confidence_on_same_gt,NMS6,9,9,71.0,634.0,147.0,102.0,1727,244,1483,0.14128546612623047,0.976
nms,NMS,5980_0997631883_02_WRI-L1_M011.PNG,FP,0.01656309691354206,0.0,,no_gt_match_or_lower_confidence_on_same_gt,NMS10,3,3,86.0,355.0,75.0,90.0,1728,244,1484,0.1412037037037037,0.976
nms,NMS,0611_0470785500_02_WRI-L2_F014.png,FP,0.01644206021846422,0.0,,no_gt_match_or_lower_confidence_on_same_gt,NMS11,3,3,301.0,695.0,122.0,90.0,1729,244,1485,0.14112203585887798,0.976
nms,NMS,4526_0791926653_02_WRI-L1_F012.PNG,FP,0.01617665483368828,0.0,,no_gt_match_or_lower_confidence_on_same_gt,NMS17,12,12,343.0,1083.0,135.0,94.0,1730,244,1486,0.14104046242774568,0.976
nms,NMS,5953_1118750249_01_WRI-L2_F013.png,FP,0.015986171693120735,0.0,,no_gt_match_or_lower_confidence_on_same_gt,NMS7,8,8,215.0,316.0,91.0,90.0,1731,244,1487,0.14095898324667822,0.976
nms,NMS,5247_0628996773_06_WRI-L2_F009.png,FP,0.01591058274058673,0.0,,no_gt_match_or_lower_confidence_on_same_gt,NMS7,2,2,213.0,610.0,70.0,90.0,1732,244,1488,0.14087759815242495,0.976
nms,NMS,5247_0625408586_02_WRI-L2_F008.png,FP,0.0158816077983953,0.0,,no_gt_match_or_lower_confidence_on_same_gt,NMS20,14,14,278.0,460.0,58.0,90.0,1733,244,1489,0.14079630698211196,0.976
nms,NMS,5067_1201935013_05_WRI-L1_M014.png,FP,0.015860166774365084,0.09784479866699555,0,no_gt_match_or_lower_confidence_on_same_gt,NMS11,4,4,170.0,507.0,181.0,126.0,1734,244,1490,0.14071510957324107,0.976
nms,NMS,1979_1021352022_02_WRI-R1_M007.PNG,FP,0.015769291882304255,0.0,,no_gt_match_or_lower_confidence_on_same_gt,NMS14,13,13,530.0,578.0,39.0,90.0,1735,244,1491,0.14063400576368876,0.976
nms,NMS,0507_1135294951_01_WRI-L2_M015.PNG,FP,0.01575356753013717,0.0,,no_gt_match_or_lower_confidence_on_same_gt,NMS7,5,5,211.0,965.0,117.0,90.0,1736,244,1492,0.14055299539170507,0.976
nms,NMS,0979_0438007900_01_WRI-L2_M013.PNG,FP,0.015640754072426124,0.0,,no_gt_match_or_lower_confidence_on_same_gt,NMS6,3,3,158.0,725.0,74.0,90.0,1737,244,1493,0.1404720782959125,0.976
nms,NMS,4500_0833654044_01_WRI-L2_F004.PNG,FP,0.015592399989683797,0.0,,no_gt_match_or_lower_confidence_on_same_gt,NMS4,2,2,165.0,395.0,45.0,90.0,1738,244,1494,0.14039125431530494,0.976
nms,NMS,5376_1092312623_01_WRI-L1_M008.PNG,FP,0.01557161797593869,0.0,,no_gt_match_or_lower_confidence_on_same_gt,NMS4,2,2,122.0,434.0,14.0,90.0,1739,244,1495,0.1403105232892467,0.976
nms,NMS,2419_1009570056_06_WRI-L2_F006.png,FP,0.015553504197050783,0.0,,no_gt_match_or_lower_confidence_on_same_gt,NMS5,7,7,158.0,219.0,91.0,90.0,1740,244,1496,0.14022988505747128,0.976
nms,NMS,4657_1266664380_01_WRI-R2_F003.png,FP,0.015545872303514806,0.0,,no_gt_match_or_lower_confidence_on_same_gt,NMS3,3,3,154.0,177.0,62.0,90.0,1741,244,1497,0.1401493394600804,0.976
nms,NMS,0844_1081550705_01_WRI-R2_F011.PNG,FP,0.015378472237913008,0.0,,no_gt_match_or_lower_confidence_on_same_gt,NMS7,2,2,210.0,315.0,107.0,90.0,1742,244,1498,0.14006888633754305,0.976
nms,NMS,5931_0732587357_02_WRI-R2_M014.PNG,FP,0.015168366640559408,0.0,,no_gt_match_or_lower_confidence_on_same_gt,NMS11,9,9,271.0,787.0,181.0,126.0,1743,244,1499,0.1399885255306942,0.976
nms,NMS,0417_0727766468_03_WRI-R2_F009.png,FP,0.015132766880767035,0.0,,no_gt_match_or_lower_confidence_on_same_gt,NMS6,8,"8,4",532.0,434.0,91.0,90.0,1744,244,1500,0.13990825688073394,0.976
nms,NMS,0562_1096729807_01_WRI-R1_F007.png,FP,0.015128017819234974,0.0,,no_gt_match_or_lower_confidence_on_same_gt,NMS5,5,5,250.0,238.0,138.0,96.0,1745,244,1501,0.13982808022922635,0.976
nms,NMS,4891_0935989047_01_WRI-R1_M011.png,FP,0.015105228239948044,0.0,,no_gt_match_or_lower_confidence_on_same_gt,NMS7,4,4,330.0,240.0,104.0,90.0,1746,244,1502,0.13974799541809851,0.976
nms,NMS,1215_1223424080_01_WRI-L2_F004.PNG,FP,0.015093089956035886,0.0,,no_gt_match_or_lower_confidence_on_same_gt,NMS9,1,"1,11",177.0,195.0,99.0,90.0,1747,244,1503,0.13966800228963938,0.976
nms,NMS,0818_0571314957_03_WRI-L1_M013.png,FP,0.01496058505986423,0.0,,no_gt_match_or_lower_confidence_on_same_gt,NMS12,9,9,250.0,799.0,174.0,122.0,1748,244,1504,0.13958810068649885,0.976
nms,NMS,6079_0512846944_01_WRI-R2_M011.png,FP,0.014933878727853695,0.0,,no_gt_match_or_lower_confidence_on_same_gt,NMS6,6,6,273.0,623.0,14.0,90.0,1749,244,1505,0.13950829045168667,0.976
nms,NMS,5144_0421025634_01_WRI-R2_M013.PNG,FP,0.014913841703663786,0.0,,no_gt_match_or_lower_confidence_on_same_gt,NMS9,4,"4,7",180.0,285.0,118.0,90.0,1750,244,1506,0.13942857142857143,0.976
nms,NMS,5931_0732587357_02_WRI-R2_M014.PNG,FP,0.014850069792174216,0.08558698876590827,0,no_gt_match_or_lower_confidence_on_same_gt,NMS12,8,8,361.0,557.0,181.0,126.0,1751,244,1507,0.1393489434608795,0.976
nms,NMS,5843_0796713227_01_WRI-L2_F012.png,FP,0.014848795886835936,0.0,,no_gt_match_or_lower_confidence_on_same_gt,NMS8,4,4,317.0,211.0,100.0,90.0,1752,244,1508,0.13926940639269406,0.976
nms,NMS,0869_0615436364_02_WRI-R2_M016.PNG,FP,0.014713270000934243,0.0,,no_gt_match_or_lower_confidence_on_same_gt,NMS9,6,6,181.0,252.0,136.0,96.0,1753,244,1509,0.13918996006845408,0.976
nms,NMS,2230_0341843437_01_WRI-L2_F005.PNG,FP,0.014673644894280915,0.0,,no_gt_match_or_lower_confidence_on_same_gt,NMS5,3,3,216.0,205.0,61.0,90.0,1754,244,1510,0.13911060433295325,0.976
nms,NMS,0288_1220813964_01_WRI-L2_F008.png,FP,0.014522314291018232,0.0,,no_gt_match_or_lower_confidence_on_same_gt,NMS11,8,8,128.0,290.0,22.0,90.0,1755,244,1511,0.13903133903133902,0.976
nms,NMS,4800_1015202634_01_WRI-L2_F008.PNG,FP,0.014499758970818918,0.0,,no_gt_match_or_lower_confidence_on_same_gt,NMS4,7,7,202.0,207.0,91.0,90.0,1756,244,1512,0.13895216400911162,0.976
nms,NMS,1143_0633014370_02_WRI-L1_M012.png,FP,0.01445084765994366,0.0,,no_gt_match_or_lower_confidence_on_same_gt,NMS9,10,10,375.0,392.0,92.0,90.0,1757,244,1513,0.13887307911212293,0.976
nms,NMS,4810_0683178845_02_WRI-L1_M011.PNG,FP,0.014272280220213162,0.0,,no_gt_match_or_lower_confidence_on_same_gt,NMS15,16,16,162.0,354.0,86.0,90.0,1758,244,1514,0.13879408418657566,0.976
nms,NMS,1020_0255757840_02_WRI-R2_F010.png,FP,0.014194688233894684,0.0,,no_gt_match_or_lower_confidence_on_same_gt,NMS17,19,19,112.0,455.0,35.0,90.0,1759,244,1515,0.13871517907902217,0.976
nms,NMS,6064_0993979697_01_WRI-R1_M004.PNG,FP,0.014086324624103716,0.01101214842472587,0,no_gt_match_or_lower_confidence_on_same_gt,NMS8,8,8,162.0,301.0,91.0,90.0,1760,244,1516,0.13863636363636364,0.976
nms,NMS,5289_0680957054_03_WRI-L2_M009.PNG,FP,0.014019667086780558,0.0,,no_gt_match_or_lower_confidence_on_same_gt,NMS7,8,8,84.0,510.0,124.0,90.0,1761,244,1517,0.13855763770584895,0.976
nms,NMS,4800_1015202634_01_WRI-L2_F008.PNG,FP,0.013956628876347115,0.0,,no_gt_match_or_lower_confidence_on_same_gt,NMS5,4,4,145.0,645.0,82.0,90.0,1762,244,1518,0.13847900113507378,0.976
nms,NMS,1143_0633014370_02_WRI-L1_M012.png,FP,0.013929892935181303,0.0,,no_gt_match_or_lower_confidence_on_same_gt,NMS10,9,9,459.0,274.0,91.0,90.0,1763,244,1519,0.13840045377197957,0.976
nms,NMS,5655_0803422185_01_WRI-R2_F010.png,FP,0.013902607065418706,0.0,,no_gt_match_or_lower_confidence_on_same_gt,NMS4,4,4,349.0,635.0,78.0,90.0,1764,244,1520,0.1383219954648526,0.976
nms,NMS,4650_0823981766_01_WRI-L2_M014.png,FP,0.013841962572816004,0.0,,no_gt_match_or_lower_confidence_on_same_gt,NMS9,6,6,172.0,945.0,157.0,110.0,1765,244,1521,0.13824362606232293,0.976
nms,NMS,1493_0516110451_02_WRI-L1_F012.PNG,FP,0.013833984767702931,0.0,,no_gt_match_or_lower_confidence_on_same_gt,NMS23,9,9,360.0,682.0,136.0,96.0,1766,244,1522,0.13816534541336353,0.976
nms,NMS,1283_0402792035_01_WRI-L2_M009.png,FP,0.013721504855951508,0.0,,no_gt_match_or_lower_confidence_on_same_gt,NMS4,3,3,153.0,624.0,59.0,90.0,1767,244,1523,0.1380871533672892,0.976
nms,NMS,5379_0388426289_02_WRI-L2_M009.png,FP,0.013676681523811877,0.0,,no_gt_match_or_lower_confidence_on_same_gt,NMS9,2,2,236.0,747.0,102.0,90.0,1768,244,1524,0.13800904977375567,0.976
nms,NMS,4613_1297459976_01_WRI-L2_F011.PNG,FP,0.013594564818289403,0.0,,no_gt_match_or_lower_confidence_on_same_gt,NMS7,5,5,277.0,275.0,29.0,90.0,1769,244,1525,0.13793103448275862,0.976
nms,NMS,5121_0676540097_02_WRI-R1_M011.PNG,FP,0.013550201950988015,0.0,,no_gt_match_or_lower_confidence_on_same_gt,NMS17,14,14,224.0,529.0,91.0,90.0,1770,244,1526,0.13785310734463277,0.976
nms,NMS,5247_0627787842_05_WRI-L2_F008.png,FP,0.013517794212550971,0.0,,no_gt_match_or_lower_confidence_on_same_gt,NMS10,12,12,510.0,731.0,61.0,90.0,1771,244,1527,0.13777526821005082,0.976
nms,NMS,5314_0269274371_04_WRI-R2_F010.PNG,FP,0.013485885494077364,0.0,,no_gt_match_or_lower_confidence_on_same_gt,NMS16,3,3,266.0,657.0,151.0,106.0,1772,244,1528,0.13769751693002258,0.976
nms,NMS,0241_0751818378_01_WRI-L2_M014.PNG,FP,0.01344653002736749,0.0,,no_gt_match_or_lower_confidence_on_same_gt,NMS3,7,7,150.0,534.0,159.0,112.0,1773,244,1529,0.13761985335589397,0.976
nms,NMS,1392_0677451986_01_WRI-R2_M017.png,FP,0.013315517784822633,0.15069078927374865,0,no_gt_match_or_lower_confidence_on_same_gt,NMS17,3,3,316.0,598.0,181.0,126.0,1774,244,1530,0.1375422773393461,0.976
nms,NMS,0598_0792844418_02_WRI-L2_F008.png,FP,0.013253009280267219,0.0,,no_gt_match_or_lower_confidence_on_same_gt,NMS8,12,12,71.0,481.0,37.0,90.0,1775,244,1531,0.13746478873239437,0.976
nms,NMS,5357_0717952874_05_WRI-R2_M013.PNG,FP,0.0131638905607814,0.0,,no_gt_match_or_lower_confidence_on_same_gt,NMS18,17,17,19.0,787.0,39.0,90.0,1776,244,1532,0.1373873873873874,0.976
nms,NMS,2975_0736302598_03_WRI-R2_M008.PNG,FP,0.013149932093987082,0.0,,no_gt_match_or_lower_confidence_on_same_gt,NMS8,14,14,361.0,245.0,53.0,90.0,1777,244,1533,0.1373100731570062,0.976
nms,NMS,5355_0294185816_01_WRI-L2_M009.png,FP,0.013085759236805172,0.0,,no_gt_match_or_lower_confidence_on_same_gt,NMS9,8,"8,10",202.0,517.0,91.0,90.0,1778,244,1534,0.1372328458942632,0.976
nms,NMS,0473_1196675800_01_WRI-R1_M013.PNG,FP,0.013050283530658218,0.0,,no_gt_match_or_lower_confidence_on_same_gt,NMS8,12,"12,3",386.0,481.0,77.0,90.0,1779,244,1535,0.13715570545250141,0.976
nms,NMS,0243_0176233486_01_WRI-L2_M012.png,FP,0.013047826408351375,0.0,,no_gt_match_or_lower_confidence_on_same_gt,NMS13,16,16,115.0,406.0,34.0,90.0,1780,244,1536,0.13707865168539327,0.976
nms,NMS,0979_0438007900_01_WRI-L2_M013.PNG,FP,0.012981780352636967,0.26813345694619456,0,no_gt_match_or_lower_confidence_on_same_gt,NMS7,7,7,259.0,390.0,91.0,90.0,1781,244,1537,0.13700168444693991,0.976
nms,NMS,5247_0625408586_02_WRI-L2_F008.png,FP,0.012966328803933929,0.0,,no_gt_match_or_lower_confidence_on_same_gt,NMS21,6,6,278.0,485.0,71.0,90.0,1782,244,1538,0.13692480359147025,0.976
nms,NMS,4671_1037664684_01_WRI-R1_F009.PNG,FP,0.012965355561798614,0.0,,no_gt_match_or_lower_confidence_on_same_gt,NMS7,6,6,276.0,469.0,91.0,90.0,1783,244,1539,0.13684800897363994,0.976
nms,NMS,5247_0627787842_05_WRI-L2_F008.png,FP,0.012951096400170456,0.0,,no_gt_match_or_lower_confidence_on_same_gt,NMS11,11,11,57.0,711.0,22.0,90.0,1784,244,1540,0.1367713004484305,0.976
nms,NMS,5357_0717952874_05_WRI-R2_M013.PNG,FP,0.012928178419462736,0.0,,no_gt_match_or_lower_confidence_on_same_gt,NMS19,23,23,79.0,251.0,91.0,90.0,1785,244,1541,0.13669467787114845,0.976
nms,NMS,0003_0663715782_02_WRI-R2_M011.png,FP,0.012910153530857189,0.0,,no_gt_match_or_lower_confidence_on_same_gt,NMS14,6,6,145.0,756.0,51.0,90.0,1786,244,1542,0.1366181410974244,0.976
nms,NMS,0798_1177663651_03_WRI-R2_M010.png,FP,0.012694366689440241,0.0,,no_gt_match_or_lower_confidence_on_same_gt,NMS8,4,4,196.0,868.0,82.0,90.0,1787,244,1543,0.1365416899832121,0.976
nms,NMS,5934_1088190587_01_WRI-R2_F006.png,FP,0.012637310347403929,0.0,,no_gt_match_or_lower_confidence_on_same_gt,NMS12,11,11,282.0,394.0,91.0,90.0,1788,244,1544,0.13646532438478748,0.976
nms,NMS,5818_0746899911_02_WRI-L2_M014.PNG,FP,0.012620211941751046,0.0,,no_gt_match_or_lower_confidence_on_same_gt,NMS10,9,9,170.0,257.0,181.0,126.0,1789,244,1545,0.1363890441587479,0.976
nms,NMS,0581_0562535807_01_WRI-L2_F005.PNG,FP,0.012568578216519055,0.0,,no_gt_match_or_lower_confidence_on_same_gt,NMS5,5,5,188.0,283.0,77.0,90.0,1790,244,1546,0.13631284916201117,0.976
nms,NMS,2975_0736302598_03_WRI-R2_M008.PNG,FP,0.012504175355324703,0.0,,no_gt_match_or_lower_confidence_on_same_gt,NMS9,10,10,222.0,383.0,57.0,90.0,1791,244,1547,0.13623673925181462,0.976
nms,NMS,0028_0578333865_02_WRI-R1_M008.png,FP,0.01249112535706504,0.0,,no_gt_match_or_lower_confidence_on_same_gt,NMS4,2,2,197.0,874.0,74.0,90.0,1792,244,1548,0.13616071428571427,0.976
nms,NMS,5281_0647811461_02_WRI-L2_F006.PNG,FP,0.012448852187360122,0.0,,no_gt_match_or_lower_confidence_on_same_gt,NMS6,3,3,168.0,565.0,63.0,90.0,1793,244,1549,0.13608477412158393,0.976
nms,NMS,0125_0729674162_02_WRI-L2_M013.png,FP,0.012426134141044683,0.0,,no_gt_match_or_lower_confidence_on_same_gt,NMS11,10,10,313.0,445.0,91.0,90.0,1794,244,1550,0.13600891861761427,0.976
nms,NMS,4896_0657191053_02_WRI-L2_M009.png,FP,0.012418918256538299,0.0,,no_gt_match_or_lower_confidence_on_same_gt,NMS14,14,14,513.0,663.0,23.0,90.0,1795,244,1551,0.13593314763231198,0.976
nms,NMS,1215_1223424080_01_WRI-L2_F004.PNG,FP,0.012350659262182257,0.0,,no_gt_match_or_lower_confidence_on_same_gt,NMS10,6,6,55.0,335.0,23.0,90.0,1796,244,1552,0.1358574610244989,0.976
nms,NMS,5227_0411829511_01_WRI-L2_M011.png,FP,0.01234586066897134,0.0,,no_gt_match_or_lower_confidence_on_same_gt,NMS17,20,20,12.0,414.0,45.0,90.0,1797,244,1553,0.13578185865331108,0.976
nms,NMS,0798_1177663651_03_WRI-R2_M010.png,FP,0.01232713514069828,0.0,,no_gt_match_or_lower_confidence_on_same_gt,NMS9,9,9,155.0,292.0,92.0,90.0,1798,244,1554,0.135706340378198,0.976
nms,NMS,5953_1118750249_01_WRI-L2_F013.png,FP,0.012280113410782742,0.0,,no_gt_match_or_lower_confidence_on_same_gt,NMS8,2,2,211.0,341.0,126.0,90.0,1799,244,1555,0.1356309060589216,0.976
nms,NMS,1059_1194450089_01_WRI-R2_M006.png,FP,0.012248947180023118,0.11009829438876743,0,no_gt_match_or_lower_confidence_on_same_gt,NMS5,6,6,150.0,182.0,66.0,90.0,1800,244,1556,0.13555555555555557,0.976
nms,NMS,0239_0828414004_02_WRI-L2_M009.PNG,FP,0.01217220598808628,0.0,,no_gt_match_or_lower_confidence_on_same_gt,NMS10,12,12,365.0,334.0,91.0,90.0,1801,244,1557,0.13548028872848417,0.976
nms,NMS,0598_0792844418_02_WRI-L2_F008.png,FP,0.012071500843817163,0.0,,no_gt_match_or_lower_confidence_on_same_gt,NMS9,13,13,76.0,204.0,61.0,90.0,1802,244,1558,0.13540510543840178,0.976
nms,NMS,0133_0281744417_01_WRI-R2_M014.png,FP,0.01200930569842107,0.0,,no_gt_match_or_lower_confidence_on_same_gt,NMS13,13,13,458.0,704.0,39.0,90.0,1803,244,1559,0.1353300055463117,0.976
nms,NMS,4891_0935989047_01_WRI-R1_M011.png,FP,0.011950942890726022,0.0,,no_gt_match_or_lower_confidence_on_same_gt,NMS8,7,7,277.0,257.0,91.0,90.0,1804,244,1560,0.1352549889135255,0.976
nms,NMS,0239_0828414004_02_WRI-L2_M009.PNG,FP,0.011912051332315272,0.0,,no_gt_match_or_lower_confidence_on_same_gt,NMS11,2,2,261.0,445.0,87.0,90.0,1805,244,1561,0.13518005540166206,0.976
nms,NMS,0422_1294991061_03_WRI-L2_M010.PNG,FP,0.011873025321090148,0.0,,no_gt_match_or_lower_confidence_on_same_gt,NMS5,4,4,229.0,333.0,63.0,90.0,1806,244,1562,0.13510520487264674,0.976
nms,NMS,0869_0615436364_02_WRI-R2_M016.PNG,FP,0.011808396911724613,0.0,,no_gt_match_or_lower_confidence_on_same_gt,NMS10,9,9,250.0,652.0,167.0,116.0,1807,244,1563,0.13503043718871058,0.976
nms,NMS,1280_0847425934_01_WRI-R2_F016.png,FP,0.011789305739818328,0.0,,no_gt_match_or_lower_confidence_on_same_gt,NMS7,8,8,160.0,242.0,44.0,90.0,1808,244,1564,0.13495575221238937,0.976
nms,NMS,5048_0684397154_02_WRI-L2_F014.PNG,FP,0.011704550987499961,0.0,,no_gt_match_or_lower_confidence_on_same_gt,NMS16,2,2,304.0,588.0,149.0,104.0,1809,244,1565,0.13488114980652294,0.976
nms,NMS,5247_0625408586_02_WRI-L2_F008.png,FP,0.01170402554488255,0.0,,no_gt_match_or_lower_confidence_on_same_gt,NMS22,24,24,191.0,579.0,91.0,90.0,1810,244,1566,0.13480662983425415,0.976
nms,NMS,1742_0657595114_01_WRI-R2_F009.png,FP,0.011661134919311993,0.0,,no_gt_match_or_lower_confidence_on_same_gt,NMS11,4,4,236.0,288.0,98.0,90.0,1811,244,1567,0.13473219215902815,0.976
nms,NMS,5084_0371666121_01_WRI-L2_M014.PNG,FP,0.011614070698962925,0.22767103558679017,0,no_gt_match_or_lower_confidence_on_same_gt,NMS8,10,10,168.0,394.0,91.0,90.0,1812,244,1568,0.1346578366445916,0.976
nms,NMS,4555_0522752808_02_WRI-R2_M013.png,FP,0.011458442590925865,0.0,,no_gt_match_or_lower_confidence_on_same_gt,NMS15,11,11,446.0,918.0,181.0,126.0,1813,244,1569,0.13458356315499173,0.976
nms,NMS,4672_1042963085_08_WRI-L2_F010.png,FP,0.011429618571674342,0.0,,no_gt_match_or_lower_confidence_on_same_gt,NMS7,5,5,369.0,243.0,14.0,90.0,1814,244,1570,0.1345093715545755,0.976
nms,NMS,0403_0402818592_02_WRI-R2_F011.PNG,FP,0.011372820290578454,0.0,,no_gt_match_or_lower_confidence_on_same_gt,NMS3,3,3,213.0,555.0,118.0,90.0,1815,244,1571,0.13443526170798897,0.976
nms,NMS,0812_0349793895_03_WRI-L2_M013.PNG,FP,0.011300890573827273,0.15768891138101224,0,no_gt_match_or_lower_confidence_on_same_gt,NMS11,3,3,217.0,454.0,181.0,126.0,1816,244,1572,0.1343612334801762,0.976
nms,NMS,1707_0497635109_01_WRI-R3_M008.PNG,TP,0.011268853678612323,0.523024274784958,0,matched_gt_highest_confidence,NMS5,3,3,228.0,475.0,167.0,116.0,1817,245,1572,0.13483764446890478,0.98
nms,NMS,0243_0176233486_01_WRI-L2_M012.png,FP,0.011249269615845409,0.0,,no_gt_match_or_lower_confidence_on_same_gt,NMS14,4,4,250.0,735.0,109.0,90.0,1818,245,1573,0.13476347634763478,0.98
nms,NMS,5537_0386455412_01_WRI-R2_F006.PNG,FP,0.011244377068180397,0.0,,no_gt_match_or_lower_confidence_on_same_gt,NMS4,3,3,236.0,525.0,61.0,90.0,1819,245,1574,0.13468938977460143,0.98
nms,NMS,0641_0946080010_02_WRI-R2_F012.png,FP,0.011165028710227285,0.0,,no_gt_match_or_lower_confidence_on_same_gt,NMS6,3,3,305.0,853.0,129.0,90.0,1820,245,1575,0.1346153846153846,0.98
nms,NMS,0537_1193881316_01_WRI-L1_F007.PNG,FP,0.011163077394073375,0.0,,no_gt_match_or_lower_confidence_on_same_gt,NMS7,3,3,117.0,475.0,64.0,90.0,1821,245,1576,0.13454146073585943,0.98
nms,NMS,2880_0995256867_02_WRI-R2_M010.png,FP,0.011134367769922935,0.0,,no_gt_match_or_lower_confidence_on_same_gt,NMS7,5,5,437.0,233.0,89.0,90.0,1822,245,1577,0.1344676180021954,0.98
nms,NMS,1009_1045147893_04_WRI-R2_M013.png,FP,0.011009461385334858,0.0,,no_gt_match_or_lower_confidence_on_same_gt,NMS8,5,5,132.0,370.0,71.0,90.0,1823,245,1578,0.13439385628085573,0.98
nms,NMS,5287_0484979563_04_WRI-L2_F009.png,FP,0.010987377145965586,0.10324520768258666,0,no_gt_match_or_lower_confidence_on_same_gt,NMS3,4,"4,3",419.0,370.0,91.0,90.0,1824,245,1579,0.13432017543859648,0.98
nms,NMS,5643_0898771639_01_WRI-R1_M016.PNG,FP,0.010979028766501064,0.02836128464235703,0,no_gt_match_or_lower_confidence_on_same_gt,NMS10,7,7,288.0,516.0,91.0,90.0,1825,245,1580,0.13424657534246576,0.98
nms,NMS,5247_0625408586_02_WRI-L2_F008.png,FP,0.010940286930039287,0.0,,no_gt_match_or_lower_confidence_on_same_gt,NMS23,5,5,90.0,465.0,35.0,90.0,1826,245,1581,0.13417305585980285,0.98
nms,NMS,0203_1114068044_01_WRI-L1_M011.png,FP,0.010936584494649846,0.0,,no_gt_match_or_lower_confidence_on_same_gt,NMS22,15,15,265.0,460.0,29.0,90.0,1827,245,1582,0.13409961685823754,0.98
nms,NMS,2458_0430068033_05_WRI-L2_M009.PNG,FP,0.010922553646688947,0.0,,no_gt_match_or_lower_confidence_on_same_gt,NMS8,10,10,177.0,520.0,91.0,90.0,1828,245,1583,0.13402625820568928,0.98
nms,NMS,6060_0585926294_01_WRI-R2_M015.png,FP,0.010781469417702576,0.0,,no_gt_match_or_lower_confidence_on_same_gt,NMS9,6,6,295.0,302.0,91.0,90.0,1829,245,1584,0.13395297977036633,0.98
nms,NMS,5456_0603427972_01_WRI-L1_M011.png,FP,0.010737823465743842,0.0,,no_gt_match_or_lower_confidence_on_same_gt,NMS14,17,17,442.0,940.0,91.0,90.0,1830,245,1585,0.13387978142076504,0.98
nms,NMS,4587_0374311805_01_WRI-L2_M010.png,FP,0.010616858401770558,0.0,,no_gt_match_or_lower_confidence_on_same_gt,NMS5,4,4,202.0,343.0,91.0,90.0,1831,245,1586,0.13380666302566904,0.98
nms,NMS,5357_0717952874_05_WRI-R2_M013.PNG,FP,0.010465775312636151,0.0,,no_gt_match_or_lower_confidence_on_same_gt,NMS20,4,4,370.0,331.0,147.0,102.0,1832,245,1587,0.13373362445414846,0.98
nms,NMS,5642_0300991869_04_WRI-R1_M010.PNG,FP,0.010437520029330235,0.0,,no_gt_match_or_lower_confidence_on_same_gt,NMS3,5,5,347.0,479.0,67.0,90.0,1833,245,1588,0.1336606655755592,0.98
nms,NMS,0203_1114068044_01_WRI-L1_M011.png,FP,0.01043679888926856,0.0,,no_gt_match_or_lower_confidence_on_same_gt,NMS23,22,22,476.0,376.0,91.0,90.0,1834,245,1589,0.13358778625954199,0.98
nms,NMS,0422_1294991061_03_WRI-L2_M010.PNG,FP,0.010401496361532212,0.0,,no_gt_match_or_lower_confidence_on_same_gt,NMS6,5,5,248.0,341.0,86.0,90.0,1835,245,1590,0.1335149863760218,0.98
nms,NMS,5382_1158198931_01_WRI-R1_M012.png,FP,0.010400905574461949,0.0,,no_gt_match_or_lower_confidence_on_same_gt,NMS10,1,1,180.0,437.0,181.0,126.0,1836,245,1591,0.13344226579520696,0.98
nms,NMS,5314_0269274371_04_WRI-R2_F010.PNG,FP,0.010339602240291158,0.0,,no_gt_match_or_lower_confidence_on_same_gt,NMS17,17,17,422.0,487.0,91.0,90.0,1837,245,1592,0.13336962438758845,0.98
nms,NMS,5229_1076706016_04_WRI-R1_M008.png,FP,0.010292417467098159,0.016477822659650507,0,no_gt_match_or_lower_confidence_on_same_gt,NMS12,8,8,180.0,441.0,91.0,90.0,1838,245,1593,0.13329706202393907,0.98
nms,NMS,0530_0793776717_02_WRI-L2_M012.png,FP,0.010240467618805978,0.0,,no_gt_match_or_lower_confidence_on_same_gt,NMS12,14,14,134.0,583.0,30.0,90.0,1839,245,1594,0.13322457857531267,0.98
nms,NMS,0203_1114068044_01_WRI-L1_M011.png,FP,0.01008283581546029,0.0,,no_gt_match_or_lower_confidence_on_same_gt,NMS24,27,27,113.0,745.0,34.0,90.0,1840,245,1595,0.1331521739130435,0.98
nms,NMS,5983_1184814916_01_WRI-L2_M011.png,FP,0.010069450970400117,0.0,,no_gt_match_or_lower_confidence_on_same_gt,NMS4,7,7,163.0,636.0,68.0,90.0,1841,245,1596,0.13307984790874525,0.98
nms,NMS,4810_0683178845_02_WRI-L1_M011.PNG,FP,0.010057807512861717,0.0,,no_gt_match_or_lower_confidence_on_same_gt,NMS16,18,18,48.0,407.0,38.0,90.0,1842,245,1597,0.13300760043431054,0.98
nms,NMS,2176_1073963460_04_WRI-L2_M009.png,FP,0.009974845951809586,0.0,,no_gt_match_or_lower_confidence_on_same_gt,NMS7,4,"4,6",182.0,284.0,86.0,90.0,1843,245,1598,0.13293543136190994,0.98
nms,NMS,5168_0338948778_01_WRI-R2_M007.PNG,FP,0.00994268042375151,0.0,,no_gt_match_or_lower_confidence_on_same_gt,NMS5,4,4,182.0,605.0,71.0,90.0,1844,245,1599,0.13286334056399132,0.98
nms,NMS,5303_0992053123_02_WRI-R2_F014.PNG,FP,0.00985211174479495,0.0,,no_gt_match_or_lower_confidence_on_same_gt,NMS7,10,"10,9",224.0,314.0,91.0,90.0,1845,245,1600,0.13279132791327913,0.98
nms,NMS,0812_0349793895_03_WRI-L2_M013.PNG,FP,0.009830498140732783,0.0,,no_gt_match_or_lower_confidence_on_same_gt,NMS12,1,1,134.0,397.0,144.0,100.0,1846,245,1601,0.13271939328277357,0.98
nms,NMS,5227_0411829511_01_WRI-L2_M011.png,FP,0.00980684620776568,0.0,,no_gt_match_or_lower_confidence_on_same_gt,NMS18,19,19,246.0,292.0,91.0,90.0,1847,245,1602,0.13264753654574987,0.98
nms,NMS,2363_0844094867_02_WRI-R2_F010.PNG,FP,0.009779240446052065,0.0,,no_gt_match_or_lower_confidence_on_same_gt,NMS6,2,2,167.0,845.0,114.0,90.0,1848,245,1603,0.13257575757575757,0.98
nms,NMS,0627_1041082936_04_WRI-L2_M010.PNG,FP,0.009713399338936064,0.0,,no_gt_match_or_lower_confidence_on_same_gt,NMS2,2,2,134.0,467.0,21.0,90.0,1849,245,1604,0.1325040562466198,0.98
nms,NMS,1392_0677451986_01_WRI-R2_M017.png,FP,0.009644716110937594,0.0,,no_gt_match_or_lower_confidence_on_same_gt,NMS18,11,11,499.0,496.0,62.0,90.0,1850,245,1605,0.13243243243243244,0.98
nms,NMS,0791_0965671308_03_WRI-L2_M016.png,FP,0.009558644207860486,0.06348102808140293,0,no_gt_match_or_lower_confidence_on_same_gt,NMS5,3,"3,8",126.0,315.0,117.0,90.0,1851,245,1606,0.1323608860075635,0.98
nms,NMS,0598_0792844418_02_WRI-L2_F008.png,FP,0.00955251148101793,0.0,,no_gt_match_or_lower_confidence_on_same_gt,NMS10,9,"9,1",230.0,250.0,51.0,90.0,1852,245,1607,0.13228941684665227,0.98
nms,NMS,0598_0792844418_02_WRI-L2_F008.png,FP,0.009542652751288195,0.0,,no_gt_match_or_lower_confidence_on_same_gt,NMS11,5,5,75.0,434.0,56.0,90.0,1853,245,1608,0.13221802482460873,0.98
nms,NMS,0473_1196675800_01_WRI-R1_M013.PNG,FP,0.009531463259452526,0.0,,no_gt_match_or_lower_confidence_on_same_gt,NMS9,14,14,345.0,319.0,91.0,90.0,1854,245,1609,0.13214670981661272,0.98
nms,NMS,5980_0997631883_02_WRI-L1_M011.PNG,FP,0.009531200349565505,0.0,,no_gt_match_or_lower_confidence_on_same_gt,NMS11,9,9,107.0,321.0,61.0,90.0,1855,245,1610,0.1320754716981132,0.98
nms,NMS,4800_1015202634_01_WRI-L2_F008.PNG,FP,0.009446322296034254,0.0,,no_gt_match_or_lower_confidence_on_same_gt,NMS6,2,2,161.0,545.0,74.0,90.0,1856,245,1611,0.1320043103448276,0.98
nms,NMS,5818_0746899911_02_WRI-L2_M014.PNG,FP,0.009421951576824898,0.0,,no_gt_match_or_lower_confidence_on_same_gt,NMS11,10,10,220.0,734.0,130.0,92.0,1857,245,1612,0.13193322563274099,0.98
nms,NMS,5048_0684397154_02_WRI-L2_F014.PNG,FP,0.009412099884948438,0.09872700037719116,0,no_gt_match_or_lower_confidence_on_same_gt,NMS17,15,15,371.0,480.0,91.0,90.0,1858,245,1613,0.1318622174381055,0.98
nms,NMS,0417_0727766468_03_WRI-R2_F009.png,FP,0.00932371466876111,0.0,,no_gt_match_or_lower_confidence_on_same_gt,NMS7,3,3,480.0,307.0,152.0,106.0,1859,245,1614,0.13179128563743947,0.98
nms,NMS,1043_0381634738_02_WRI-L2_M001.PNG,FP,0.009268970660752841,0.0,,no_gt_match_or_lower_confidence_on_same_gt,NMS8,5,5,240.0,185.0,50.0,90.0,1860,245,1615,0.13172043010752688,0.98
nms,NMS,0749_0874509515_05_WRI-L2_M005.png,FP,0.009231862975428924,0.0,,no_gt_match_or_lower_confidence_on_same_gt,NMS10,5,5,124.0,334.0,22.0,90.0,1861,245,1616,0.13164965072541646,0.98
nms,NMS,6079_0512846944_01_WRI-R2_M011.png,FP,0.009230755323558658,0.0,,no_gt_match_or_lower_confidence_on_same_gt,NMS7,3,3,77.0,285.0,67.0,90.0,1862,245,1617,0.13157894736842105,0.98
nms,NMS,5983_1184814916_01_WRI-L2_M011.png,FP,0.009218842495810543,0.0,,no_gt_match_or_lower_confidence_on_same_gt,NMS5,3,3,157.0,785.0,86.0,90.0,1863,245,1618,0.13150831991411702,0.98
nms,NMS,5333_1015227899_01_WRI-R2_F010.PNG,FP,0.009214287736087984,0.0,,no_gt_match_or_lower_confidence_on_same_gt,NMS2,2,2,226.0,475.0,78.0,90.0,1864,245,1619,0.13143776824034334,0.98
nms,NMS,0288_1220813964_01_WRI-L2_F008.png,FP,0.009149345214546899,0.0,,no_gt_match_or_lower_confidence_on_same_gt,NMS12,5,5,305.0,495.0,103.0,90.0,1865,245,1620,0.13136729222520108,0.98
nms,NMS,5303_0992053123_02_WRI-R2_F014.PNG,FP,0.009102899086599201,0.03111470182631077,0,no_gt_match_or_lower_confidence_on_same_gt,NMS8,6,6,361.0,496.0,14.0,90.0,1866,245,1621,0.13129689174705253,0.98
nms,NMS,5379_0388426289_02_WRI-L2_M009.png,FP,0.009091959478240746,0.0,,no_gt_match_or_lower_confidence_on_same_gt,NMS10,12,12,244.0,370.0,91.0,90.0,1867,245,1622,0.13122656668452062,0.98
nms,NMS,5289_0680957054_03_WRI-L2_M009.PNG,FP,0.008970473748387822,0.0,,no_gt_match_or_lower_confidence_on_same_gt,NMS8,5,5,137.0,650.0,157.0,110.0,1868,245,1623,0.1311563169164882,0.98
nms,NMS,4936_0635336029_01_WRI-L1_F012.PNG,FP,0.008949345129206823,0.0,,no_gt_match_or_lower_confidence_on_same_gt,NMS8,7,7,330.0,340.0,92.0,90.0,1869,245,1624,0.13108614232209737,0.98
nms,NMS,4555_0522752808_02_WRI-R2_M013.png,FP,0.008851920463330536,0.0,,no_gt_match_or_lower_confidence_on_same_gt,NMS16,10,10,396.0,838.0,181.0,126.0,1870,245,1625,0.13101604278074866,0.98
nms,NMS,4896_0657191053_02_WRI-L2_M009.png,FP,0.0088294515877719,0.0,,no_gt_match_or_lower_confidence_on_same_gt,NMS15,3,3,490.0,776.0,29.0,90.0,1871,245,1626,0.13094601817210047,0.98
nms,NMS,0473_1196675800_01_WRI-R1_M013.PNG,FP,0.008750457910698667,0.0,,no_gt_match_or_lower_confidence_on_same_gt,NMS10,4,4,415.0,854.0,72.0,90.0,1872,245,1627,0.13087606837606838,0.98
nms,NMS,5865_0983089944_07_WRI-L1_F005.png,FP,0.008702441275661105,0.0,,no_gt_match_or_lower_confidence_on_same_gt,NMS5,4,4,177.0,284.0,65.0,90.0,1873,245,1628,0.13080619327282433,0.98
nms,NMS,0422_1296201520_04_WRI-L1_M010.PNG,FP,0.00870072062186006,0.0,,no_gt_match_or_lower_confidence_on_same_gt,NMS16,15,15,258.0,383.0,91.0,90.0,1874,245,1629,0.13073639274279616,0.98
nms,NMS,5144_0421025634_01_WRI-R2_M013.PNG,FP,0.008698736226954764,0.078247613986173,0,no_gt_match_or_lower_confidence_on_same_gt,NMS10,12,12,294.0,425.0,91.0,90.0,1875,245,1630,0.13066666666666665,0.98
nms,NMS,5382_1158198931_01_WRI-R1_M012.png,FP,0.00868216885939699,0.0,,no_gt_match_or_lower_confidence_on_same_gt,NMS11,6,6,240.0,307.0,181.0,126.0,1876,245,1631,0.13059701492537312,0.98
nms,NMS,0647_0425957122_01_WRI-L2_F008.PNG,FP,0.00848889488917091,0.0,,no_gt_match_or_lower_confidence_on_same_gt,NMS6,7,7,285.0,289.0,91.0,90.0,1877,245,1632,0.13052743740010656,0.98
nms,NMS,1215_1223424080_01_WRI-L2_F004.PNG,FP,0.008405543395481486,0.0,,no_gt_match_or_lower_confidence_on_same_gt,NMS11,12,12,300.0,156.0,91.0,90.0,1878,245,1633,0.13045793397231098,0.98
nms,NMS,0184_0953131511_01_WRI-R2_M017.png,FP,0.00834976554878145,0.0,,no_gt_match_or_lower_confidence_on_same_gt,NMS5,1,"1,3",223.0,405.0,80.0,90.0,1879,245,1634,0.1303885045236828,0.98
nms,NMS,1493_0516110511_02_WRI-L2_F012.PNG,FP,0.008336621923071772,0.0,,no_gt_match_or_lower_confidence_on_same_gt,NMS17,1,1,223.0,417.0,181.0,126.0,1880,245,1635,0.13031914893617022,0.98
nms,NMS,1283_0402792035_01_WRI-L2_M009.png,FP,0.00833124228344333,0.0,,no_gt_match_or_lower_confidence_on_same_gt,NMS5,5,5,182.0,257.0,84.0,90.0,1881,245,1636,0.13024986709197237,0.98
nms,NMS,0589_0821736373_04_WRI-L1_M017.PNG,FP,0.008313067482203495,0.0,,no_gt_match_or_lower_confidence_on_same_gt,NMS31,34,34,462.0,616.0,91.0,90.0,1882,245,1637,0.1301806588735388,0.98
nms,NMS,0542_0298295711_03_WRI-L2_F010.PNG,FP,0.008286538463544211,0.0,,no_gt_match_or_lower_confidence_on_same_gt,NMS6,2,2,101.0,243.0,123.0,90.0,1883,245,1638,0.13011152416356878,0.98
nms,NMS,5476_0960726583_01_WRI-R1_M009.png,FP,0.00827545656834888,0.0,,no_gt_match_or_lower_confidence_on_same_gt,NMS8,1,"1,2",218.0,405.0,98.0,90.0,1884,245,1639,0.13004246284501061,0.98
nms,NMS,0424_1003218030_03_WRI-R2_M011.PNG,FP,0.008267026094750047,0.0,,no_gt_match_or_lower_confidence_on_same_gt,NMS7,5,5,264.0,745.0,127.0,90.0,1885,245,1640,0.129973474801061,0.98
nms,NMS,4708_0685185180_02_WRI-L3_M005.png,FP,0.008220481643491607,0.0,,no_gt_match_or_lower_confidence_on_same_gt,NMS5,2,2,105.0,445.0,126.0,90.0,1886,245,1641,0.12990455991516436,0.98
nms,NMS,5953_1118750249_01_WRI-L2_F013.png,FP,0.008183233410608984,0.0,,no_gt_match_or_lower_confidence_on_same_gt,NMS9,7,7,216.0,266.0,91.0,90.0,1887,245,1642,0.12983571807101218,0.98
nms,NMS,1009_1049120355_10_WRI-R2_M013.png,FP,0.008074982533340578,0.0,,no_gt_match_or_lower_confidence_on_same_gt,NMS7,3,3,256.0,594.0,122.0,90.0,1888,245,1643,0.12976694915254236,0.98
nms,NMS,5168_0340721647_04_WRI-R2_M007.PNG,FP,0.008058808723961775,0.0,,no_gt_match_or_lower_confidence_on_same_gt,NMS4,3,3,147.0,169.0,81.0,90.0,1889,245,1644,0.1296982530439386,0.98
nms,NMS,1979_1021352022_02_WRI-R1_M007.PNG,FP,0.00796196486395076,0.0,,no_gt_match_or_lower_confidence_on_same_gt,NMS15,15,15,96.0,545.0,42.0,90.0,1890,245,1645,0.12962962962962962,0.98
nms,NMS,5489_0628153015_04_WRI-R2_M006.png,FP,0.00795649535404001,0.0,,no_gt_match_or_lower_confidence_on_same_gt,NMS6,3,3,201.0,252.0,91.0,90.0,1891,245,1646,0.12956107879428874,0.98
nms,NMS,1020_0255757840_02_WRI-R2_F010.png,FP,0.007953042773722408,0.0,,no_gt_match_or_lower_confidence_on_same_gt,NMS18,1,1,299.0,356.0,153.0,108.0,1892,245,1647,0.12949260042283298,0.98
nms,NMS,4949_0969499613_03_WRI-R2_M006.png,FP,0.007949619133269099,0.0,,no_gt_match_or_lower_confidence_on_same_gt,NMS9,6,6,331.0,445.0,121.0,90.0,1893,245,1648,0.1294241944004226,0.98
nms,NMS,5980_0997631883_02_WRI-L1_M011.PNG,FP,0.007942134101861242,0.0,,no_gt_match_or_lower_confidence_on_same_gt,NMS12,8,8,229.0,266.0,91.0,90.0,1894,245,1649,0.1293558606124604,0.98
nms,NMS,5067_1201935013_05_WRI-L1_M014.png,FP,0.007912278878960928,0.0,,no_gt_match_or_lower_confidence_on_same_gt,NMS12,15,15,128.0,455.0,91.0,90.0,1895,245,1650,0.12928759894459102,0.98
nms,NMS,5382_1158198931_01_WRI-R1_M012.png,FP,0.007892797181608808,0.0,,no_gt_match_or_lower_confidence_on_same_gt,NMS12,7,7,390.0,745.0,98.0,90.0,1896,245,1651,0.12921940928270043,0.98
nms,NMS,1143_0633014370_02_WRI-L1_M012.png,FP,0.007822199241871495,0.0,,no_gt_match_or_lower_confidence_on_same_gt,NMS11,8,8,208.0,469.0,81.0,90.0,1897,245,1652,0.12915129151291513,0.98
nms,NMS,0507_1135294951_01_WRI-L2_M015.PNG,FP,0.007816700805731628,0.0,,no_gt_match_or_lower_confidence_on_same_gt,NMS8,4,4,221.0,895.0,117.0,90.0,1898,245,1653,0.1290832455216017,0.98
nms,NMS,1218_0392258361_05_WRI-R2_M014.png,FP,0.007755847255220945,0.0,,no_gt_match_or_lower_confidence_on_same_gt,NMS17,13,13,326.0,478.0,91.0,90.0,1899,245,1654,0.129015271195366,0.98
nms,NMS,2458_0430068033_05_WRI-L2_M009.PNG,FP,0.007741724865708963,0.0016132777748237084,0,no_gt_match_or_lower_confidence_on_same_gt,NMS9,2,2,165.0,799.0,181.0,180.0,1900,245,1655,0.12894736842105264,0.98
nms,NMS,0918_0390357076_01_WRI-L2_F012.png,FP,0.0077352739113769105,0.0,,no_gt_match_or_lower_confidence_on_same_gt,NMS3,3,3,233.0,306.0,83.0,90.0,1901,245,1656,0.12887953708574434,0.98
nms,NMS,0490_0671128517_01_WRI-R1_F012.PNG,FP,0.007732510599917334,0.0,,no_gt_match_or_lower_confidence_on_same_gt,NMS16,7,7,230.0,1127.0,181.0,126.0,1902,245,1657,0.1288117770767613,0.98
nms,NMS,2880_0995256867_02_WRI-R2_M010.png,FP,0.0077215787407818905,0.01689382130683882,0,no_gt_match_or_lower_confidence_on_same_gt,NMS8,6,6,480.0,332.0,91.0,90.0,1903,245,1658,0.12874408828166053,0.98
nms,NMS,0066_1263156785_04_WRI-L1_M011.png,FP,0.0077057059833647145,0.12384239728685541,0,no_gt_match_or_lower_confidence_on_same_gt,NMS14,6,6,306.0,459.0,174.0,122.0,1904,245,1659,0.12867647058823528,0.98
nms,NMS,0589_0821736373_04_WRI-L1_M017.PNG,FP,0.007635062245803935,0.0,,no_gt_match_or_lower_confidence_on_same_gt,NMS32,36,36,616.0,370.0,32.0,90.0,1905,245,1660,0.12860892388451445,0.98
nms,NMS,0589_0821736373_04_WRI-L1_M017.PNG,FP,0.007621658521981581,0.0,,no_gt_match_or_lower_confidence_on_same_gt,NMS33,30,30,415.0,427.0,91.0,90.0,1906,245,1661,0.1285414480587618,0.98
nms,NMS,5476_0960726583_01_WRI-R1_M009.png,FP,0.007618687289641776,0.0,,no_gt_match_or_lower_confidence_on_same_gt,NMS9,7,"7,11",334.0,427.0,91.0,90.0,1907,245,1662,0.12847404299947562,0.98
nms,NMS,5332_0567714023_02_WRI-L2_F011.PNG,TP,0.007613359692577415,0.5350051216635029,0,matched_gt_highest_confidence,NMS6,3,3,244.0,604.0,120.0,90.0,1908,246,1662,0.1289308176100629,0.984
nms,NMS,5303_0992053123_02_WRI-R2_F014.PNG,FP,0.00752635375019577,0.0,,no_gt_match_or_lower_confidence_on_same_gt,NMS9,1,1,209.0,351.0,140.0,98.0,1909,246,1663,0.1288632792037716,0.984
nms,NMS,0030_0853281744_01_WRI-L2_F008.png,FP,0.007503725090807504,0.0,,no_gt_match_or_lower_confidence_on_same_gt,NMS4,2,2,200.0,325.0,64.0,90.0,1910,246,1664,0.12879581151832462,0.984
nms,NMS,5289_0680957054_03_WRI-L2_M009.PNG,FP,0.007467663572195078,0.04470405779929802,0,no_gt_match_or_lower_confidence_on_same_gt,NMS9,3,3,127.0,463.0,148.0,104.0,1911,246,1665,0.12872841444270017,0.984
nms,NMS,6064_0993979697_01_WRI-R1_M004.PNG,FP,0.007467462631123776,0.03661214762452676,0,no_gt_match_or_lower_confidence_on_same_gt,NMS9,5,5,227.0,431.0,91.0,90.0,1912,246,1666,0.12866108786610878,0.984
nms,NMS,5843_0796713227_01_WRI-L2_F012.png,FP,0.007463600561380391,0.0,,no_gt_match_or_lower_confidence_on_same_gt,NMS9,3,3,289.0,351.0,38.0,90.0,1913,246,1667,0.12859383167799268,0.984
nms,NMS,0918_0390357076_01_WRI-L2_F012.png,FP,0.0074361673150864106,0.0,,no_gt_match_or_lower_confidence_on_same_gt,NMS4,5,5,242.0,347.0,91.0,90.0,1914,246,1668,0.12852664576802508,0.984
nms,NMS,0915_0434122280_01_WRI-L1_M008.PNG,FP,0.0073857214109778755,0.0,,no_gt_match_or_lower_confidence_on_same_gt,NMS5,3,3,142.0,329.0,85.0,90.0,1915,246,1669,0.12845953002610966,0.984
nms,NMS,5466_1178121802_02_WRI-L2_M013.png,FP,0.0073461406498558455,0.0,,no_gt_match_or_lower_confidence_on_same_gt,NMS10,1,1,212.0,428.0,148.0,104.0,1916,246,1670,0.12839248434237996,0.984
nms,NMS,5934_1088190587_01_WRI-R2_F006.png,FP,0.007331554277490396,0.09909837247889157,0,no_gt_match_or_lower_confidence_on_same_gt,NMS13,3,3,303.0,663.0,91.0,90.0,1917,246,1671,0.12832550860719874,0.984
nms,NMS,5337_0874269007_02_WRI-R2_F012.PNG,FP,0.007322015167876929,0.0,,no_gt_match_or_lower_confidence_on_same_gt,NMS10,11,11,181.0,427.0,91.0,90.0,1918,246,1672,0.12825860271115747,0.984
nms,NMS,5314_0269274371_04_WRI-R2_F010.PNG,FP,0.0073165556290858995,0.11057121951379495,0,no_gt_match_or_lower_confidence_on_same_gt,NMS18,1,1,278.0,367.0,179.0,126.0,1919,246,1673,0.12819176654507555,0.984
nms,NMS,0589_0821736373_04_WRI-L1_M017.PNG,FP,0.007276352850883487,0.0,,no_gt_match_or_lower_confidence_on_same_gt,NMS34,35,35,198.0,530.0,91.0,90.0,1920,246,1674,0.128125,0.984
nms,NMS,5201_0616435065_02_WRI-L2_M006.PNG,FP,0.007257246549918996,0.0,,no_gt_match_or_lower_confidence_on_same_gt,NMS7,4,4,175.0,471.0,91.0,90.0,1921,246,1675,0.12805830296720458,0.984
nms,NMS,5655_0803422185_01_WRI-R2_F010.png,FP,0.007244991966055685,0.0,,no_gt_match_or_lower_confidence_on_same_gt,NMS5,2,2,367.0,795.0,85.0,90.0,1922,246,1676,0.1279916753381894,0.984
nms,NMS,0417_0727170640_02_WRI-R1_F009.PNG,FP,0.007236482295146786,0.0,,no_gt_match_or_lower_confidence_on_same_gt,NMS8,6,6,376.0,306.0,37.0,90.0,1923,246,1677,0.12792511700468018,0.984
nms,NMS,4732_0612125811_02_WRI-L2_F004.PNG,FP,0.007236338285035903,0.09790554343173019,0,no_gt_match_or_lower_confidence_on_same_gt,NMS4,2,2,255.0,311.0,89.0,90.0,1924,246,1678,0.12785862785862787,0.984
nms,NMS,4526_0791926653_02_WRI-L1_F012.PNG,FP,0.007207957153191839,0.0,,no_gt_match_or_lower_confidence_on_same_gt,NMS18,10,10,303.0,904.0,130.0,92.0,1925,246,1679,0.1277922077922078,0.984
nms,NMS,5743_0963537164_04_WRI-R2_M009.PNG,FP,0.00719149883135767,0.0,,no_gt_match_or_lower_confidence_on_same_gt,NMS6,3,3,228.0,455.0,117.0,90.0,1926,246,1680,0.1277258566978193,0.984
nms,NMS,5066_1055147597_05_WRI-L1_M011.png,FP,0.007179323517378872,0.0,,no_gt_match_or_lower_confidence_on_same_gt,NMS12,11,11,117.0,604.0,59.0,90.0,1927,246,1681,0.1276595744680851,0.984
nms,NMS,5466_1178121802_02_WRI-L2_M013.png,FP,0.007159687735561493,0.0,,no_gt_match_or_lower_confidence_on_same_gt,NMS11,10,10,278.0,448.0,91.0,90.0,1928,246,1682,0.1275933609958506,0.984
nms,NMS,5048_0684397154_02_WRI-L2_F014.PNG,FP,0.007122452485578418,0.08094083859162882,0,no_gt_match_or_lower_confidence_on_same_gt,NMS18,17,17,359.0,351.0,91.0,90.0,1929,246,1683,0.12752721617418353,0.984
nms,NMS,0862_0731070423_02_WRI-R1_F007.PNG,FP,0.007117209676936304,0.0,,no_gt_match_or_lower_confidence_on_same_gt,NMS16,18,18,95.0,557.0,20.0,90.0,1930,246,1684,0.12746113989637306,0.984
nms,NMS,0177_0391004130_04_WRI-R2_M007.PNG,FP,0.007089943179467531,0.0,,no_gt_match_or_lower_confidence_on_same_gt,NMS5,2,2,196.0,288.0,85.0,90.0,1931,246,1685,0.12739513205592956,0.984
nms,NMS,0798_1176968591_01_WRI-L2_M010.PNG,FP,0.007088288762797157,0.09328954417710025,0,no_gt_match_or_lower_confidence_on_same_gt,NMS13,7,7,301.0,323.0,91.0,90.0,1932,246,1686,0.12732919254658384,0.984
nms,NMS,2975_0736302598_03_WRI-R2_M008.PNG,FP,0.007084544984344195,0.0,,no_gt_match_or_lower_confidence_on_same_gt,NMS10,6,6,398.0,535.0,44.0,90.0,1933,246,1687,0.1272633212622866,0.984
nms,NMS,4627_0260405716_03_WRI-L2_M008.PNG,FP,0.0069892874517937876,0.0,,no_gt_match_or_lower_confidence_on_same_gt,NMS4,2,2,233.0,447.0,66.0,90.0,1934,246,1688,0.12719751809720786,0.984
nms,NMS,4613_1297459976_01_WRI-L2_F011.PNG,FP,0.006978822232256221,0.010601553484190921,0,no_gt_match_or_lower_confidence_on_same_gt,NMS8,10,10,138.0,400.0,91.0,90.0,1935,246,1689,0.12713178294573643,0.984
nms,NMS,2602_0745106729_06_WRI-L2_M014.png,FP,0.006964037315960111,0.0,,no_gt_match_or_lower_confidence_on_same_gt,NMS10,7,7,134.0,355.0,91.0,90.0,1936,246,1690,0.12706611570247933,0.984
nms,NMS,0537_1193881316_01_WRI-L1_F007.PNG,FP,0.006951342595231457,0.0,,no_gt_match_or_lower_confidence_on_same_gt,NMS8,8,8,238.0,224.0,91.0,90.0,1937,246,1691,0.12700051626226122,0.984
nms,NMS,0536_1045921212_01_WRI-L2_M007.PNG,FP,0.006911240482952521,0.0,,no_gt_match_or_lower_confidence_on_same_gt,NMS8,7,7,195.0,831.0,22.0,90.0,1938,246,1692,0.12693498452012383,0.984
nms,NMS,5533_1116362310_04_WRI-R2_F010.png,FP,0.006890661885547342,0.0,,no_gt_match_or_lower_confidence_on_same_gt,NMS13,14,14,516.0,741.0,47.0,90.0,1939,246,1693,0.12686952037132543,0.984
nms,NMS,0817_0782054506_01_WRI-R2_F006.png,FP,0.0068483823438479545,0.0,,no_gt_match_or_lower_confidence_on_same_gt,NMS5,3,3,227.0,665.0,84.0,90.0,1940,246,1694,0.1268041237113402,0.984
nms,NMS,5980_0995828173_01_WRI-L1_M011.png,FP,0.006847335540237587,0.0,,no_gt_match_or_lower_confidence_on_same_gt,NMS10,3,3,117.0,645.0,62.0,90.0,1941,246,1695,0.1267387944358578,0.984
nms,NMS,5764_0922296377_02_WRI-L2_M008.png,FP,0.006823552495845681,0.0,,no_gt_match_or_lower_confidence_on_same_gt,NMS12,13,13,305.0,458.0,86.0,90.0,1942,246,1696,0.1266735324407827,0.984
nms,NMS,1392_0677451986_01_WRI-R2_M017.png,FP,0.006758534929155717,0.0,,no_gt_match_or_lower_confidence_on_same_gt,NMS19,14,14,586.0,616.0,30.0,90.0,1943,246,1697,0.12660833762223367,0.984
nms,NMS,1707_0497635109_01_WRI-R3_M008.PNG,FP,0.006703822534136612,0.0,,no_gt_match_or_lower_confidence_on_same_gt,NMS6,4,4,223.0,252.0,59.0,90.0,1944,246,1698,0.12654320987654322,0.984
nms,NMS,4847_0436558708_02_WRI-L2_M014.png,FP,0.006653865703546557,0.0,,no_gt_match_or_lower_confidence_on_same_gt,NMS8,8,8,203.0,293.0,91.0,90.0,1945,246,1699,0.12647814910025706,0.984
nms,NMS,1171_0294174076_01_WRI-R2_M013.PNG,FP,0.006630436500681787,0.0,,no_gt_match_or_lower_confidence_on_same_gt,NMS7,1,1,206.0,365.0,98.0,90.0,1946,246,1700,0.1264131551901336,0.984
nms,NMS,5466_1178121802_02_WRI-L2_M013.png,FP,0.006597845020666187,0.0,,no_gt_match_or_lower_confidence_on_same_gt,NMS12,6,6,174.0,425.0,97.0,90.0,1947,246,1701,0.1263482280431433,0.984
nms,NMS,5168_0338948778_01_WRI-R2_M007.PNG,FP,0.006574891793381848,0.0,,no_gt_match_or_lower_confidence_on_same_gt,NMS6,1,1,194.0,265.0,56.0,90.0,1948,246,1702,0.12628336755646818,0.984
nms,NMS,1171_0294174076_01_WRI-R2_M013.PNG,FP,0.00656236608643251,0.0,,no_gt_match_or_lower_confidence_on_same_gt,NMS8,4,4,243.0,705.0,84.0,90.0,1949,246,1703,0.12621857362750127,0.984
nms,NMS,0243_0176233486_01_WRI-L2_M012.png,FP,0.006433006835866242,0.0,,no_gt_match_or_lower_confidence_on_same_gt,NMS15,8,"8,19",119.0,545.0,54.0,90.0,1950,246,1704,0.12615384615384614,0.984
nms,NMS,5369_0843630267_04_WRI-L2_M005.PNG,FP,0.006378843442593922,0.0,,no_gt_match_or_lower_confidence_on_same_gt,NMS5,5,"5,4",179.0,255.0,91.0,90.0,1951,246,1705,0.12608918503331626,0.984
nms,NMS,5474_0881416362_05_WRI-R2_M005.PNG,FP,0.00637255165810568,0.027633401152959973,0,no_gt_match_or_lower_confidence_on_same_gt,NMS7,2,2,210.0,487.0,65.0,166.0,1952,246,1706,0.1260245901639344,0.984
nms,NMS,0407_1248541446_05_WRI-R2_F008.PNG,FP,0.006369534751038017,0.17609101954602302,0,no_gt_match_or_lower_confidence_on_same_gt,NMS13,5,5,410.0,489.0,145.0,102.0,1953,246,1707,0.1259600614439324,0.984
nms,NMS,4555_0522752808_02_WRI-R2_M013.png,FP,0.006357090252649694,0.0,,no_gt_match_or_lower_confidence_on_same_gt,NMS17,17,17,384.0,828.0,91.0,90.0,1954,246,1708,0.12589559877175024,0.984
nms,NMS,0241_0751818378_01_WRI-L2_M014.PNG,FP,0.0063505369321769445,0.0,,no_gt_match_or_lower_confidence_on_same_gt,NMS4,8,8,201.0,213.0,91.0,90.0,1955,246,1709,0.12583120204603582,0.984
nms,NMS,4650_0823981766_01_WRI-L2_M014.png,FP,0.006315526508572017,0.0,,no_gt_match_or_lower_confidence_on_same_gt,NMS10,8,8,346.0,407.0,62.0,90.0,1956,246,1710,0.12576687116564417,0.984
nms,NMS,1493_0516110511_02_WRI-L2_F012.PNG,FP,0.006279279309090584,0.010296720750942139,0,no_gt_match_or_lower_confidence_on_same_gt,NMS18,15,15,292.0,486.0,91.0,90.0,1957,246,1711,0.1257026060296372,0.984
nms,NMS,2660_0622346450_03_WRI-R1_M013.png,FP,0.006269450757373413,0.0,,no_gt_match_or_lower_confidence_on_same_gt,NMS10,8,8,366.0,307.0,91.0,90.0,1958,246,1712,0.12563840653728295,0.984
nms,NMS,5357_0717952874_05_WRI-R2_M013.PNG,FP,0.006256995016580274,0.0,,no_gt_match_or_lower_confidence_on_same_gt,NMS21,16,16,61.0,517.0,120.0,90.0,1959,246,1713,0.12557427258805512,0.984
nms,NMS,0699_0308341460_03_WRI-L2_M013.PNG,FP,0.006109439531178701,0.0,,no_gt_match_or_lower_confidence_on_same_gt,NMS9,2,2,102.0,370.0,142.0,100.0,1960,246,1714,0.12551020408163266,0.984
nms,NMS,0241_0751818378_01_WRI-L2_M014.PNG,FP,0.006086070735683054,0.237165592503549,0,no_gt_match_or_lower_confidence_on_same_gt,NMS5,1,1,150.0,249.0,174.0,122.0,1961,246,1715,0.12544620091789904,0.984
nms,NMS,1280_0847425934_01_WRI-R2_F016.png,FP,0.006076538300821233,0.0,,no_gt_match_or_lower_confidence_on_same_gt,NMS8,7,7,270.0,317.0,61.0,90.0,1962,246,1716,0.12538226299694188,0.984
nms,NMS,4886_0345385374_03_WRI-L1_F009.PNG,FP,0.006057146716737244,0.0,,no_gt_match_or_lower_confidence_on_same_gt,NMS10,9,9,286.0,466.0,91.0,90.0,1963,246,1717,0.12531839021905247,0.984
nms,NMS,1036_0797762719_02_WRI-L2_M013.png,FP,0.006030388582469347,0.0,,no_gt_match_or_lower_confidence_on_same_gt,NMS11,10,10,247.0,333.0,91.0,90.0,1964,246,1718,0.12525458248472504,0.984
nms,NMS,5332_0567714023_02_WRI-L2_F011.PNG,FP,0.006003730100966218,0.0,,no_gt_match_or_lower_confidence_on_same_gt,NMS7,6,6,282.0,379.0,91.0,90.0,1965,246,1719,0.1251908396946565,0.984
nms,NMS,4605_0740967567_01_WRI-L2_F011.PNG,FP,0.005984199566989009,0.0,,no_gt_match_or_lower_confidence_on_same_gt,NMS11,14,14,149.0,746.0,45.0,90.0,1966,246,1720,0.12512716174974567,0.984
nms,NMS,5733_0388429441_01_WRI-L2_M015.png,FP,0.005968296330126599,0.0,,no_gt_match_or_lower_confidence_on_same_gt,NMS12,13,13,264.0,284.0,91.0,90.0,1967,246,1721,0.12506354855109303,0.984
nms,NMS,4672_1042963085_08_WRI-L2_F010.png,FP,0.005958994836930724,0.0,,no_gt_match_or_lower_confidence_on_same_gt,NMS8,7,7,142.0,417.0,91.0,90.0,1968,246,1722,0.125,0.984
nms,NMS,5534_1110536297_02_WRI-L2_M012.PNG,FP,0.0058994926708339805,0.0,,no_gt_match_or_lower_confidence_on_same_gt,NMS8,9,9,296.0,224.0,91.0,90.0,1969,246,1723,0.12493651599796851,0.984
nms,NMS,5642_0300991869_04_WRI-R1_M010.PNG,FP,0.005869512035328073,0.19728162124362908,0,no_gt_match_or_lower_confidence_on_same_gt,NMS4,4,4,185.0,481.0,91.0,90.0,1970,246,1724,0.12487309644670051,0.984
nms,NMS,5983_1184814916_01_WRI-L2_M011.png,FP,0.005850107617164992,0.033551327638933606,0,no_gt_match_or_lower_confidence_on_same_gt,NMS6,5,"5,8",179.0,411.0,91.0,90.0,1971,246,1725,0.1248097412480974,0.984
nms,NMS,5357_0717952874_05_WRI-R2_M013.PNG,FP,0.005843022144116723,0.0,,no_gt_match_or_lower_confidence_on_same_gt,NMS22,21,21,423.0,274.0,91.0,90.0,1972,246,1726,0.12474645030425964,0.984
nms,NMS,0641_0946080010_02_WRI-R2_F012.png,FP,0.005842811597676544,0.0,,no_gt_match_or_lower_confidence_on_same_gt,NMS7,5,5,294.0,633.0,115.0,90.0,1973,246,1727,0.12468322351748606,0.984
nms,NMS,6053_0664550533_02_WRI-R2_M010.PNG,FP,0.005837359672961017,0.0,,no_gt_match_or_lower_confidence_on_same_gt,NMS3,4,4,240.0,332.0,90.0,90.0,1974,246,1728,0.12462006079027356,0.984
nms,NMS,0809_0409215096_03_WRI-L2_F007.png,FP,0.005833213782806843,0.14272542626334414,0,no_gt_match_or_lower_confidence_on_same_gt,NMS4,1,1,153.0,445.0,55.0,90.0,1975,246,1729,0.12455696202531645,0.984
nms,NMS,5613_0925004359_01_WRI-R2_F012.PNG,FP,0.005830073199275625,0.0,,no_gt_match_or_lower_confidence_on_same_gt,NMS9,4,4,177.0,285.0,77.0,90.0,1976,246,1730,0.12449392712550607,0.984
nms,NMS,2458_0430068033_05_WRI-L2_M009.PNG,FP,0.005823389632590213,0.0,,no_gt_match_or_lower_confidence_on_same_gt,NMS10,5,5,155.0,714.0,111.0,90.0,1977,246,1731,0.1244309559939302,0.984
nms,NMS,5121_0676540097_02_WRI-R1_M011.PNG,FP,0.005821700094239991,0.0,,no_gt_match_or_lower_confidence_on_same_gt,NMS18,8,8,220.0,657.0,181.0,126.0,1978,246,1732,0.1243680485338726,0.984
nms,NMS,5764_0922296377_02_WRI-L2_M008.png,FP,0.00580081519582428,0.0,,no_gt_match_or_lower_confidence_on_same_gt,NMS13,6,6,176.0,255.0,41.0,90.0,1979,246,1733,0.12430520464881253,0.984
nms,NMS,1993_0548434682_03_WRI-R2_F009.PNG,FP,0.005792265472714678,0.0,,no_gt_match_or_lower_confidence_on_same_gt,NMS4,1,1,167.0,334.0,92.0,90.0,1980,246,1734,0.12424242424242424,0.984
nms,NMS,0812_0349793895_03_WRI-L2_M013.PNG,FP,0.005791323372373445,0.0,,no_gt_match_or_lower_confidence_on_same_gt,NMS13,8,8,63.0,740.0,135.0,94.0,1981,246,1735,0.12417970721857648,0.984
nms,NMS,1036_0797762719_02_WRI-L2_M013.png,FP,0.005787059419227819,0.0,,no_gt_match_or_lower_confidence_on_same_gt,NMS12,2,2,255.0,374.0,132.0,92.0,1982,246,1736,0.124117053481332,0.984
nms,NMS,5818_0746899911_02_WRI-L2_M014.PNG,FP,0.005772450458480025,0.06256925781072117,0,no_gt_match_or_lower_confidence_on_same_gt,NMS12,6,6,160.0,347.0,181.0,126.0,1983,246,1737,0.12405446293494705,0.984
nms,NMS,5337_0874269007_02_WRI-R2_F012.PNG,FP,0.005718934595114855,0.0,,no_gt_match_or_lower_confidence_on_same_gt,NMS11,10,10,219.0,421.0,91.0,90.0,1984,246,1738,0.12399193548387097,0.984
nms,NMS,5332_0567714023_02_WRI-L2_F011.PNG,FP,0.005701658327287853,0.0,,no_gt_match_or_lower_confidence_on_same_gt,NMS8,5,5,254.0,804.0,120.0,90.0,1985,246,1739,0.1239294710327456,0.984
nms,NMS,1392_0677451986_01_WRI-R2_M017.png,FP,0.005663051924833136,0.0,,no_gt_match_or_lower_confidence_on_same_gt,NMS20,9,9,277.0,596.0,120.0,90.0,1986,246,1740,0.12386706948640483,0.984
nms,NMS,0542_0298295711_03_WRI-L2_F010.PNG,FP,0.005611268708410155,0.0,,no_gt_match_or_lower_confidence_on_same_gt,NMS7,5,5,119.0,274.0,91.0,90.0,1987,246,1741,0.12380473074987418,0.984
nms,NMS,2660_0622346450_03_WRI-R1_M013.png,FP,0.005603988850220599,0.0,,no_gt_match_or_lower_confidence_on_same_gt,NMS11,3,3,360.0,435.0,98.0,90.0,1988,246,1742,0.12374245472837023,0.984
nms,NMS,4810_0683178845_02_WRI-L1_M011.PNG,FP,0.0055896591939637265,0.0,,no_gt_match_or_lower_confidence_on_same_gt,NMS17,14,14,54.0,556.0,73.0,90.0,1989,246,1743,0.12368024132730016,0.984
nms,NMS,0424_1003218030_03_WRI-R2_M011.PNG,FP,0.005530863469713533,0.0,,no_gt_match_or_lower_confidence_on_same_gt,NMS8,4,4,268.0,818.0,149.0,104.0,1990,246,1744,0.12361809045226131,0.984
nms,NMS,0862_0731070423_02_WRI-R1_F007.PNG,FP,0.005511898362547726,0.0,,no_gt_match_or_lower_confidence_on_same_gt,NMS17,1,1,537.0,466.0,44.0,90.0,1991,246,1745,0.12355600200904068,0.984
nms,NMS,6079_0512846944_01_WRI-R2_M011.png,FP,0.005474435173862915,0.0,,no_gt_match_or_lower_confidence_on_same_gt,NMS8,5,5,189.0,745.0,66.0,90.0,1992,246,1746,0.12349397590361445,0.984
nms,NMS,2363_0844094867_02_WRI-R2_F010.PNG,FP,0.005428936516375726,0.0,,no_gt_match_or_lower_confidence_on_same_gt,NMS7,6,6,224.0,352.0,77.0,90.0,1993,246,1747,0.12343201204214752,0.984
nms,NMS,0817_0782054506_01_WRI-R2_F006.png,FP,0.005357946557686781,0.0,,no_gt_match_or_lower_confidence_on_same_gt,NMS6,5,5,252.0,805.0,83.0,90.0,1994,246,1748,0.12337011033099297,0.984
nms,NMS,4963_0373549808_02_WRI-L2_F006.png,FP,0.005344677700115382,0.0,,no_gt_match_or_lower_confidence_on_same_gt,NMS10,9,9,153.0,480.0,26.0,90.0,1995,246,1749,0.12330827067669173,0.984
nms,NMS,5277_0502084754_04_WRI-R2_M014.png,FP,0.005340999391498662,0.04874976338526713,0,no_gt_match_or_lower_confidence_on_same_gt,NMS4,4,4,216.0,300.0,91.0,90.0,1996,246,1750,0.12324649298597194,0.984
nms,NMS,0812_0349793895_03_WRI-L2_M013.PNG,FP,0.005281184160360619,0.008823731126922698,0,no_gt_match_or_lower_confidence_on_same_gt,NMS14,12,12,381.0,627.0,56.0,90.0,1997,246,1751,0.12318477716574862,0.984
nms,NMS,1392_0677451986_01_WRI-R2_M017.png,FP,0.005107668028905427,0.0,,no_gt_match_or_lower_confidence_on_same_gt,NMS21,1,1,256.0,388.0,181.0,126.0,1998,246,1752,0.12312312312312312,0.984
nms,NMS,0469_1003491279_04_WRI-L2_F009.PNG,FP,0.005099275016853672,0.0,,no_gt_match_or_lower_confidence_on_same_gt,NMS6,5,5,184.0,252.0,77.0,90.0,1999,246,1753,0.12306153076538269,0.984
nms,NMS,5818_0746899911_02_WRI-L2_M014.PNG,FP,0.0050954159140683825,0.0,,no_gt_match_or_lower_confidence_on_same_gt,NMS13,3,3,16.0,705.0,32.0,90.0,2000,246,1754,0.123,0.984
nms,NMS,0241_0751818378_01_WRI-L2_M014.PNG,FP,0.005067766462115343,0.2746341573805557,0,no_gt_match_or_lower_confidence_on_same_gt,NMS6,4,4,61.0,351.0,170.0,118.0,2001,246,1755,0.12293853073463268,0.984
nms,NMS,0798_1176968591_01_WRI-L2_M010.PNG,FP,0.004971892174365284,0.0,,no_gt_match_or_lower_confidence_on_same_gt,NMS14,9,9,118.0,453.0,54.0,90.0,2002,246,1756,0.12287712287712288,0.984
nms,NMS,0071_0678614107_01_WRI-R1_F009.png,FP,0.004814164098825894,0.0,,no_gt_match_or_lower_confidence_on_same_gt,NMS13,5,5,420.0,739.0,97.0,90.0,2003,246,1757,0.12281577633549676,0.984
nms,NMS,0862_0731070423_02_WRI-R1_F007.PNG,FP,0.004802930277661041,0.0,,no_gt_match_or_lower_confidence_on_same_gt,NMS18,4,4,540.0,346.0,28.0,90.0,2004,246,1758,0.12275449101796407,0.984
nms,NMS,0530_0793776717_02_WRI-L2_M012.png,FP,0.004785260968171383,0.0,,no_gt_match_or_lower_confidence_on_same_gt,NMS13,10,10,137.0,546.0,42.0,90.0,2005,246,1759,0.1226932668329177,0.984
nms,NMS,0791_0965671308_03_WRI-L2_M016.png,FP,0.004712550761683197,0.16740940448304972,0,no_gt_match_or_lower_confidence_on_same_gt,NMS6,7,7,154.0,351.0,91.0,90.0,2006,246,1760,0.1226321036889332,0.984
nms,NMS,5474_0834280982_01_WRI-L2_M003.PNG,FP,0.004621589358857788,0.0,,no_gt_match_or_lower_confidence_on_same_gt,NMS12,4,4,130.0,784.0,130.0,92.0,2007,246,1761,0.12257100149476831,0.984
nms,NMS,0066_1261433167_01_WRI-L2_M011.PNG,FP,0.004599628041102459,0.0,,no_gt_match_or_lower_confidence_on_same_gt,NMS12,3,3,116.0,795.0,95.0,90.0,2008,246,1762,0.12250996015936255,0.984
nms,NMS,0203_1114068044_01_WRI-L1_M011.png,FP,0.004580649980946576,0.0,,no_gt_match_or_lower_confidence_on_same_gt,NMS25,16,16,105.0,890.0,32.0,90.0,2009,246,1763,0.12244897959183673,0.984
nms,NMS,2975_0736302598_03_WRI-R2_M008.PNG,FP,0.004577914281606378,0.0,,no_gt_match_or_lower_confidence_on_same_gt,NMS11,3,3,219.0,275.0,75.0,90.0,2010,246,1764,0.12238805970149254,0.984
nms,NMS,0562_1096729807_01_WRI-R1_F007.png,FP,0.004563372656809908,0.0,,no_gt_match_or_lower_confidence_on_same_gt,NMS6,7,"7,6",142.0,156.0,91.0,90.0,2011,246,1765,0.12232720039781203,0.984
nms,NMS,4949_0969499613_03_WRI-R2_M006.png,FP,0.004546042628176957,0.0,,no_gt_match_or_lower_confidence_on_same_gt,NMS10,2,2,250.0,593.0,162.0,114.0,2012,246,1766,0.12226640159045726,0.984
nms,NMS,5474_0834280982_01_WRI-L2_M003.PNG,FP,0.004519549380933602,0.0,,no_gt_match_or_lower_confidence_on_same_gt,NMS13,16,16,171.0,818.0,91.0,90.0,2013,246,1767,0.12220566318926974,0.984
nms,NMS,6053_0664550533_02_WRI-R2_M010.PNG,FP,0.004470043061154664,0.0,,no_gt_match_or_lower_confidence_on_same_gt,NMS4,3,3,240.0,379.0,88.0,90.0,2014,246,1768,0.1221449851042701,0.984
nms,NMS,0530_0793776717_02_WRI-L2_M012.png,FP,0.004462065558275846,0.0,,no_gt_match_or_lower_confidence_on_same_gt,NMS14,7,7,259.0,736.0,124.0,90.0,2015,246,1769,0.12208436724565756,0.984
nms,NMS,0869_0615436364_02_WRI-R2_M016.PNG,FP,0.0044254474071954274,0.0,,no_gt_match_or_lower_confidence_on_same_gt,NMS11,10,10,241.0,282.0,91.0,90.0,2016,246,1770,0.12202380952380952,0.984
nms,NMS,5456_0603427972_01_WRI-L1_M011.png,FP,0.004396263604774062,0.0,,no_gt_match_or_lower_confidence_on_same_gt,NMS15,7,7,340.0,722.0,166.0,116.0,2017,246,1771,0.12196331184928111,0.984
nms,NMS,4810_0683178845_02_WRI-L1_M011.PNG,FP,0.004326688392697453,0.0,,no_gt_match_or_lower_confidence_on_same_gt,NMS18,10,10,247.0,246.0,80.0,90.0,2018,246,1772,0.12190287413280476,0.984
nms,NMS,5983_1184814878_01_WRI-L1_M011.png,FP,0.004320734724953779,0.0,,no_gt_match_or_lower_confidence_on_same_gt,NMS14,9,9,236.0,742.0,136.0,96.0,2019,246,1773,0.12184249628528974,0.984
nms,NMS,4542_0289418685_06_WRI-R2_M012.PNG,FP,0.0043014643860164545,0.0,,no_gt_match_or_lower_confidence_on_same_gt,NMS7,3,3,278.0,888.0,92.0,90.0,2020,246,1774,0.12178217821782178,0.984
nms,NMS,2880_0995256867_02_WRI-R2_M010.png,FP,0.0041983581053875296,0.0,,no_gt_match_or_lower_confidence_on_same_gt,NMS9,9,9,670.0,397.0,44.0,90.0,2021,246,1775,0.12172191984166254,0.984
nms,NMS,0642_0931369220_01_WRI-L2_F009.png,FP,0.0041023364555385034,0.020517328527501367,0,no_gt_match_or_lower_confidence_on_same_gt,NMS5,5,5,115.0,355.0,91.0,90.0,2022,246,1776,0.12166172106824925,0.984
nms,NMS,0818_0571314957_03_WRI-L1_M013.png,FP,0.004031850691564036,0.0,,no_gt_match_or_lower_confidence_on_same_gt,NMS13,2,2,80.0,707.0,181.0,126.0,2023,246,1777,0.12160158180919427,0.984
nms,NMS,0598_0792844418_02_WRI-L2_F008.png,FP,0.00400345123600284,0.0,,no_gt_match_or_lower_confidence_on_same_gt,NMS12,3,"3,14",324.0,224.0,49.0,90.0,2024,246,1778,0.12154150197628459,0.984
nms,NMS,0530_0793776717_02_WRI-L2_M012.png,FP,0.003971325287261149,0.0,,no_gt_match_or_lower_confidence_on_same_gt,NMS15,6,6,134.0,816.0,60.0,90.0,2025,246,1779,0.12148148148148148,0.984
nms,NMS,0482_0829961405_03_WRI-R2_M012.png,FP,0.00395395448640695,0.0,,no_gt_match_or_lower_confidence_on_same_gt,NMS8,9,9,290.0,472.0,91.0,90.0,2026,246,1780,0.12142152023692004,0.984
nms,NMS,0417_0727766468_03_WRI-R2_F009.png,FP,0.0039248816141681945,0.0,,no_gt_match_or_lower_confidence_on_same_gt,NMS8,2,2,535.0,415.0,129.0,90.0,2027,246,1781,0.12136161815490873,0.984
nms,NMS,0239_0828414004_02_WRI-L2_M009.PNG,FP,0.003875719227451208,0.0,,no_gt_match_or_lower_confidence_on_same_gt,NMS12,10,10,253.0,483.0,91.0,90.0,2028,246,1782,0.12130177514792899,0.984
nms,NMS,0809_0409215096_03_WRI-L2_F007.png,FP,0.0038679158933766244,0.0,,no_gt_match_or_lower_confidence_on_same_gt,NMS5,6,6,213.0,160.0,91.0,90.0,2029,246,1783,0.12124199112863479,0.984
nms,NMS,4562_0499940005_02_WRI-R2_M003.PNG,FP,0.0038657666365474043,0.0,,no_gt_match_or_lower_confidence_on_same_gt,NMS3,2,2,324.0,676.0,56.0,90.0,2030,246,1784,0.12118226600985221,0.984
nms,NMS,5162_0861552938_02_WRI-L2_M009.png,FP,0.0037899177822321058,0.0,,no_gt_match_or_lower_confidence_on_same_gt,NMS4,3,3,308.0,325.0,64.0,90.0,2031,246,1785,0.12112259970457903,0.984
nms,NMS,1563_0496123113_02_WRI-L1_M011.png,FP,0.0037531815124612175,0.0,,no_gt_match_or_lower_confidence_on_same_gt,NMS11,14,14,357.0,422.0,91.0,90.0,2032,246,1786,0.12106299212598425,0.984
nms,NMS,4627_0260405716_03_WRI-L2_M008.PNG,FP,0.003725336799967104,0.0,,no_gt_match_or_lower_confidence_on_same_gt,NMS5,5,5,256.0,234.0,88.0,90.0,2033,246,1787,0.12100344318740777,0.984
nms,NMS,2458_0430068033_05_WRI-L2_M009.PNG,FP,0.00366312088833364,0.13472270730327432,0,no_gt_match_or_lower_confidence_on_same_gt,NMS11,4,4,165.0,636.0,181.0,126.0,2034,246,1788,0.12094395280235988,0.984
nms,NMS,5066_1055147597_05_WRI-L1_M011.png,FP,0.0036101297159987786,0.0,,no_gt_match_or_lower_confidence_on_same_gt,NMS13,4,4,130.0,737.0,181.0,126.0,2035,246,1789,0.12088452088452088,0.984
nms,NMS,5230_0288804781_01_WRI-L2_M010.png,FP,0.0036001958378728337,0.0,,no_gt_match_or_lower_confidence_on_same_gt,NMS6,7,7,270.0,448.0,91.0,90.0,2036,246,1790,0.12082514734774066,0.984
nms,NMS,0581_0562535807_01_WRI-L2_F005.PNG,FP,0.0035819545133061364,0.03419604200514132,0,no_gt_match_or_lower_confidence_on_same_gt,NMS6,1,1,158.0,429.0,136.0,148.0,2037,246,1791,0.12076583210603829,0.984
nms,NMS,0562_1096729807_01_WRI-R1_F007.png,FP,0.0035721333671315456,0.0,,no_gt_match_or_lower_confidence_on_same_gt,NMS7,2,2,195.0,281.0,55.0,90.0,2038,246,1792,0.12070657507360157,0.984
nms,NMS,6079_0512846944_01_WRI-R2_M011.png,FP,0.0035199216966604573,0.0,,no_gt_match_or_lower_confidence_on_same_gt,NMS9,2,2,199.0,335.0,61.0,90.0,2039,246,1793,0.12064737616478666,0.984
nms,NMS,0537_1193881316_01_WRI-L1_F007.PNG,FP,0.003487673901504517,0.0,,no_gt_match_or_lower_confidence_on_same_gt,NMS9,2,2,107.0,565.0,122.0,90.0,2040,246,1794,0.12058823529411765,0.984
nms,NMS,4891_0935989047_01_WRI-R1_M011.png,FP,0.0034847657277479803,0.0,,no_gt_match_or_lower_confidence_on_same_gt,NMS9,8,"8,3",216.0,312.0,91.0,90.0,2041,246,1795,0.12052915237628613,0.984
nms,NMS,6064_0993979697_01_WRI-R1_M004.PNG,FP,0.0034748442136283454,0.0,,no_gt_match_or_lower_confidence_on_same_gt,NMS10,3,3,175.0,459.0,146.0,102.0,2042,246,1796,0.12047012732615084,0.984
nms,NMS,5983_1184814878_01_WRI-L1_M011.png,FP,0.0034664425498773777,0.0,,no_gt_match_or_lower_confidence_on_same_gt,NMS15,8,8,123.0,745.0,60.0,90.0,2043,246,1797,0.12041116005873716,0.984
nms,NMS,4526_0791926653_02_WRI-L1_F012.PNG,FP,0.0034155883605576877,0.0,,no_gt_match_or_lower_confidence_on_same_gt,NMS19,3,3,283.0,711.0,140.0,98.0,2044,246,1798,0.12035225048923678,0.984
nms,NMS,1284_0365288370_04_WRI-L2_M010.png,FP,0.0034031506748117718,0.0,,no_gt_match_or_lower_confidence_on_same_gt,NMS11,6,6,196.0,242.0,91.0,90.0,2045,246,1799,0.12029339853300733,0.984
nms,NMS,5168_0338948778_01_WRI-R2_M007.PNG,FP,0.003360561092280261,0.0,,no_gt_match_or_lower_confidence_on_same_gt,NMS7,6,6,180.0,225.0,81.0,90.0,2046,246,1800,0.12023460410557185,0.984
nms,NMS,5614_0382067224_01_WRI-L2_F010.png,FP,0.00333669301956669,0.0,,no_gt_match_or_lower_confidence_on_same_gt,NMS9,6,"6,9",313.0,402.0,91.0,90.0,2047,246,1801,0.12017586712261846,0.984
nms,NMS,5381_0723559946_01_WRI-L1_F008.PNG,FP,0.003317309944240498,0.0,,no_gt_match_or_lower_confidence_on_same_gt,NMS5,3,3,263.0,831.0,107.0,90.0,2048,246,1802,0.1201171875,0.984
nms,NMS,0562_1096729807_01_WRI-R1_F007.png,FP,0.0033035911702852206,0.0,,no_gt_match_or_lower_confidence_on_same_gt,NMS8,1,1,230.0,341.0,96.0,90.0,2049,246,1803,0.12005856515373353,0.984
nms,NMS,4810_0683178845_02_WRI-L1_M011.PNG,FP,0.003249876806380566,0.0,,no_gt_match_or_lower_confidence_on_same_gt,NMS19,11,11,384.0,261.0,65.0,90.0,2050,246,1804,0.12,0.984
nms,NMS,0817_0782054506_01_WRI-R2_F006.png,FP,0.0032065912329321444,0.0,,no_gt_match_or_lower_confidence_on_same_gt,NMS7,6,6,188.0,370.0,81.0,90.0,2051,246,1805,0.11994149195514384,0.984
nms,NMS,4936_0635336029_01_WRI-L1_F012.PNG,FP,0.0031612237648606656,0.0,,no_gt_match_or_lower_confidence_on_same_gt,NMS9,11,11,303.0,217.0,91.0,90.0,2052,246,1806,0.11988304093567251,0.984
nms,NMS,6079_0512846944_01_WRI-R2_M011.png,FP,0.0031160279402677087,0.0,,no_gt_match_or_lower_confidence_on_same_gt,NMS10,7,7,270.0,753.0,19.0,90.0,2053,246,1807,0.11982464685825621,0.984
nms,NMS,5474_0834280982_01_WRI-L2_M003.PNG,FP,0.003094986209025366,0.0,,no_gt_match_or_lower_confidence_on_same_gt,NMS14,8,8,283.0,715.0,48.0,90.0,2054,246,1808,0.11976630963972736,0.984
nms,NMS,1059_1194450089_01_WRI-R2_M006.png,FP,0.0030870952709475792,0.0,,no_gt_match_or_lower_confidence_on_same_gt,NMS6,4,4,213.0,465.0,59.0,90.0,2055,246,1809,0.11970802919708029,0.984
nms,NMS,5229_1076706016_04_WRI-R1_M008.png,FP,0.003028268812000103,0.0,,no_gt_match_or_lower_confidence_on_same_gt,NMS13,5,5,211.0,338.0,75.0,90.0,2056,246,1810,0.11964980544747082,0.984
nms,NMS,1493_0516110451_02_WRI-L1_F012.PNG,FP,0.0030221596689610285,0.0,,no_gt_match_or_lower_confidence_on_same_gt,NMS24,18,18,620.0,513.0,21.0,90.0,2057,246,1811,0.11959163830821584,0.984
nms,NMS,5931_0732587357_02_WRI-R2_M014.PNG,FP,0.003020384078521121,0.0,,no_gt_match_or_lower_confidence_on_same_gt,NMS13,11,11,349.0,335.0,91.0,90.0,2058,246,1812,0.119533527696793,0.984
nms,NMS,4657_1266664380_01_WRI-R2_F003.png,FP,0.0030068225741880553,0.010101637625124659,0,no_gt_match_or_lower_confidence_on_same_gt,NMS4,2,2,181.0,335.0,57.0,90.0,2059,246,1813,0.11947547353084022,0.984
nms,NMS,0203_1114068044_01_WRI-L1_M011.png,FP,0.0029730908973169454,0.0,,no_gt_match_or_lower_confidence_on_same_gt,NMS26,12,12,447.0,350.0,103.0,90.0,2060,246,1814,0.11941747572815534,0.984
nms,NMS,4605_0740967567_01_WRI-L2_F011.PNG,FP,0.002852897125007794,0.0,,no_gt_match_or_lower_confidence_on_same_gt,NMS12,12,"12,1",164.0,370.0,172.0,120.0,2061,246,1815,0.11935953420669577,0.984
nms,NMS,5537_0386455412_01_WRI-R2_F006.PNG,FP,0.0027611476299121886,0.0,,no_gt_match_or_lower_confidence_on_same_gt,NMS5,1,1,212.0,295.0,76.0,90.0,2062,246,1816,0.11930164888457807,0.984
nms,NMS,5121_0676540097_02_WRI-R1_M011.PNG,FP,0.0027489441571591925,0.0,,no_gt_match_or_lower_confidence_on_same_gt,NMS19,4,4,26.0,485.0,38.0,90.0,2063,246,1817,0.11924381968007755,0.984
nms,NMS,4542_0289418685_06_WRI-R2_M012.PNG,FP,0.002743405675109377,0.22863412934710112,0,no_gt_match_or_lower_confidence_on_same_gt,NMS8,5,5,306.0,532.0,91.0,90.0,2064,246,1818,0.11918604651162791,0.984
nms,NMS,0536_1045921212_01_WRI-L2_M007.PNG,FP,0.002728732618439605,0.0,,no_gt_match_or_lower_confidence_on_same_gt,NMS9,9,9,202.0,330.0,91.0,90.0,2065,246,1819,0.11912832929782083,0.984
nms,NMS,5379_0388426289_02_WRI-L2_M009.png,FP,0.002722051860922204,0.0,,no_gt_match_or_lower_confidence_on_same_gt,NMS11,10,10,213.0,343.0,91.0,90.0,2066,246,1820,0.11907066795740562,0.984
nms,NMS,5067_1201935013_05_WRI-L1_M014.png,FP,0.002710215533578479,0.05413195679236796,0,no_gt_match_or_lower_confidence_on_same_gt,NMS13,3,3,290.0,355.0,129.0,90.0,2067,246,1821,0.11901306240928883,0.984
nms,NMS,1284_0365288370_04_WRI-L2_M010.png,FP,0.002674170992750614,0.0,,no_gt_match_or_lower_confidence_on_same_gt,NMS12,8,8,257.0,235.0,91.0,90.0,2068,246,1822,0.11895551257253385,0.984
nms,NMS,1342_0844831428_01_WRI-R2_F009.PNG,FP,0.002619007503511291,0.0,,no_gt_match_or_lower_confidence_on_same_gt,NMS6,7,"7,5",192.0,294.0,91.0,90.0,2069,246,1823,0.11889801836636056,0.984
nms,NMS,5357_0717952874_05_WRI-R2_M013.PNG,FP,0.002596453003159263,0.0,,no_gt_match_or_lower_confidence_on_same_gt,NMS23,20,20,38.0,704.0,131.0,92.0,2070,246,1824,0.11884057971014493,0.984
nms,NMS,5247_0625408586_02_WRI-L2_F008.png,FP,0.002593827151288404,0.0,,no_gt_match_or_lower_confidence_on_same_gt,NMS24,1,1,168.0,545.0,101.0,90.0,2071,246,1825,0.11878319652341864,0.984
nms,NMS,0812_0349793895_03_WRI-L2_M013.PNG,FP,0.0025413772502953934,0.0,,no_gt_match_or_lower_confidence_on_same_gt,NMS15,14,14,122.0,442.0,91.0,90.0,2072,246,1826,0.11872586872586872,0.984
nms,NMS,0203_1114068044_01_WRI-L1_M011.png,FP,0.002463690181486507,0.0,,no_gt_match_or_lower_confidence_on_same_gt,NMS27,28,28,466.0,891.0,91.0,90.0,2073,246,1827,0.11866859623733719,0.984
nms,NMS,1392_0677451986_01_WRI-R2_M017.png,FP,0.0024432267948197896,0.0,,no_gt_match_or_lower_confidence_on_same_gt,NMS22,12,12,552.0,396.0,38.0,90.0,2074,246,1828,0.11861137897782063,0.984
nms,NMS,0536_1142550502_02_WRI-L2_M010.PNG,FP,0.0024011465101857607,0.0,,no_gt_match_or_lower_confidence_on_same_gt,NMS5,3,3,204.0,285.0,41.0,90.0,2075,246,1829,0.11855421686746988,0.984
nms,NMS,5325_0444985290_01_WRI-R2_F005.png,FP,0.002385634511307082,0.0,,no_gt_match_or_lower_confidence_on_same_gt,NMS3,2,2,306.0,569.0,58.0,90.0,2076,246,1830,0.11849710982658959,0.984
nms,NMS,1392_0677451986_01_WRI-R2_M017.png,FP,0.0023428426346993195,0.10030474408643589,0,no_gt_match_or_lower_confidence_on_same_gt,NMS23,21,21,408.0,631.0,91.0,90.0,2077,246,1831,0.11844005777563794,0.984
nms,NMS,0818_0571314957_03_WRI-L1_M013.png,FP,0.002339081360230702,0.0,,no_gt_match_or_lower_confidence_on_same_gt,NMS14,8,8,120.0,817.0,181.0,126.0,2078,246,1832,0.11838306063522618,0.984
nms,NMS,2975_0736302598_03_WRI-R2_M008.PNG,FP,0.002329405111678079,0.0,,no_gt_match_or_lower_confidence_on_same_gt,NMS12,4,4,367.0,325.0,56.0,90.0,2079,246,1833,0.11832611832611832,0.984
nms,NMS,0812_0349793895_03_WRI-L2_M013.PNG,FP,0.0022828002255421685,0.1185220121112938,0,no_gt_match_or_lower_confidence_on_same_gt,NMS16,2,2,107.0,484.0,181.0,126.0,2080,246,1834,0.11826923076923077,0.984
nms,NMS,5227_0411829511_01_WRI-L2_M011.png,FP,0.002261612558426615,0.0,,no_gt_match_or_lower_confidence_on_same_gt,NMS19,3,3,6.0,785.0,51.0,90.0,2081,246,1835,0.11821239788563191,0.984
nms,NMS,0241_0751818378_01_WRI-L2_M014.PNG,FP,0.002261183003677612,0.0,,no_gt_match_or_lower_confidence_on_same_gt,NMS7,6,6,67.0,469.0,174.0,122.0,2082,246,1836,0.11815561959654179,0.984
nms,NMS,4613_1297459976_01_WRI-L2_F011.PNG,FP,0.002255336393982853,0.0,,no_gt_match_or_lower_confidence_on_same_gt,NMS9,6,6,161.0,715.0,75.0,90.0,2083,246,1837,0.11809889582333173,0.984
nms,NMS,5168_0340721647_04_WRI-R2_M007.PNG,FP,0.002250786012651667,0.0,,no_gt_match_or_lower_confidence_on_same_gt,NMS5,5,5,120.0,324.0,91.0,90.0,2084,246,1838,0.118042226487524,0.984
nms,NMS,0862_0731070423_02_WRI-R1_F007.PNG,FP,0.0022445456391096156,0.0,,no_gt_match_or_lower_confidence_on_same_gt,NMS19,17,17,538.0,390.0,31.0,90.0,2085,246,1839,0.11798561151079137,0.984
nms,NMS,0422_1296201520_04_WRI-L1_M010.PNG,FP,0.0022141871998041496,0.0,,no_gt_match_or_lower_confidence_on_same_gt,NMS17,11,11,302.0,311.0,76.0,90.0,2086,246,1840,0.11792905081495686,0.984
nms,NMS,0240_0448883998_01_WRI-R2_F012.PNG,FP,0.0021890926506971447,0.0,,no_gt_match_or_lower_confidence_on_same_gt,NMS6,9,9,256.0,366.0,91.0,90.0,2087,246,1841,0.11787254432199329,0.984
nms,NMS,4650_0823981766_01_WRI-L2_M014.png,FP,0.002174404543509564,0.0,,no_gt_match_or_lower_confidence_on_same_gt,NMS11,10,10,216.0,503.0,91.0,90.0,2088,246,1842,0.11781609195402298,0.984
nms,NMS,5013_0267679637_04_WRI-L2_M007.png,FP,0.002164063350785416,0.11098418787409202,0,no_gt_match_or_lower_confidence_on_same_gt,NMS7,3,3,220.0,533.0,65.0,142.0,2089,246,1843,0.11775969363331738,0.984
nms,NMS,1860_0668647760_02_WRI-R1_M010.png,FP,0.0021311476549014064,0.0,,no_gt_match_or_lower_confidence_on_same_gt,NMS8,5,5,343.0,682.0,61.0,90.0,2090,246,1844,0.11770334928229666,0.984
nms,NMS,4800_1015202634_01_WRI-L2_F008.PNG,FP,0.0021171069290323095,0.0,,no_gt_match_or_lower_confidence_on_same_gt,NMS7,5,5,205.0,248.0,91.0,90.0,2091,246,1845,0.11764705882352941,0.984
nms,NMS,0562_1096729807_01_WRI-R1_F007.png,FP,0.0021116703568213784,0.0,,no_gt_match_or_lower_confidence_on_same_gt,NMS9,11,11,216.0,362.0,91.0,90.0,2092,246,1846,0.11759082217973231,0.984
nms,NMS,0243_0176233486_01_WRI-L2_M012.png,FP,0.0021053355868796563,0.0,,no_gt_match_or_lower_confidence_on_same_gt,NMS16,9,9,138.0,915.0,46.0,90.0,2093,246,1847,0.11753463927376971,0.984
nms,NMS,4605_0740967567_01_WRI-L2_F011.PNG,FP,0.002090434506457729,0.0,,no_gt_match_or_lower_confidence_on_same_gt,NMS13,3,3,166.0,355.0,128.0,90.0,2094,246,1848,0.1174785100286533,0.984
nms,NMS,5337_0874269007_02_WRI-R2_F012.PNG,FP,0.0020723298988901853,0.0,,no_gt_match_or_lower_confidence_on_same_gt,NMS12,5,5,197.0,800.0,145.0,102.0,2095,246,1849,0.11742243436754177,0.984
nms,NMS,5373_0602157892_03_WRI-L2_F009.png,FP,0.0020503430428652123,0.0,,no_gt_match_or_lower_confidence_on_same_gt,NMS5,5,5,288.0,161.0,91.0,90.0,2096,246,1850,0.11736641221374046,0.984
nms,NMS,5144_0421025634_01_WRI-R2_M013.PNG,FP,0.0020468140637189465,0.0,,no_gt_match_or_lower_confidence_on_same_gt,NMS11,1,1,231.0,389.0,146.0,102.0,2097,246,1851,0.11731044349070101,0.984
nms,NMS,0074_0778270509_01_WRI-L2_F010.PNG,FP,0.0020443604634873,0.16167110530188414,0,no_gt_match_or_lower_confidence_on_same_gt,NMS5,6,6,145.0,318.0,91.0,90.0,2098,246,1852,0.11725452812202097,0.984
nms,NMS,4928_0630318905_01_WRI-L2_M009.PNG,FP,0.002020508416474396,0.0,,no_gt_match_or_lower_confidence_on_same_gt,NMS14,15,15,56.0,597.0,31.0,90.0,2099,246,1853,0.11719866603144355,0.984
nms,NMS,4671_1037664684_01_WRI-R1_F009.PNG,FP,0.0020144457607496552,0.0,,no_gt_match_or_lower_confidence_on_same_gt,NMS8,7,7,270.0,434.0,85.0,90.0,2100,246,1854,0.11714285714285715,0.984
nms,NMS,1707_0497635109_01_WRI-R3_M008.PNG,FP,0.0020121789131029998,0.0,,no_gt_match_or_lower_confidence_on_same_gt,NMS7,2,2,269.0,718.0,106.0,90.0,2101,246,1855,0.1170871013802951,0.984
nms,NMS,5474_0836354168_04_WRI-L2_M003.png,FP,0.001976096444854044,0.0,,no_gt_match_or_lower_confidence_on_same_gt,NMS5,5,5,180.0,296.0,87.0,90.0,2102,246,1856,0.1170313986679353,0.984
nms,NMS,0397_0512488068_01_WRI-L2_F008.PNG,FP,0.0019529223473270202,0.15883462207781296,0,no_gt_match_or_lower_confidence_on_same_gt,NMS5,1,1,210.0,255.0,92.0,90.0,2103,246,1857,0.11697574893009986,0.984
nms,NMS,1218_0392258361_05_WRI-R2_M014.png,FP,0.0019492003524275844,0.0,,no_gt_match_or_lower_confidence_on_same_gt,NMS18,17,17,497.0,690.0,23.0,90.0,2104,246,1858,0.11692015209125475,0.984
nms,NMS,0066_1261433167_01_WRI-L2_M011.PNG,FP,0.0019480611756555553,0.15151392710341274,0,no_gt_match_or_lower_confidence_on_same_gt,NMS13,9,9,166.0,433.0,91.0,90.0,2105,246,1859,0.1168646080760095,0.984
nms,NMS,6060_0585926294_01_WRI-R2_M015.png,FP,0.0019458067143163827,0.04123754993939083,0,no_gt_match_or_lower_confidence_on_same_gt,NMS10,8,8,224.0,519.0,91.0,90.0,2106,246,1860,0.1168091168091168,0.984
nms,NMS,0530_0793776717_02_WRI-L2_M012.png,FP,0.001903290542259638,0.0,,no_gt_match_or_lower_confidence_on_same_gt,NMS16,16,"16,8",146.0,683.0,48.0,90.0,2107,246,1861,0.11675367821547224,0.984
nms,NMS,0407_1248541446_05_WRI-R2_F008.PNG,FP,0.0019013419298596489,0.1333040141970668,0,no_gt_match_or_lower_confidence_on_same_gt,NMS14,2,2,300.0,326.0,154.0,108.0,2108,246,1862,0.11669829222011385,0.984
nms,NMS,0133_0281744417_01_WRI-R2_M014.png,FP,0.001900578371500718,0.0,,no_gt_match_or_lower_confidence_on_same_gt,NMS14,2,2,324.0,427.0,151.0,106.0,2109,246,1863,0.1166429587482219,0.984
nms,NMS,5084_0371666121_01_WRI-L2_M014.PNG,FP,0.0018685330421071298,0.12483242662944544,0,no_gt_match_or_lower_confidence_on_same_gt,NMS9,4,4,197.0,365.0,127.0,90.0,2110,246,1864,0.11658767772511848,0.984
nms,NMS,5865_0983089944_07_WRI-L1_F005.png,FP,0.0018470508709814992,0.0,,no_gt_match_or_lower_confidence_on_same_gt,NMS6,5,5,93.0,330.0,57.0,90.0,2111,246,1865,0.11653244907626717,0.984
nms,NMS,5162_0861552938_02_WRI-L2_M009.png,FP,0.0018438035757736661,0.0,,no_gt_match_or_lower_confidence_on_same_gt,NMS5,4,4,288.0,430.0,91.0,90.0,2112,246,1866,0.11647727272727272,0.984
nms,NMS,0507_1135294951_01_WRI-L2_M015.PNG,FP,0.0018393784345113683,0.008906215493933644,0,no_gt_match_or_lower_confidence_on_same_gt,NMS9,8,8,228.0,348.0,91.0,90.0,2113,246,1867,0.11642214860388074,0.984
nms,NMS,5474_0834280982_01_WRI-L2_M003.PNG,FP,0.0018333260132652382,0.0,,no_gt_match_or_lower_confidence_on_same_gt,NMS15,12,12,45.0,361.0,44.0,90.0,2114,246,1868,0.11636707663197729,0.984
nms,NMS,5983_1184814878_01_WRI-L1_M011.png,FP,0.0018277651913054624,0.0,,no_gt_match_or_lower_confidence_on_same_gt,NMS16,2,2,176.0,397.0,151.0,106.0,2115,246,1869,0.11631205673758865,0.984
nms,NMS,1563_0496123113_02_WRI-L1_M011.png,FP,0.0018043032348877047,0.0,,no_gt_match_or_lower_confidence_on_same_gt,NMS12,2,2,277.0,399.0,147.0,102.0,2116,246,1870,0.11625708884688091,0.984
nms,NMS,1171_0294174076_01_WRI-R2_M013.PNG,FP,0.0017934934239236806,0.0,,no_gt_match_or_lower_confidence_on_same_gt,NMS9,5,5,227.0,383.0,90.0,90.0,2117,246,1871,0.11620217288615967,0.984
nms,NMS,1646_0358595502_04_WRI-R1_M007.png,FP,0.0017925331549893436,0.0,,no_gt_match_or_lower_confidence_on_same_gt,NMS6,6,6,305.0,311.0,51.0,90.0,2118,246,1872,0.11614730878186968,0.984
nms,NMS,5373_0602157892_03_WRI-L2_F009.png,FP,0.0017706468780122144,0.0,,no_gt_match_or_lower_confidence_on_same_gt,NMS6,4,4,246.0,168.0,91.0,90.0,2119,246,1873,0.11609249646059462,0.984
nms,NMS,0827_0782390551_01_WRI-L1_M016.PNG,FP,0.0017704855259521959,0.0,,no_gt_match_or_lower_confidence_on_same_gt,NMS9,8,8,152.0,272.0,91.0,90.0,2120,246,1874,0.1160377358490566,0.984
nms,NMS,5332_0567714023_02_WRI-L2_F011.PNG,FP,0.0017306834935652503,0.0,,no_gt_match_or_lower_confidence_on_same_gt,NMS9,7,7,256.0,401.0,91.0,90.0,2121,246,1875,0.11598302687411598,0.984
nms,NMS,0798_1177663651_03_WRI-R2_M010.png,FP,0.0017177794076737969,0.0,,no_gt_match_or_lower_confidence_on_same_gt,NMS10,8,8,118.0,296.0,91.0,90.0,2122,246,1876,0.11592836946277098,0.984
nms,NMS,0418_0986372204_04_WRI-L2_M008.png,FP,0.0015555200013879725,0.0,,no_gt_match_or_lower_confidence_on_same_gt,NMS7,1,1,498.0,666.0,14.0,168.0,2123,246,1877,0.11587376354215732,0.984
nms,NMS,0403_0402818592_02_WRI-R2_F011.PNG,FP,0.0015523937401515548,0.0,,no_gt_match_or_lower_confidence_on_same_gt,NMS4,4,4,221.0,183.0,91.0,90.0,2124,246,1878,0.11581920903954802,0.984
nms,NMS,1009_1045147893_04_WRI-R2_M013.png,FP,0.0015522475118669528,0.0,,no_gt_match_or_lower_confidence_on_same_gt,NMS9,10,10,188.0,480.0,91.0,90.0,2125,246,1879,0.11576470588235294,0.984
nms,NMS,4551_0708641747_01_WRI-L1_M008.png,FP,0.0015516079228000972,0.0,,no_gt_match_or_lower_confidence_on_same_gt,NMS11,10,10,553.0,538.0,33.0,90.0,2126,246,1880,0.11571025399811853,0.984
nms,NMS,0611_0470785500_02_WRI-L2_F014.png,FP,0.0015377267427438683,0.0,,no_gt_match_or_lower_confidence_on_same_gt,NMS12,12,12,237.0,298.0,91.0,90.0,2127,246,1881,0.1156558533145275,0.984
nms,NMS,4847_0436558708_02_WRI-L2_M014.png,FP,0.0015039794734530308,0.0,,no_gt_match_or_lower_confidence_on_same_gt,NMS9,9,9,239.0,305.0,91.0,90.0,2128,246,1882,0.1156015037593985,0.984
nms,NMS,2419_1009570056_06_WRI-L2_F006.png,FP,0.0014835666818543726,0.0,,no_gt_match_or_lower_confidence_on_same_gt,NMS6,3,3,175.0,475.0,61.0,90.0,2129,246,1883,0.11554720526068576,0.984
nms,NMS,0490_0671128517_01_WRI-R1_F012.PNG,FP,0.0014644557320336368,0.17317175559796144,1,no_gt_match_or_lower_confidence_on_same_gt,NMS17,18,18,188.0,404.0,91.0,90.0,2130,246,1884,0.11549295774647887,0.984
nms,NMS,0749_0874509515_05_WRI-L2_M005.png,FP,0.0014600688465700711,0.0,,no_gt_match_or_lower_confidence_on_same_gt,NMS11,3,3,148.0,244.0,38.0,90.0,2131,246,1885,0.11543876114500234,0.984
nms,NMS,2079_0634378897_01_WRI-R1_M008.PNG,FP,0.0014470974894317933,0.0,,no_gt_match_or_lower_confidence_on_same_gt,NMS4,4,4,201.0,346.0,92.0,90.0,2132,246,1886,0.11538461538461539,0.984
nms,NMS,0536_1142550502_02_WRI-L2_M010.PNG,FP,0.0014464254365925634,0.22091215705914713,0,no_gt_match_or_lower_confidence_on_same_gt,NMS6,4,4,165.0,350.0,91.0,90.0,2133,246,1887,0.11533052039381153,0.984
nms,NMS,4612_0535367399_03_WRI-L2_M012.PNG,FP,0.0014384118178201962,0.0,,no_gt_match_or_lower_confidence_on_same_gt,NMS5,4,4,229.0,208.0,91.0,90.0,2134,246,1888,0.11527647610121837,0.984
nms,NMS,5325_0444985290_01_WRI-R2_F005.png,FP,0.001434765431061847,0.1317586559123299,0,no_gt_match_or_lower_confidence_on_same_gt,NMS4,4,4,247.0,352.0,75.0,90.0,2135,246,1889,0.11522248243559718,0.984
nms,NMS,1392_0677451986_01_WRI-R2_M017.png,FP,0.0014131071798532378,0.07100673128393295,0,no_gt_match_or_lower_confidence_on_same_gt,NMS24,18,18,347.0,622.0,91.0,90.0,2136,246,1890,0.1151685393258427,0.984
nms,NMS,5289_0680957054_03_WRI-L2_M009.PNG,FP,0.0014088060816742117,0.05283026929467971,0,no_gt_match_or_lower_confidence_on_same_gt,NMS10,1,1,113.0,264.0,175.0,122.0,2137,246,1891,0.11511464670098269,0.984
nms,NMS,1563_0496123113_02_WRI-L1_M011.png,FP,0.0013755526796774872,0.0,,no_gt_match_or_lower_confidence_on_same_gt,NMS13,11,11,176.0,493.0,79.0,90.0,2138,246,1892,0.11506080449017773,0.984
nms,NMS,1009_1049120355_10_WRI-R2_M013.png,FP,0.0013534991904704074,0.0,,no_gt_match_or_lower_confidence_on_same_gt,NMS8,8,8,294.0,263.0,91.0,90.0,2139,246,1893,0.1150070126227209,0.984
nms,NMS,5552_0231280543_01_WRI-R2_M005.PNG,FP,0.0013353177887884757,0.0,,no_gt_match_or_lower_confidence_on_same_gt,NMS5,5,5,170.0,169.0,91.0,90.0,2140,246,1894,0.11495327102803739,0.984
nms,NMS,2660_0622346450_03_WRI-R1_M013.png,FP,0.001322431157010859,0.0,,no_gt_match_or_lower_confidence_on_same_gt,NMS12,7,7,271.0,360.0,91.0,90.0,2141,246,1895,0.11489957963568426,0.984
nms,NMS,0203_1114068044_01_WRI-L1_M011.png,FP,0.0012747064281560764,0.0,,no_gt_match_or_lower_confidence_on_same_gt,NMS28,23,23,353.0,501.0,91.0,90.0,2142,246,1896,0.11484593837535013,0.984
nms,NMS,5818_0746899911_02_WRI-L2_M014.PNG,FP,0.0012736802316288456,0.0,,no_gt_match_or_lower_confidence_on_same_gt,NMS14,13,13,328.0,299.0,109.0,90.0,2143,246,1897,0.11479234717685488,0.984
nms,NMS,5067_1201935013_05_WRI-L1_M014.png,FP,0.0012555103767997048,0.0,,no_gt_match_or_lower_confidence_on_same_gt,NMS14,5,5,106.0,746.0,155.0,108.0,2144,246,1898,0.11473880597014925,0.984
nms,NMS,0422_1296201520_04_WRI-L1_M010.PNG,FP,0.0012307582666691397,0.0,,no_gt_match_or_lower_confidence_on_same_gt,NMS18,3,3,258.0,394.0,145.0,102.0,2145,246,1899,0.11468531468531469,0.984
nms,NMS,0647_0425957122_01_WRI-L2_F008.PNG,FP,0.0011476155422941547,0.0,,no_gt_match_or_lower_confidence_on_same_gt,NMS7,6,6,323.0,291.0,91.0,90.0,2146,246,1900,0.11463187325256291,0.984
nms,NMS,5474_0834280982_01_WRI-L2_M003.PNG,FP,0.0011398227612221356,0.0,,no_gt_match_or_lower_confidence_on_same_gt,NMS16,13,13,176.0,477.0,91.0,90.0,2147,246,1901,0.11457848160223567,0.984
nms,NMS,0063_0566100866_02_WRI-R2_F011.png,FP,0.0010852949780109787,0.0,,no_gt_match_or_lower_confidence_on_same_gt,NMS7,6,6,276.0,325.0,91.0,90.0,2148,246,1902,0.11452513966480447,0.984
nms,NMS,0074_0778270509_01_WRI-L2_F010.PNG,FP,0.0010093202189058164,0.2342320729791774,0,no_gt_match_or_lower_confidence_on_same_gt,NMS6,7,7,193.0,334.0,91.0,90.0,2149,246,1903,0.11447184737087017,0.984
nms,NMS,5980_0997631883_02_WRI-L1_M011.PNG,FP,0.0009973420832494035,0.05530034941774139,0,no_gt_match_or_lower_confidence_on_same_gt,NMS13,11,11,205.0,291.0,91.0,90.0,2150,246,1904,0.1144186046511628,0.984
nms,NMS,5642_0300991869_04_WRI-R1_M010.PNG,FP,0.0009585266914334564,0.07210358821334502,0,no_gt_match_or_lower_confidence_on_same_gt,NMS5,3,3,222.0,452.0,91.0,90.0,2151,246,1905,0.11436541143654114,0.984
nms,NMS,5121_0676540097_02_WRI-R1_M011.PNG,FP,0.0009407354696372749,0.0,,no_gt_match_or_lower_confidence_on_same_gt,NMS20,11,11,307.0,325.0,67.0,90.0,2152,246,1906,0.11431226765799256,0.984
nms,NMS,0243_0176233486_01_WRI-L2_M012.png,FP,0.0009178665348893041,0.0,,no_gt_match_or_lower_confidence_on_same_gt,NMS17,1,1,221.0,912.0,138.0,96.0,2153,246,1907,0.11425917324663261,0.984
nms,NMS,5376_1092312623_01_WRI-L1_M008.PNG,FP,0.0009043438761586986,0.0,,no_gt_match_or_lower_confidence_on_same_gt,NMS5,5,5,310.0,225.0,59.0,90.0,2154,246,1908,0.11420612813370473,0.984
nms,NMS,5247_0627787842_05_WRI-L2_F008.png,FP,0.0009033562363808415,0.0,,no_gt_match_or_lower_confidence_on_same_gt,NMS12,4,4,44.0,757.0,33.0,90.0,2155,246,1909,0.11415313225058005,0.984
nms,NMS,5379_0388426289_02_WRI-L2_M009.png,FP,0.0008830950315888868,0.0,,no_gt_match_or_lower_confidence_on_same_gt,NMS12,4,4,197.0,955.0,133.0,94.0,2156,246,1910,0.11410018552875696,0.984
nms,NMS,0993_0784632097_01_WRI-L2_F012.PNG,FP,0.0008577983055149254,0.0,,no_gt_match_or_lower_confidence_on_same_gt,NMS6,6,6,308.0,242.0,91.0,90.0,2157,246,1911,0.11404728789986092,0.984
nms,NMS,0243_0176233486_01_WRI-L2_M012.png,FP,0.0008533063057054529,0.0,,no_gt_match_or_lower_confidence_on_same_gt,NMS18,17,17,129.0,735.0,54.0,90.0,2158,246,1912,0.11399443929564411,0.984
nms,NMS,5067_1201935013_05_WRI-L1_M014.png,FP,0.0008474552131962678,0.14708499119375226,0,no_gt_match_or_lower_confidence_on_same_gt,NMS15,1,1,237.0,373.0,134.0,94.0,2159,246,1913,0.11394163964798518,0.984
nms,NMS,0066_1263156785_04_WRI-L1_M011.png,FP,0.0008453520450291142,0.0,,no_gt_match_or_lower_confidence_on_same_gt,NMS15,11,11,450.0,253.0,91.0,90.0,2160,246,1914,0.11388888888888889,0.984
nms,NMS,0598_0792616571_01_WRI-L1_F008.png,FP,0.0008208961707452183,0.0,,no_gt_match_or_lower_confidence_on_same_gt,NMS6,6,6,266.0,282.0,91.0,90.0,2161,246,1915,0.11383618695048589,0.984
nms,NMS,1391_1164684862_01_WRI-L2_F012.PNG,FP,0.000780742889332933,0.0,,no_gt_match_or_lower_confidence_on_same_gt,NMS5,5,5,152.0,141.0,91.0,90.0,2162,246,1916,0.11378353376503238,0.984
nms,NMS,4936_0635336029_01_WRI-L1_F012.PNG,FP,0.0007698110714483203,0.0,,no_gt_match_or_lower_confidence_on_same_gt,NMS10,1,1,257.0,295.0,142.0,100.0,2163,246,1917,0.11373092926490985,0.984
nms,NMS,4562_0499940005_02_WRI-R2_M003.PNG,FP,0.0007603119769187539,0.0,,no_gt_match_or_lower_confidence_on_same_gt,NMS4,3,3,311.0,526.0,51.0,90.0,2164,246,1918,0.11367837338262476,0.984
nms,NMS,5456_0603427972_01_WRI-L1_M011.png,FP,0.0007340788988910171,0.0,,no_gt_match_or_lower_confidence_on_same_gt,NMS16,2,2,350.0,477.0,151.0,106.0,2165,246,1919,0.11362586605080831,0.984
nms,NMS,4810_0683178845_02_WRI-L1_M011.PNG,FP,0.0007310888265240065,0.0,,no_gt_match_or_lower_confidence_on_same_gt,NMS20,6,6,352.0,605.0,97.0,90.0,2166,246,1920,0.11357340720221606,0.984
nms,NMS,0074_0778270509_01_WRI-L2_F010.PNG,FP,0.0007305100519292013,0.08468967823005467,0,no_gt_match_or_lower_confidence_on_same_gt,NMS7,1,1,122.0,295.0,115.0,90.0,2167,246,1921,0.11352099676972774,0.984
nms,NMS,5818_0746899911_02_WRI-L2_M014.PNG,FP,0.0007040043418418443,0.0,,no_gt_match_or_lower_confidence_on_same_gt,NMS15,1,1,24.0,585.0,40.0,90.0,2168,246,1922,0.11346863468634687,0.984
nms,NMS,5337_0874269007_02_WRI-R2_F012.PNG,FP,0.0006994053508059269,0.0,,no_gt_match_or_lower_confidence_on_same_gt,NMS13,1,1,192.0,896.0,156.0,110.0,2169,246,1923,0.11341632088520055,0.984
nms,NMS,0473_1196675800_01_WRI-R1_M013.PNG,FP,0.0006930341939024734,0.16692743895549944,0,no_gt_match_or_lower_confidence_on_same_gt,NMS11,8,8,281.0,435.0,91.0,90.0,2170,246,1924,0.11336405529953918,0.984
nms,NMS,0611_0470785500_02_WRI-L2_F014.png,FP,0.000692470544344843,0.0,,no_gt_match_or_lower_confidence_on_same_gt,NMS13,10,10,302.0,311.0,91.0,90.0,2171,246,1925,0.11331183786273606,0.984
nms,NMS,4891_0935989047_01_WRI-R1_M011.png,FP,0.0006754678814765681,0.02564079964951053,0,no_gt_match_or_lower_confidence_on_same_gt,NMS10,10,10,269.0,359.0,91.0,90.0,2172,246,1926,0.1132596685082873,0.984
nms,NMS,0243_0176233486_01_WRI-L2_M012.png,FP,0.000662831290933207,0.0,,no_gt_match_or_lower_confidence_on_same_gt,NMS19,7,7,129.0,685.0,53.0,90.0,2173,246,1927,0.11320754716981132,0.984
nms,NMS,0482_0829961405_03_WRI-R2_M012.png,FP,0.000631046469223076,0.0,,no_gt_match_or_lower_confidence_on_same_gt,NMS9,1,1,237.0,327.0,152.0,106.0,2174,246,1928,0.11315547378104876,0.984
nms,NMS,5357_0717952874_05_WRI-R2_M013.PNG,FP,0.000621038113447212,0.0,,no_gt_match_or_lower_confidence_on_same_gt,NMS24,1,1,50.0,619.0,151.0,106.0,2175,246,1929,0.11310344827586206,0.984
nms,NMS,0473_1196675800_01_WRI-R1_M013.PNG,FP,0.0006189769635277545,0.0,,no_gt_match_or_lower_confidence_on_same_gt,NMS12,6,6,416.0,684.0,62.0,90.0,2176,246,1930,0.1130514705882353,0.984
nms,NMS,5983_1184814916_01_WRI-L2_M011.png,FP,0.0006104650318685403,0.0,,no_gt_match_or_lower_confidence_on_same_gt,NMS7,1,1,159.0,385.0,102.0,90.0,2177,246,1931,0.11299954065227377,0.984
nms,NMS,0979_0438007900_01_WRI-L2_M013.PNG,FP,0.000608276164910448,0.0,,no_gt_match_or_lower_confidence_on_same_gt,NMS8,6,6,260.0,290.0,91.0,90.0,2178,246,1932,0.11294765840220386,0.984
nms,NMS,1536_1072748039_01_WRI-L2_M010.png,FP,0.0006078305603359238,0.0,,no_gt_match_or_lower_confidence_on_same_gt,NMS9,8,8,205.0,235.0,91.0,90.0,2179,246,1933,0.11289582377237264,0.984
nms,NMS,5289_0680957054_03_WRI-L2_M009.PNG,FP,0.0005915312734456903,0.0,,no_gt_match_or_lower_confidence_on_same_gt,NMS11,7,7,257.0,270.0,124.0,90.0,2180,246,1934,0.11284403669724771,0.984
nms,NMS,0809_0409215096_03_WRI-L2_F007.png,FP,0.0005908496709190988,0.0,,no_gt_match_or_lower_confidence_on_same_gt,NMS6,5,5,164.0,275.0,91.0,90.0,2181,246,1935,0.11279229711141678,0.984
nms,NMS,0589_0821736373_04_WRI-L1_M017.PNG,FP,0.0005697267557234506,0.0,,no_gt_match_or_lower_confidence_on_same_gt,NMS35,26,26,354.0,566.0,91.0,90.0,2182,246,1936,0.11274060494958753,0.984
nms,NMS,0892_1273117426_01_WRI-R2_F010.png,FP,0.0005358464553106728,0.0,,no_gt_match_or_lower_confidence_on_same_gt,NMS8,2,2,303.0,317.0,142.0,100.0,2183,246,1937,0.11268896014658726,0.984
nms,NMS,5382_1158198931_01_WRI-R1_M012.png,FP,0.0004571817587910242,0.0,,no_gt_match_or_lower_confidence_on_same_gt,NMS13,3,3,290.0,437.0,181.0,126.0,2184,246,1938,0.11263736263736264,0.984
nms,NMS,1009_1049120355_10_WRI-R2_M013.png,FP,0.0004548340764264527,0.0,,no_gt_match_or_lower_confidence_on_same_gt,NMS9,7,7,234.0,294.0,91.0,90.0,2185,246,1939,0.11258581235697941,0.984
nms,NMS,5456_0603428013_02_WRI-L2_M011.PNG,FP,0.00042806503894182274,0.089381084629251,0,no_gt_match_or_lower_confidence_on_same_gt,NMS9,9,9,208.0,527.0,91.0,90.0,2186,246,1940,0.11253430924062215,0.984
nms,NMS,4526_0791926653_02_WRI-L1_F012.PNG,FP,0.00042782987476875137,0.0,,no_gt_match_or_lower_confidence_on_same_gt,NMS20,5,5,293.0,813.0,135.0,94.0,2187,246,1941,0.11248285322359397,0.984
nms,NMS,0005_0073601967_01_WRI-R2_F014.png,FP,0.00040992155814272154,0.10113998178493934,0,no_gt_match_or_lower_confidence_on_same_gt,NMS5,1,"1,7",315.0,435.0,97.0,90.0,2188,246,1942,0.11243144424131626,0.984
nms,NMS,0241_0751818378_01_WRI-L2_M014.PNG,FP,0.00038920785916487887,0.11203715440863678,0,no_gt_match_or_lower_confidence_on_same_gt,NMS8,2,2,60.0,237.0,181.0,126.0,2189,246,1943,0.11238008222932847,0.984
nms,NMS,0817_0782054506_01_WRI-R2_F006.png,FP,0.00035262220684623374,0.0,,no_gt_match_or_lower_confidence_on_same_gt,NMS8,4,4,280.0,1055.0,92.0,90.0,2190,246,1944,0.11232876712328767,0.984
nms,NMS,0473_1196675800_01_WRI-R1_M013.PNG,FP,0.00032374879097083067,0.0,,no_gt_match_or_lower_confidence_on_same_gt,NMS13,2,2,235.0,362.0,164.0,114.0,2191,246,1945,0.11227749885896851,0.984
nms,NMS,1563_0496123113_02_WRI-L1_M011.png,FP,0.0003158650949383797,0.0,,no_gt_match_or_lower_confidence_on_same_gt,NMS14,4,4,138.0,630.0,130.0,180.0,2192,246,1946,0.11222627737226278,0.984
nms,NMS,5533_1116362310_04_WRI-R2_F010.png,FP,0.00020679710031308975,0.0,,no_gt_match_or_lower_confidence_on_same_gt,NMS14,11,11,196.0,669.0,64.0,90.0,2193,246,1947,0.1121751025991792,0.984
nms,NMS,5843_0796713227_01_WRI-L2_F012.png,FP,0.00019191356271226962,0.0,,no_gt_match_or_lower_confidence_on_same_gt,NMS10,8,8,286.0,425.0,91.0,90.0,2194,246,1948,0.11212397447584321,0.984
nms,NMS,1143_0707678749_04_WRI-R1_M014.png,FP,0.00010258253275218033,0.0,,no_gt_match_or_lower_confidence_on_same_gt,NMS5,4,4,188.0,174.0,91.0,90.0,2195,246,1949,0.11207289293849658,0.984
nms,NMS,5084_0371666121_01_WRI-L2_M014.PNG,FP,9.269515172292866e-05,0.21490442996875986,0,no_gt_match_or_lower_confidence_on_same_gt,NMS10,9,9,230.0,396.0,91.0,90.0,2196,246,1950,0.11202185792349727,0.984
nms,NMS,1563_0496123113_02_WRI-L1_M011.png,FP,7.07319255320958e-05,0.0,,no_gt_match_or_lower_confidence_on_same_gt,NMS15,8,8,111.0,760.0,137.0,180.0,2197,246,1951,0.11197086936731906,0.984
